t=2026-06-16T14:08:28+0100 lvl=info msg="no configuration paths supplied"
t=2026-06-16T14:08:28+0100 lvl=info msg="using configuration at default config path" path="/Users/ayoub_designs/Library/Application Support/ngrok/ngrok.yml"
t=2026-06-16T14:08:28+0100 lvl=info msg="open config file" path="/Users/ayoub_designs/Library/Application Support/ngrok/ngrok.yml" err=nil
t=2026-06-16T14:08:28+0100 lvl=info msg="FIPS 140 mode" enabled=false
t=2026-06-16T14:08:28+0100 lvl=info msg="starting web service" obj=web addr=127.0.0.1:4040 allow_hosts=[]
t=2026-06-16T14:08:31+0100 lvl=info msg="client session established" obj=tunnels.session
t=2026-06-16T14:08:31+0100 lvl=info msg="tunnel session started" obj=tunnels.session
t=2026-06-16T14:08:32+0100 lvl=info msg="update available" obj=updater
t=2026-06-16T14:08:32+0100 lvl=info msg="started tunnel" obj=tunnels name=command_line addr=http://localhost:3001 url=https://gerry-unflavored-verdie.ngrok-free.dev
t=2026-06-16T14:10:26+0100 lvl=info msg=start pg=/api/tunnels id=2b004dda75071a00
t=2026-06-16T14:10:26+0100 lvl=info msg=end pg=/api/tunnels id=2b004dda75071a00 status=200 dur=1.099084ms
t=2026-06-16T14:14:43+0100 lvl=info msg="join connections" obj=join id=be40b814979e l=[::1]:3001 r=105.96.54.170:41809
t=2026-06-16T14:14:44+0100 lvl=info msg="join connections" obj=join id=f75d229a71b9 l=[::1]:3001 r=105.96.54.170:41809
t=2026-06-16T14:14:44+0100 lvl=info msg="join connections" obj=join id=2d9861affbc7 l=[::1]:3001 r=105.96.54.170:41809
t=2026-06-16T14:14:44+0100 lvl=info msg="join connections" obj=join id=1759f0f8356a l=[::1]:3001 r=105.96.54.170:41809
t=2026-06-16T14:14:44+0100 lvl=info msg="join connections" obj=join id=92e8788d54c6 l=[::1]:3001 r=105.96.54.170:41809
t=2026-06-16T14:14:44+0100 lvl=info msg="join connections" obj=join id=54dc18e690b2 l=[::1]:3001 r=105.96.54.170:41809
t=2026-06-16T14:14:44+0100 lvl=info msg="join connections" obj=join id=1b249712201e l=[::1]:3001 r=105.96.54.170:41809
t=2026-06-16T14:14:44+0100 lvl=info msg="join connections" obj=join id=53056a59d863 l=[::1]:3001 r=105.96.54.170:41809
t=2026-06-16T14:14:44+0100 lvl=info msg="join connections" obj=join id=11bcfd816c3a l=[::1]:3001 r=105.96.54.170:41809
t=2026-06-16T14:14:44+0100 lvl=info msg="join connections" obj=join id=c21dfc32ecff l=[::1]:3001 r=105.96.54.170:41809
t=2026-06-16T14:15:12+0100 lvl=info msg="join connections" obj=join id=4c1280711d0a l=[::1]:3001 r=105.96.54.170:49001
t=2026-06-16T16:37:57+0100 lvl=eror msg="heartbeat timeout, terminating session" obj=tunnels.session obj=csess id=f665ecaf3ba0 clientid=f7fbaa4785bf30af9af54496a18fd84a
t=2026-06-16T16:37:57+0100 lvl=eror msg="session closed, starting reconnect loop" obj=tunnels.session obj=csess id=e956ee608946 err="session closed"
t=2026-06-16T16:37:57+0100 lvl=eror msg="failed to reconnect session" obj=tunnels.session err="failed to dial ngrok server with address \"connect.ngrok-agent.com:443\": dial tcp: lookup connect.ngrok-agent.com: no such host"
t=2026-06-16T16:37:57+0100 lvl=eror msg="failed to reconnect session" obj=tunnels.session err="failed to dial ngrok server with address \"connect.ngrok-agent.com:443\": dial tcp: lookup connect.ngrok-agent.com: no such host"
t=2026-06-16T16:37:58+0100 lvl=eror msg="failed to reconnect session" obj=tunnels.session err="failed to dial ngrok server with address \"connect.ngrok-agent.com:443\": dial tcp: lookup connect.ngrok-agent.com: no such host"
t=2026-06-16T16:38:00+0100 lvl=eror msg="failed to reconnect session" obj=tunnels.session err="failed to dial ngrok server with address \"connect.ngrok-agent.com:443\": dial tcp: lookup connect.ngrok-agent.com: no such host"
t=2026-06-16T16:38:04+0100 lvl=eror msg="failed to reconnect session" obj=tunnels.session err="failed to dial ngrok server with address \"connect.ngrok-agent.com:443\": dial tcp: lookup connect.ngrok-agent.com: no such host"
t=2026-06-16T16:38:14+0100 lvl=info msg="client session established" obj=tunnels.session
t=2026-06-16T16:38:14+0100 lvl=info msg="tunnel session started" obj=tunnels.session
t=2026-06-16T19:59:20+0100 lvl=eror msg="heartbeat timeout, terminating session" obj=tunnels.session obj=csess id=fd9326377bab clientid=f7fbaa4785bf30af9af54496a18fd84a
t=2026-06-16T19:59:20+0100 lvl=eror msg="session closed, starting reconnect loop" obj=tunnels.session obj=csess id=e956ee608946 err="session closed"
t=2026-06-16T19:59:20+0100 lvl=eror msg="failed to reconnect session" obj=tunnels.session err="failed to dial ngrok server with address \"connect.ngrok-agent.com:443\": dial tcp: lookup connect.ngrok-agent.com: no such host"
t=2026-06-16T19:59:20+0100 lvl=eror msg="failed to reconnect session" obj=tunnels.session err="failed to dial ngrok server with address \"connect.ngrok-agent.com:443\": dial tcp: lookup connect.ngrok-agent.com: no such host"
t=2026-06-16T19:59:21+0100 lvl=eror msg="failed to reconnect session" obj=tunnels.session err="failed to dial ngrok server with address \"connect.ngrok-agent.com:443\": dial tcp: lookup connect.ngrok-agent.com: no such host"
t=2026-06-16T19:59:23+0100 lvl=eror msg="failed to reconnect session" obj=tunnels.session err="failed to dial ngrok server with address \"connect.ngrok-agent.com:443\": dial tcp: lookup connect.ngrok-agent.com: no such host"
t=2026-06-16T19:59:27+0100 lvl=eror msg="failed to reconnect session" obj=tunnels.session err="failed to dial ngrok server with address \"connect.ngrok-agent.com:443\": dial tcp: lookup connect.ngrok-agent.com: no such host"
t=2026-06-16T19:59:36+0100 lvl=info msg="client session established" obj=tunnels.session
t=2026-06-16T19:59:36+0100 lvl=info msg="tunnel session started" obj=tunnels.session
t=2026-06-16T20:08:33+0100 lvl=info msg="update available" obj=updater
t=2026-06-16T22:38:41+0100 lvl=info msg="join connections" obj=join id=691e6e847a76 l=[::1]:3001 r=[2a01:e0a:2df:12f0:19b8:cd58:825e:c102]:64142
t=2026-06-16T22:38:41+0100 lvl=info msg="join connections" obj=join id=a06a9560831d l=[::1]:3001 r=[2a01:e0a:2df:12f0:19b8:cd58:825e:c102]:64142
t=2026-06-16T22:38:41+0100 lvl=info msg="join connections" obj=join id=fdcf90b2f642 l=[::1]:3001 r=[2a01:e0a:2df:12f0:19b8:cd58:825e:c102]:64142
t=2026-06-17T02:08:34+0100 lvl=info msg="update available" obj=updater
t=2026-06-17T04:04:20+0100 lvl=eror msg="heartbeat timeout, terminating session" obj=tunnels.session obj=csess id=55add56dfb2f clientid=f7fbaa4785bf30af9af54496a18fd84a
t=2026-06-17T04:04:20+0100 lvl=eror msg="session closed, starting reconnect loop" obj=tunnels.session obj=csess id=e956ee608946 err="session closed"
t=2026-06-17T04:04:20+0100 lvl=eror msg="failed to reconnect session" obj=tunnels.session err="failed to dial ngrok server with address \"connect.ngrok-agent.com:443\": dial tcp: lookup connect.ngrok-agent.com: no such host"
t=2026-06-17T04:04:20+0100 lvl=eror msg="failed to reconnect session" obj=tunnels.session err="failed to dial ngrok server with address \"connect.ngrok-agent.com:443\": dial tcp: lookup connect.ngrok-agent.com: no such host"
t=2026-06-17T04:04:21+0100 lvl=eror msg="failed to reconnect session" obj=tunnels.session err="failed to dial ngrok server with address \"connect.ngrok-agent.com:443\": dial tcp: lookup connect.ngrok-agent.com: no such host"
t=2026-06-17T04:04:23+0100 lvl=eror msg="failed to reconnect session" obj=tunnels.session err="failed to dial ngrok server with address \"connect.ngrok-agent.com:443\": dial tcp: lookup connect.ngrok-agent.com: no such host"
t=2026-06-17T04:20:50+0100 lvl=eror msg="failed to reconnect session" obj=tunnels.session err="failed to dial ngrok server with address \"connect.ngrok-agent.com:443\": dial tcp: lookup connect.ngrok-agent.com: no such host"
t=2026-06-17T04:20:58+0100 lvl=eror msg="failed to reconnect session" obj=tunnels.session err="failed to dial ngrok server with address \"connect.ngrok-agent.com:443\": dial tcp: lookup connect.ngrok-agent.com: no such host"
t=2026-06-17T04:21:14+0100 lvl=eror msg="failed to reconnect session" obj=tunnels.session err="failed to dial ngrok server with address \"connect.ngrok-agent.com:443\": dial tcp: lookup connect.ngrok-agent.com: no such host"
t=2026-06-17T04:44:00+0100 lvl=eror msg="failed to reconnect session" obj=tunnels.session err="failed to dial ngrok server with address \"connect.ngrok-agent.com:443\": dial tcp: lookup connect.ngrok-agent.com: no such host"
t=2026-06-17T04:44:30+0100 lvl=eror msg="failed to reconnect session" obj=tunnels.session err="failed to dial ngrok server with address \"connect.ngrok-agent.com:443\": dial tcp: lookup connect.ngrok-agent.com: no such host"
t=2026-06-17T04:45:00+0100 lvl=eror msg="failed to reconnect session" obj=tunnels.session err="failed to dial ngrok server with address \"connect.ngrok-agent.com:443\": dial tcp: lookup connect.ngrok-agent.com: no such host"
t=2026-06-17T04:45:30+0100 lvl=eror msg="failed to reconnect session" obj=tunnels.session err="failed to dial ngrok server with address \"connect.ngrok-agent.com:443\": dial tcp: lookup connect.ngrok-agent.com: no such host"
t=2026-06-17T04:46:00+0100 lvl=eror msg="failed to reconnect session" obj=tunnels.session err="failed to dial ngrok server with address \"connect.ngrok-agent.com:443\": dial tcp: lookup connect.ngrok-agent.com: no such host"
t=2026-06-17T04:46:30+0100 lvl=eror msg="failed to reconnect session" obj=tunnels.session err="failed to dial ngrok server with address \"connect.ngrok-agent.com:443\": dial tcp: lookup connect.ngrok-agent.com: no such host"
t=2026-06-17T04:47:00+0100 lvl=eror msg="failed to reconnect session" obj=tunnels.session err="failed to dial ngrok server with address \"connect.ngrok-agent.com:443\": dial tcp: lookup connect.ngrok-agent.com: no such host"
t=2026-06-17T04:47:30+0100 lvl=eror msg="failed to reconnect session" obj=tunnels.session err="failed to dial ngrok server with address \"connect.ngrok-agent.com:443\": dial tcp: lookup connect.ngrok-agent.com: no such host"
t=2026-06-17T04:48:00+0100 lvl=eror msg="failed to reconnect session" obj=tunnels.session err="failed to dial ngrok server with address \"connect.ngrok-agent.com:443\": dial tcp: lookup connect.ngrok-agent.com: no such host"
t=2026-06-17T04:48:30+0100 lvl=eror msg="failed to reconnect session" obj=tunnels.session err="failed to dial ngrok server with address \"connect.ngrok-agent.com:443\": dial tcp: lookup connect.ngrok-agent.com: no such host"
t=2026-06-17T04:49:00+0100 lvl=eror msg="failed to reconnect session" obj=tunnels.session err="failed to dial ngrok server with address \"connect.ngrok-agent.com:443\": dial tcp: lookup connect.ngrok-agent.com: no such host"
t=2026-06-17T04:49:30+0100 lvl=eror msg="failed to reconnect session" obj=tunnels.session err="failed to dial ngrok server with address \"connect.ngrok-agent.com:443\": dial tcp: lookup connect.ngrok-agent.com: no such host"
t=2026-06-17T04:50:00+0100 lvl=eror msg="failed to reconnect session" obj=tunnels.session err="failed to dial ngrok server with address \"connect.ngrok-agent.com:443\": dial tcp: lookup connect.ngrok-agent.com: no such host"
t=2026-06-17T04:50:30+0100 lvl=eror msg="failed to reconnect session" obj=tunnels.session err="failed to dial ngrok server with address \"connect.ngrok-agent.com:443\": dial tcp: lookup connect.ngrok-agent.com: no such host"
t=2026-06-17T04:51:00+0100 lvl=eror msg="failed to reconnect session" obj=tunnels.session err="failed to dial ngrok server with address \"connect.ngrok-agent.com:443\": dial tcp: lookup connect.ngrok-agent.com: no such host"
t=2026-06-17T04:51:30+0100 lvl=eror msg="failed to reconnect session" obj=tunnels.session err="failed to dial ngrok server with address \"connect.ngrok-agent.com:443\": dial tcp: lookup connect.ngrok-agent.com: no such host"
t=2026-06-17T04:52:00+0100 lvl=eror msg="failed to reconnect session" obj=tunnels.session err="failed to dial ngrok server with address \"connect.ngrok-agent.com:443\": dial tcp: lookup connect.ngrok-agent.com: no such host"
t=2026-06-17T04:52:30+0100 lvl=eror msg="failed to reconnect session" obj=tunnels.session err="failed to dial ngrok server with address \"connect.ngrok-agent.com:443\": dial tcp: lookup connect.ngrok-agent.com: no such host"
t=2026-06-17T04:53:00+0100 lvl=eror msg="failed to reconnect session" obj=tunnels.session err="failed to dial ngrok server with address \"connect.ngrok-agent.com:443\": dial tcp: lookup connect.ngrok-agent.com: no such host"
t=2026-06-17T04:53:30+0100 lvl=eror msg="failed to reconnect session" obj=tunnels.session err="failed to dial ngrok server with address \"connect.ngrok-agent.com:443\": dial tcp: lookup connect.ngrok-agent.com: no such host"
t=2026-06-17T04:54:00+0100 lvl=eror msg="failed to reconnect session" obj=tunnels.session err="failed to dial ngrok server with address \"connect.ngrok-agent.com:443\": dial tcp: lookup connect.ngrok-agent.com: no such host"
t=2026-06-17T04:54:30+0100 lvl=eror msg="failed to reconnect session" obj=tunnels.session err="failed to dial ngrok server with address \"connect.ngrok-agent.com:443\": dial tcp: lookup connect.ngrok-agent.com: no such host"
t=2026-06-17T04:55:00+0100 lvl=eror msg="failed to reconnect session" obj=tunnels.session err="failed to dial ngrok server with address \"connect.ngrok-agent.com:443\": dial tcp: lookup connect.ngrok-agent.com: no such host"
t=2026-06-17T04:55:30+0100 lvl=eror msg="failed to reconnect session" obj=tunnels.session err="failed to dial ngrok server with address \"connect.ngrok-agent.com:443\": dial tcp: lookup connect.ngrok-agent.com: no such host"
t=2026-06-17T04:56:00+0100 lvl=eror msg="failed to reconnect session" obj=tunnels.session err="failed to dial ngrok server with address \"connect.ngrok-agent.com:443\": dial tcp: lookup connect.ngrok-agent.com: no such host"
t=2026-06-17T04:56:30+0100 lvl=eror msg="failed to reconnect session" obj=tunnels.session err="failed to dial ngrok server with address \"connect.ngrok-agent.com:443\": dial tcp: lookup connect.ngrok-agent.com: no such host"
t=2026-06-17T04:57:00+0100 lvl=eror msg="failed to reconnect session" obj=tunnels.session err="failed to dial ngrok server with address \"connect.ngrok-agent.com:443\": dial tcp: lookup connect.ngrok-agent.com: no such host"
t=2026-06-17T04:57:30+0100 lvl=eror msg="failed to reconnect session" obj=tunnels.session err="failed to dial ngrok server with address \"connect.ngrok-agent.com:443\": dial tcp: lookup connect.ngrok-agent.com: no such host"
t=2026-06-17T04:58:00+0100 lvl=eror msg="failed to reconnect session" obj=tunnels.session err="failed to dial ngrok server with address \"connect.ngrok-agent.com:443\": dial tcp: lookup connect.ngrok-agent.com: no such host"
t=2026-06-17T04:58:30+0100 lvl=eror msg="failed to reconnect session" obj=tunnels.session err="failed to dial ngrok server with address \"connect.ngrok-agent.com:443\": dial tcp: lookup connect.ngrok-agent.com: no such host"
t=2026-06-17T04:59:00+0100 lvl=eror msg="failed to reconnect session" obj=tunnels.session err="failed to dial ngrok server with address \"connect.ngrok-agent.com:443\": dial tcp: lookup connect.ngrok-agent.com: no such host"
t=2026-06-17T04:59:30+0100 lvl=eror msg="failed to reconnect session" obj=tunnels.session err="failed to dial ngrok server with address \"connect.ngrok-agent.com:443\": dial tcp: lookup connect.ngrok-agent.com: no such host"
t=2026-06-17T05:00:00+0100 lvl=eror msg="failed to reconnect session" obj=tunnels.session err="failed to dial ngrok server with address \"connect.ngrok-agent.com:443\": dial tcp: lookup connect.ngrok-agent.com: no such host"
t=2026-06-17T05:00:30+0100 lvl=eror msg="failed to reconnect session" obj=tunnels.session err="failed to dial ngrok server with address \"connect.ngrok-agent.com:443\": dial tcp: lookup connect.ngrok-agent.com: no such host"
t=2026-06-17T05:01:00+0100 lvl=eror msg="failed to reconnect session" obj=tunnels.session err="failed to dial ngrok server with address \"connect.ngrok-agent.com:443\": dial tcp: lookup connect.ngrok-agent.com: no such host"
t=2026-06-17T05:01:30+0100 lvl=eror msg="failed to reconnect session" obj=tunnels.session err="failed to dial ngrok server with address \"connect.ngrok-agent.com:443\": dial tcp: lookup connect.ngrok-agent.com: no such host"
t=2026-06-17T05:02:00+0100 lvl=eror msg="failed to reconnect session" obj=tunnels.session err="failed to dial ngrok server with address \"connect.ngrok-agent.com:443\": dial tcp: lookup connect.ngrok-agent.com: no such host"
t=2026-06-17T05:02:30+0100 lvl=eror msg="failed to reconnect session" obj=tunnels.session err="failed to dial ngrok server with address \"connect.ngrok-agent.com:443\": dial tcp: lookup connect.ngrok-agent.com: no such host"
t=2026-06-17T05:03:00+0100 lvl=eror msg="failed to reconnect session" obj=tunnels.session err="failed to dial ngrok server with address \"connect.ngrok-agent.com:443\": dial tcp: lookup connect.ngrok-agent.com: no such host"
t=2026-06-17T05:03:30+0100 lvl=eror msg="failed to reconnect session" obj=tunnels.session err="failed to dial ngrok server with address \"connect.ngrok-agent.com:443\": dial tcp: lookup connect.ngrok-agent.com: no such host"
t=2026-06-17T05:04:00+0100 lvl=eror msg="failed to reconnect session" obj=tunnels.session err="failed to dial ngrok server with address \"connect.ngrok-agent.com:443\": dial tcp: lookup connect.ngrok-agent.com: no such host"
t=2026-06-17T05:04:30+0100 lvl=eror msg="failed to reconnect session" obj=tunnels.session err="failed to dial ngrok server with address \"connect.ngrok-agent.com:443\": dial tcp: lookup connect.ngrok-agent.com: no such host"
t=2026-06-17T05:05:00+0100 lvl=eror msg="failed to reconnect session" obj=tunnels.session err="failed to dial ngrok server with address \"connect.ngrok-agent.com:443\": dial tcp: lookup connect.ngrok-agent.com: no such host"
t=2026-06-17T05:05:30+0100 lvl=eror msg="failed to reconnect session" obj=tunnels.session err="failed to dial ngrok server with address \"connect.ngrok-agent.com:443\": dial tcp: lookup connect.ngrok-agent.com: no such host"
t=2026-06-17T05:06:00+0100 lvl=eror msg="failed to reconnect session" obj=tunnels.session err="failed to dial ngrok server with address \"connect.ngrok-agent.com:443\": dial tcp: lookup connect.ngrok-agent.com: no such host"
t=2026-06-17T05:06:30+0100 lvl=eror msg="failed to reconnect session" obj=tunnels.session err="failed to dial ngrok server with address \"connect.ngrok-agent.com:443\": dial tcp: lookup connect.ngrok-agent.com: no such host"
t=2026-06-17T05:07:00+0100 lvl=eror msg="failed to reconnect session" obj=tunnels.session err="failed to dial ngrok server with address \"connect.ngrok-agent.com:443\": dial tcp: lookup connect.ngrok-agent.com: no such host"
t=2026-06-17T05:07:30+0100 lvl=eror msg="failed to reconnect session" obj=tunnels.session err="failed to dial ngrok server with address \"connect.ngrok-agent.com:443\": dial tcp: lookup connect.ngrok-agent.com: no such host"
t=2026-06-17T05:08:00+0100 lvl=eror msg="failed to reconnect session" obj=tunnels.session err="failed to dial ngrok server with address \"connect.ngrok-agent.com:443\": dial tcp: lookup connect.ngrok-agent.com: no such host"
t=2026-06-17T05:08:30+0100 lvl=eror msg="failed to reconnect session" obj=tunnels.session err="failed to dial ngrok server with address \"connect.ngrok-agent.com:443\": dial tcp: lookup connect.ngrok-agent.com: no such host"
t=2026-06-17T05:09:00+0100 lvl=eror msg="failed to reconnect session" obj=tunnels.session err="failed to dial ngrok server with address \"connect.ngrok-agent.com:443\": dial tcp: lookup connect.ngrok-agent.com: no such host"
t=2026-06-17T05:09:30+0100 lvl=eror msg="failed to reconnect session" obj=tunnels.session err="failed to dial ngrok server with address \"connect.ngrok-agent.com:443\": dial tcp: lookup connect.ngrok-agent.com: no such host"
t=2026-06-17T05:10:00+0100 lvl=eror msg="failed to reconnect session" obj=tunnels.session err="failed to dial ngrok server with address \"connect.ngrok-agent.com:443\": dial tcp: lookup connect.ngrok-agent.com: no such host"
t=2026-06-17T05:10:30+0100 lvl=eror msg="failed to reconnect session" obj=tunnels.session err="failed to dial ngrok server with address \"connect.ngrok-agent.com:443\": dial tcp: lookup connect.ngrok-agent.com: no such host"
t=2026-06-17T05:11:00+0100 lvl=eror msg="failed to reconnect session" obj=tunnels.session err="failed to dial ngrok server with address \"connect.ngrok-agent.com:443\": dial tcp: lookup connect.ngrok-agent.com: no such host"
t=2026-06-17T05:11:30+0100 lvl=eror msg="failed to reconnect session" obj=tunnels.session err="failed to dial ngrok server with address \"connect.ngrok-agent.com:443\": dial tcp: lookup connect.ngrok-agent.com: no such host"
t=2026-06-17T05:12:00+0100 lvl=eror msg="failed to reconnect session" obj=tunnels.session err="failed to dial ngrok server with address \"connect.ngrok-agent.com:443\": dial tcp: lookup connect.ngrok-agent.com: no such host"
t=2026-06-17T05:12:30+0100 lvl=eror msg="failed to reconnect session" obj=tunnels.session err="failed to dial ngrok server with address \"connect.ngrok-agent.com:443\": dial tcp: lookup connect.ngrok-agent.com: no such host"
t=2026-06-17T05:13:00+0100 lvl=eror msg="failed to reconnect session" obj=tunnels.session err="failed to dial ngrok server with address \"connect.ngrok-agent.com:443\": dial tcp: lookup connect.ngrok-agent.com: no such host"
t=2026-06-17T05:13:30+0100 lvl=eror msg="failed to reconnect session" obj=tunnels.session err="failed to dial ngrok server with address \"connect.ngrok-agent.com:443\": dial tcp: lookup connect.ngrok-agent.com: no such host"
t=2026-06-17T05:14:00+0100 lvl=eror msg="failed to reconnect session" obj=tunnels.session err="failed to dial ngrok server with address \"connect.ngrok-agent.com:443\": dial tcp: lookup connect.ngrok-agent.com: no such host"
t=2026-06-17T05:14:30+0100 lvl=eror msg="failed to reconnect session" obj=tunnels.session err="failed to dial ngrok server with address \"connect.ngrok-agent.com:443\": dial tcp: lookup connect.ngrok-agent.com: no such host"
t=2026-06-17T05:15:00+0100 lvl=eror msg="failed to reconnect session" obj=tunnels.session err="failed to dial ngrok server with address \"connect.ngrok-agent.com:443\": dial tcp: lookup connect.ngrok-agent.com: no such host"
t=2026-06-17T05:15:30+0100 lvl=eror msg="failed to reconnect session" obj=tunnels.session err="failed to dial ngrok server with address \"connect.ngrok-agent.com:443\": dial tcp: lookup connect.ngrok-agent.com: no such host"
t=2026-06-17T05:16:00+0100 lvl=eror msg="failed to reconnect session" obj=tunnels.session err="failed to dial ngrok server with address \"connect.ngrok-agent.com:443\": dial tcp: lookup connect.ngrok-agent.com: no such host"
t=2026-06-17T05:16:30+0100 lvl=eror msg="failed to reconnect session" obj=tunnels.session err="failed to dial ngrok server with address \"connect.ngrok-agent.com:443\": dial tcp: lookup connect.ngrok-agent.com: no such host"
t=2026-06-17T05:17:00+0100 lvl=eror msg="failed to reconnect session" obj=tunnels.session err="failed to dial ngrok server with address \"connect.ngrok-agent.com:443\": dial tcp: lookup connect.ngrok-agent.com: no such host"
t=2026-06-17T05:17:30+0100 lvl=eror msg="failed to reconnect session" obj=tunnels.session err="failed to dial ngrok server with address \"connect.ngrok-agent.com:443\": dial tcp: lookup connect.ngrok-agent.com: no such host"
t=2026-06-17T05:18:00+0100 lvl=eror msg="failed to reconnect session" obj=tunnels.session err="failed to dial ngrok server with address \"connect.ngrok-agent.com:443\": dial tcp: lookup connect.ngrok-agent.com: no such host"
t=2026-06-17T05:18:30+0100 lvl=eror msg="failed to reconnect session" obj=tunnels.session err="failed to dial ngrok server with address \"connect.ngrok-agent.com:443\": dial tcp: lookup connect.ngrok-agent.com: no such host"
t=2026-06-17T05:19:00+0100 lvl=eror msg="failed to reconnect session" obj=tunnels.session err="failed to dial ngrok server with address \"connect.ngrok-agent.com:443\": dial tcp: lookup connect.ngrok-agent.com: no such host"
t=2026-06-17T05:19:30+0100 lvl=eror msg="failed to reconnect session" obj=tunnels.session err="failed to dial ngrok server with address \"connect.ngrok-agent.com:443\": dial tcp: lookup connect.ngrok-agent.com: no such host"
t=2026-06-17T05:20:00+0100 lvl=eror msg="failed to reconnect session" obj=tunnels.session err="failed to dial ngrok server with address \"connect.ngrok-agent.com:443\": dial tcp: lookup connect.ngrok-agent.com: no such host"
t=2026-06-17T05:20:30+0100 lvl=eror msg="failed to reconnect session" obj=tunnels.session err="failed to dial ngrok server with address \"connect.ngrok-agent.com:443\": dial tcp: lookup connect.ngrok-agent.com: no such host"
t=2026-06-17T05:21:00+0100 lvl=eror msg="failed to reconnect session" obj=tunnels.session err="failed to dial ngrok server with address \"connect.ngrok-agent.com:443\": dial tcp: lookup connect.ngrok-agent.com: no such host"
t=2026-06-17T05:21:30+0100 lvl=eror msg="failed to reconnect session" obj=tunnels.session err="failed to dial ngrok server with address \"connect.ngrok-agent.com:443\": dial tcp: lookup connect.ngrok-agent.com: no such host"
t=2026-06-17T05:22:00+0100 lvl=eror msg="failed to reconnect session" obj=tunnels.session err="failed to dial ngrok server with address \"connect.ngrok-agent.com:443\": dial tcp: lookup connect.ngrok-agent.com: no such host"
t=2026-06-17T05:22:30+0100 lvl=eror msg="failed to reconnect session" obj=tunnels.session err="failed to dial ngrok server with address \"connect.ngrok-agent.com:443\": dial tcp: lookup connect.ngrok-agent.com: no such host"
t=2026-06-17T05:23:00+0100 lvl=eror msg="failed to reconnect session" obj=tunnels.session err="failed to dial ngrok server with address \"connect.ngrok-agent.com:443\": dial tcp: lookup connect.ngrok-agent.com: no such host"
t=2026-06-17T05:23:30+0100 lvl=eror msg="failed to reconnect session" obj=tunnels.session err="failed to dial ngrok server with address \"connect.ngrok-agent.com:443\": dial tcp: lookup connect.ngrok-agent.com: no such host"
t=2026-06-17T05:24:00+0100 lvl=eror msg="failed to reconnect session" obj=tunnels.session err="failed to dial ngrok server with address \"connect.ngrok-agent.com:443\": dial tcp: lookup connect.ngrok-agent.com: no such host"
t=2026-06-17T05:24:30+0100 lvl=eror msg="failed to reconnect session" obj=tunnels.session err="failed to dial ngrok server with address \"connect.ngrok-agent.com:443\": dial tcp: lookup connect.ngrok-agent.com: no such host"
t=2026-06-17T05:25:00+0100 lvl=eror msg="failed to reconnect session" obj=tunnels.session err="failed to dial ngrok server with address \"connect.ngrok-agent.com:443\": dial tcp: lookup connect.ngrok-agent.com: no such host"
t=2026-06-17T05:25:30+0100 lvl=eror msg="failed to reconnect session" obj=tunnels.session err="failed to dial ngrok server with address \"connect.ngrok-agent.com:443\": dial tcp: lookup connect.ngrok-agent.com: no such host"
t=2026-06-17T05:26:00+0100 lvl=eror msg="failed to reconnect session" obj=tunnels.session err="failed to dial ngrok server with address \"connect.ngrok-agent.com:443\": dial tcp: lookup connect.ngrok-agent.com: no such host"
t=2026-06-17T05:26:30+0100 lvl=eror msg="failed to reconnect session" obj=tunnels.session err="failed to dial ngrok server with address \"connect.ngrok-agent.com:443\": dial tcp: lookup connect.ngrok-agent.com: no such host"
t=2026-06-17T05:27:00+0100 lvl=eror msg="failed to reconnect session" obj=tunnels.session err="failed to dial ngrok server with address \"connect.ngrok-agent.com:443\": dial tcp: lookup connect.ngrok-agent.com: no such host"
t=2026-06-17T05:27:30+0100 lvl=eror msg="failed to reconnect session" obj=tunnels.session err="failed to dial ngrok server with address \"connect.ngrok-agent.com:443\": dial tcp: lookup connect.ngrok-agent.com: no such host"
t=2026-06-17T05:28:00+0100 lvl=eror msg="failed to reconnect session" obj=tunnels.session err="failed to dial ngrok server with address \"connect.ngrok-agent.com:443\": dial tcp: lookup connect.ngrok-agent.com: no such host"
t=2026-06-17T05:28:30+0100 lvl=eror msg="failed to reconnect session" obj=tunnels.session err="failed to dial ngrok server with address \"connect.ngrok-agent.com:443\": dial tcp: lookup connect.ngrok-agent.com: no such host"
t=2026-06-17T05:29:00+0100 lvl=eror msg="failed to reconnect session" obj=tunnels.session err="failed to dial ngrok server with address \"connect.ngrok-agent.com:443\": dial tcp: lookup connect.ngrok-agent.com: no such host"
t=2026-06-17T05:29:30+0100 lvl=eror msg="failed to reconnect session" obj=tunnels.session err="failed to dial ngrok server with address \"connect.ngrok-agent.com:443\": dial tcp: lookup connect.ngrok-agent.com: no such host"
t=2026-06-17T05:30:00+0100 lvl=eror msg="failed to reconnect session" obj=tunnels.session err="failed to dial ngrok server with address \"connect.ngrok-agent.com:443\": dial tcp: lookup connect.ngrok-agent.com: no such host"
t=2026-06-17T05:30:30+0100 lvl=eror msg="failed to reconnect session" obj=tunnels.session err="failed to dial ngrok server with address \"connect.ngrok-agent.com:443\": dial tcp: lookup connect.ngrok-agent.com: no such host"
t=2026-06-17T05:31:00+0100 lvl=eror msg="failed to reconnect session" obj=tunnels.session err="failed to dial ngrok server with address \"connect.ngrok-agent.com:443\": dial tcp: lookup connect.ngrok-agent.com: no such host"
t=2026-06-17T05:31:30+0100 lvl=eror msg="failed to reconnect session" obj=tunnels.session err="failed to dial ngrok server with address \"connect.ngrok-agent.com:443\": dial tcp: lookup connect.ngrok-agent.com: no such host"
t=2026-06-17T05:32:00+0100 lvl=eror msg="failed to reconnect session" obj=tunnels.session err="failed to dial ngrok server with address \"connect.ngrok-agent.com:443\": dial tcp: lookup connect.ngrok-agent.com: no such host"
t=2026-06-17T05:32:30+0100 lvl=eror msg="failed to reconnect session" obj=tunnels.session err="failed to dial ngrok server with address \"connect.ngrok-agent.com:443\": dial tcp: lookup connect.ngrok-agent.com: no such host"
t=2026-06-17T05:33:00+0100 lvl=eror msg="failed to reconnect session" obj=tunnels.session err="failed to dial ngrok server with address \"connect.ngrok-agent.com:443\": dial tcp: lookup connect.ngrok-agent.com: no such host"
t=2026-06-17T05:33:30+0100 lvl=eror msg="failed to reconnect session" obj=tunnels.session err="failed to dial ngrok server with address \"connect.ngrok-agent.com:443\": dial tcp: lookup connect.ngrok-agent.com: no such host"
t=2026-06-17T05:34:00+0100 lvl=eror msg="failed to reconnect session" obj=tunnels.session err="failed to dial ngrok server with address \"connect.ngrok-agent.com:443\": dial tcp: lookup connect.ngrok-agent.com: no such host"
t=2026-06-17T05:34:30+0100 lvl=eror msg="failed to reconnect session" obj=tunnels.session err="failed to dial ngrok server with address \"connect.ngrok-agent.com:443\": dial tcp: lookup connect.ngrok-agent.com: no such host"
t=2026-06-17T05:35:00+0100 lvl=eror msg="failed to reconnect session" obj=tunnels.session err="failed to dial ngrok server with address \"connect.ngrok-agent.com:443\": dial tcp: lookup connect.ngrok-agent.com: no such host"
t=2026-06-17T05:35:30+0100 lvl=eror msg="failed to reconnect session" obj=tunnels.session err="failed to dial ngrok server with address \"connect.ngrok-agent.com:443\": dial tcp: lookup connect.ngrok-agent.com: no such host"
t=2026-06-17T05:36:00+0100 lvl=eror msg="failed to reconnect session" obj=tunnels.session err="failed to dial ngrok server with address \"connect.ngrok-agent.com:443\": dial tcp: lookup connect.ngrok-agent.com: no such host"
t=2026-06-17T05:36:30+0100 lvl=eror msg="failed to reconnect session" obj=tunnels.session err="failed to dial ngrok server with address \"connect.ngrok-agent.com:443\": dial tcp: lookup connect.ngrok-agent.com: no such host"
t=2026-06-17T05:37:00+0100 lvl=eror msg="failed to reconnect session" obj=tunnels.session err="failed to dial ngrok server with address \"connect.ngrok-agent.com:443\": dial tcp: lookup connect.ngrok-agent.com: no such host"
t=2026-06-17T05:37:30+0100 lvl=eror msg="failed to reconnect session" obj=tunnels.session err="failed to dial ngrok server with address \"connect.ngrok-agent.com:443\": dial tcp: lookup connect.ngrok-agent.com: no such host"
t=2026-06-17T05:38:00+0100 lvl=eror msg="failed to reconnect session" obj=tunnels.session err="failed to dial ngrok server with address \"connect.ngrok-agent.com:443\": dial tcp: lookup connect.ngrok-agent.com: no such host"
t=2026-06-17T05:38:30+0100 lvl=eror msg="failed to reconnect session" obj=tunnels.session err="failed to dial ngrok server with address \"connect.ngrok-agent.com:443\": dial tcp: lookup connect.ngrok-agent.com: no such host"
t=2026-06-17T05:39:00+0100 lvl=eror msg="failed to reconnect session" obj=tunnels.session err="failed to dial ngrok server with address \"connect.ngrok-agent.com:443\": dial tcp: lookup connect.ngrok-agent.com: no such host"
t=2026-06-17T05:39:30+0100 lvl=eror msg="failed to reconnect session" obj=tunnels.session err="failed to dial ngrok server with address \"connect.ngrok-agent.com:443\": dial tcp: lookup connect.ngrok-agent.com: no such host"
t=2026-06-17T05:40:00+0100 lvl=eror msg="failed to reconnect session" obj=tunnels.session err="failed to dial ngrok server with address \"connect.ngrok-agent.com:443\": dial tcp: lookup connect.ngrok-agent.com: no such host"
t=2026-06-17T05:40:30+0100 lvl=eror msg="failed to reconnect session" obj=tunnels.session err="failed to dial ngrok server with address \"connect.ngrok-agent.com:443\": dial tcp: lookup connect.ngrok-agent.com: no such host"
t=2026-06-17T05:41:00+0100 lvl=eror msg="failed to reconnect session" obj=tunnels.session err="failed to dial ngrok server with address \"connect.ngrok-agent.com:443\": dial tcp: lookup connect.ngrok-agent.com: no such host"
t=2026-06-17T05:41:30+0100 lvl=eror msg="failed to reconnect session" obj=tunnels.session err="failed to dial ngrok server with address \"connect.ngrok-agent.com:443\": dial tcp: lookup connect.ngrok-agent.com: no such host"
t=2026-06-17T05:42:00+0100 lvl=eror msg="failed to reconnect session" obj=tunnels.session err="failed to dial ngrok server with address \"connect.ngrok-agent.com:443\": dial tcp: lookup connect.ngrok-agent.com: no such host"
t=2026-06-17T05:42:30+0100 lvl=eror msg="failed to reconnect session" obj=tunnels.session err="failed to dial ngrok server with address \"connect.ngrok-agent.com:443\": dial tcp: lookup connect.ngrok-agent.com: no such host"
t=2026-06-17T05:43:00+0100 lvl=eror msg="failed to reconnect session" obj=tunnels.session err="failed to dial ngrok server with address \"connect.ngrok-agent.com:443\": dial tcp: lookup connect.ngrok-agent.com: no such host"
t=2026-06-17T05:43:30+0100 lvl=eror msg="failed to reconnect session" obj=tunnels.session err="failed to dial ngrok server with address \"connect.ngrok-agent.com:443\": dial tcp: lookup connect.ngrok-agent.com: no such host"
t=2026-06-17T05:44:00+0100 lvl=eror msg="failed to reconnect session" obj=tunnels.session err="failed to dial ngrok server with address \"connect.ngrok-agent.com:443\": dial tcp: lookup connect.ngrok-agent.com: no such host"
t=2026-06-17T05:44:30+0100 lvl=eror msg="failed to reconnect session" obj=tunnels.session err="failed to dial ngrok server with address \"connect.ngrok-agent.com:443\": dial tcp: lookup connect.ngrok-agent.com: no such host"
t=2026-06-17T05:45:00+0100 lvl=eror msg="failed to reconnect session" obj=tunnels.session err="failed to dial ngrok server with address \"connect.ngrok-agent.com:443\": dial tcp: lookup connect.ngrok-agent.com: no such host"
t=2026-06-17T05:45:30+0100 lvl=eror msg="failed to reconnect session" obj=tunnels.session err="failed to dial ngrok server with address \"connect.ngrok-agent.com:443\": dial tcp: lookup connect.ngrok-agent.com: no such host"
t=2026-06-17T05:46:00+0100 lvl=eror msg="failed to reconnect session" obj=tunnels.session err="failed to dial ngrok server with address \"connect.ngrok-agent.com:443\": dial tcp: lookup connect.ngrok-agent.com: no such host"
t=2026-06-17T05:46:30+0100 lvl=eror msg="failed to reconnect session" obj=tunnels.session err="failed to dial ngrok server with address \"connect.ngrok-agent.com:443\": dial tcp: lookup connect.ngrok-agent.com: no such host"
t=2026-06-17T05:47:00+0100 lvl=eror msg="failed to reconnect session" obj=tunnels.session err="failed to dial ngrok server with address \"connect.ngrok-agent.com:443\": dial tcp: lookup connect.ngrok-agent.com: no such host"
t=2026-06-17T05:47:30+0100 lvl=eror msg="failed to reconnect session" obj=tunnels.session err="failed to dial ngrok server with address \"connect.ngrok-agent.com:443\": dial tcp: lookup connect.ngrok-agent.com: no such host"
t=2026-06-17T05:48:01+0100 lvl=eror msg="failed to reconnect session" obj=tunnels.session err="failed to dial ngrok server with address \"connect.ngrok-agent.com:443\": dial tcp: lookup connect.ngrok-agent.com: no such host"
t=2026-06-17T05:48:31+0100 lvl=eror msg="failed to reconnect session" obj=tunnels.session err="failed to dial ngrok server with address \"connect.ngrok-agent.com:443\": dial tcp: lookup connect.ngrok-agent.com: no such host"
t=2026-06-17T05:49:01+0100 lvl=eror msg="failed to reconnect session" obj=tunnels.session err="failed to dial ngrok server with address \"connect.ngrok-agent.com:443\": dial tcp: lookup connect.ngrok-agent.com: no such host"
t=2026-06-17T05:49:31+0100 lvl=eror msg="failed to reconnect session" obj=tunnels.session err="failed to dial ngrok server with address \"connect.ngrok-agent.com:443\": dial tcp: lookup connect.ngrok-agent.com: no such host"
t=2026-06-17T05:50:01+0100 lvl=eror msg="failed to reconnect session" obj=tunnels.session err="failed to dial ngrok server with address \"connect.ngrok-agent.com:443\": dial tcp: lookup connect.ngrok-agent.com: no such host"
t=2026-06-17T05:50:31+0100 lvl=eror msg="failed to reconnect session" obj=tunnels.session err="failed to dial ngrok server with address \"connect.ngrok-agent.com:443\": dial tcp: lookup connect.ngrok-agent.com: no such host"
t=2026-06-17T05:51:01+0100 lvl=eror msg="failed to reconnect session" obj=tunnels.session err="failed to dial ngrok server with address \"connect.ngrok-agent.com:443\": dial tcp: lookup connect.ngrok-agent.com: no such host"
t=2026-06-17T05:51:31+0100 lvl=eror msg="failed to reconnect session" obj=tunnels.session err="failed to dial ngrok server with address \"connect.ngrok-agent.com:443\": dial tcp: lookup connect.ngrok-agent.com: no such host"
t=2026-06-17T05:52:01+0100 lvl=eror msg="failed to reconnect session" obj=tunnels.session err="failed to dial ngrok server with address \"connect.ngrok-agent.com:443\": dial tcp: lookup connect.ngrok-agent.com: no such host"
t=2026-06-17T05:52:31+0100 lvl=eror msg="failed to reconnect session" obj=tunnels.session err="failed to dial ngrok server with address \"connect.ngrok-agent.com:443\": dial tcp: lookup connect.ngrok-agent.com: no such host"
t=2026-06-17T05:53:01+0100 lvl=eror msg="failed to reconnect session" obj=tunnels.session err="failed to dial ngrok server with address \"connect.ngrok-agent.com:443\": dial tcp: lookup connect.ngrok-agent.com: no such host"
t=2026-06-17T05:53:31+0100 lvl=eror msg="failed to reconnect session" obj=tunnels.session err="failed to dial ngrok server with address \"connect.ngrok-agent.com:443\": dial tcp: lookup connect.ngrok-agent.com: no such host"
t=2026-06-17T05:54:01+0100 lvl=eror msg="failed to reconnect session" obj=tunnels.session err="failed to dial ngrok server with address \"connect.ngrok-agent.com:443\": dial tcp: lookup connect.ngrok-agent.com: no such host"
t=2026-06-17T05:54:31+0100 lvl=eror msg="failed to reconnect session" obj=tunnels.session err="failed to dial ngrok server with address \"connect.ngrok-agent.com:443\": dial tcp: lookup connect.ngrok-agent.com: no such host"
t=2026-06-17T05:55:01+0100 lvl=eror msg="failed to reconnect session" obj=tunnels.session err="failed to dial ngrok server with address \"connect.ngrok-agent.com:443\": dial tcp: lookup connect.ngrok-agent.com: no such host"
t=2026-06-17T05:55:31+0100 lvl=eror msg="failed to reconnect session" obj=tunnels.session err="failed to dial ngrok server with address \"connect.ngrok-agent.com:443\": dial tcp: lookup connect.ngrok-agent.com: no such host"
t=2026-06-17T05:56:01+0100 lvl=eror msg="failed to reconnect session" obj=tunnels.session err="failed to dial ngrok server with address \"connect.ngrok-agent.com:443\": dial tcp: lookup connect.ngrok-agent.com: no such host"
t=2026-06-17T05:56:31+0100 lvl=eror msg="failed to reconnect session" obj=tunnels.session err="failed to dial ngrok server with address \"connect.ngrok-agent.com:443\": dial tcp: lookup connect.ngrok-agent.com: no such host"
t=2026-06-17T05:57:01+0100 lvl=eror msg="failed to reconnect session" obj=tunnels.session err="failed to dial ngrok server with address \"connect.ngrok-agent.com:443\": dial tcp: lookup connect.ngrok-agent.com: no such host"
t=2026-06-17T05:57:31+0100 lvl=eror msg="failed to reconnect session" obj=tunnels.session err="failed to dial ngrok server with address \"connect.ngrok-agent.com:443\": dial tcp: lookup connect.ngrok-agent.com: no such host"
t=2026-06-17T05:58:01+0100 lvl=eror msg="failed to reconnect session" obj=tunnels.session err="failed to dial ngrok server with address \"connect.ngrok-agent.com:443\": dial tcp: lookup connect.ngrok-agent.com: no such host"
t=2026-06-17T05:58:31+0100 lvl=eror msg="failed to reconnect session" obj=tunnels.session err="failed to dial ngrok server with address \"connect.ngrok-agent.com:443\": dial tcp: lookup connect.ngrok-agent.com: no such host"
t=2026-06-17T05:59:01+0100 lvl=eror msg="failed to reconnect session" obj=tunnels.session err="failed to dial ngrok server with address \"connect.ngrok-agent.com:443\": dial tcp: lookup connect.ngrok-agent.com: no such host"
t=2026-06-17T05:59:31+0100 lvl=eror msg="failed to reconnect session" obj=tunnels.session err="failed to dial ngrok server with address \"connect.ngrok-agent.com:443\": dial tcp: lookup connect.ngrok-agent.com: no such host"
t=2026-06-17T06:00:01+0100 lvl=eror msg="failed to reconnect session" obj=tunnels.session err="failed to dial ngrok server with address \"connect.ngrok-agent.com:443\": dial tcp: lookup connect.ngrok-agent.com: no such host"
t=2026-06-17T06:00:31+0100 lvl=eror msg="failed to reconnect session" obj=tunnels.session err="failed to dial ngrok server with address \"connect.ngrok-agent.com:443\": dial tcp: lookup connect.ngrok-agent.com: no such host"
t=2026-06-17T06:01:01+0100 lvl=eror msg="failed to reconnect session" obj=tunnels.session err="failed to dial ngrok server with address \"connect.ngrok-agent.com:443\": dial tcp: lookup connect.ngrok-agent.com: no such host"
t=2026-06-17T06:01:31+0100 lvl=eror msg="failed to reconnect session" obj=tunnels.session err="failed to dial ngrok server with address \"connect.ngrok-agent.com:443\": dial tcp: lookup connect.ngrok-agent.com: no such host"
t=2026-06-17T06:02:01+0100 lvl=eror msg="failed to reconnect session" obj=tunnels.session err="failed to dial ngrok server with address \"connect.ngrok-agent.com:443\": dial tcp: lookup connect.ngrok-agent.com: no such host"
t=2026-06-17T06:02:31+0100 lvl=eror msg="failed to reconnect session" obj=tunnels.session err="failed to dial ngrok server with address \"connect.ngrok-agent.com:443\": dial tcp: lookup connect.ngrok-agent.com: no such host"
t=2026-06-17T06:03:01+0100 lvl=eror msg="failed to reconnect session" obj=tunnels.session err="failed to dial ngrok server with address \"connect.ngrok-agent.com:443\": dial tcp: lookup connect.ngrok-agent.com: no such host"
t=2026-06-17T06:03:31+0100 lvl=eror msg="failed to reconnect session" obj=tunnels.session err="failed to dial ngrok server with address \"connect.ngrok-agent.com:443\": dial tcp: lookup connect.ngrok-agent.com: no such host"
t=2026-06-17T06:04:01+0100 lvl=eror msg="failed to reconnect session" obj=tunnels.session err="failed to dial ngrok server with address \"connect.ngrok-agent.com:443\": dial tcp: lookup connect.ngrok-agent.com: no such host"
t=2026-06-17T06:04:31+0100 lvl=eror msg="failed to reconnect session" obj=tunnels.session err="failed to dial ngrok server with address \"connect.ngrok-agent.com:443\": dial tcp: lookup connect.ngrok-agent.com: no such host"
t=2026-06-17T06:05:01+0100 lvl=eror msg="failed to reconnect session" obj=tunnels.session err="failed to dial ngrok server with address \"connect.ngrok-agent.com:443\": dial tcp: lookup connect.ngrok-agent.com: no such host"
t=2026-06-17T06:05:31+0100 lvl=eror msg="failed to reconnect session" obj=tunnels.session err="failed to dial ngrok server with address \"connect.ngrok-agent.com:443\": dial tcp: lookup connect.ngrok-agent.com: no such host"
t=2026-06-17T06:06:01+0100 lvl=eror msg="failed to reconnect session" obj=tunnels.session err="failed to dial ngrok server with address \"connect.ngrok-agent.com:443\": dial tcp: lookup connect.ngrok-agent.com: no such host"
t=2026-06-17T06:06:31+0100 lvl=eror msg="failed to reconnect session" obj=tunnels.session err="failed to dial ngrok server with address \"connect.ngrok-agent.com:443\": dial tcp: lookup connect.ngrok-agent.com: no such host"
t=2026-06-17T06:07:01+0100 lvl=eror msg="failed to reconnect session" obj=tunnels.session err="failed to dial ngrok server with address \"connect.ngrok-agent.com:443\": dial tcp: lookup connect.ngrok-agent.com: no such host"
t=2026-06-17T06:07:31+0100 lvl=eror msg="failed to reconnect session" obj=tunnels.session err="failed to dial ngrok server with address \"connect.ngrok-agent.com:443\": dial tcp: lookup connect.ngrok-agent.com: no such host"
t=2026-06-17T06:08:01+0100 lvl=eror msg="failed to reconnect session" obj=tunnels.session err="failed to dial ngrok server with address \"connect.ngrok-agent.com:443\": dial tcp: lookup connect.ngrok-agent.com: no such host"
t=2026-06-17T06:08:31+0100 lvl=eror msg="failed to reconnect session" obj=tunnels.session err="failed to dial ngrok server with address \"connect.ngrok-agent.com:443\": dial tcp: lookup connect.ngrok-agent.com: no such host"
t=2026-06-17T06:09:01+0100 lvl=eror msg="failed to reconnect session" obj=tunnels.session err="failed to dial ngrok server with address \"connect.ngrok-agent.com:443\": dial tcp: lookup connect.ngrok-agent.com: no such host"
t=2026-06-17T06:09:31+0100 lvl=eror msg="failed to reconnect session" obj=tunnels.session err="failed to dial ngrok server with address \"connect.ngrok-agent.com:443\": dial tcp: lookup connect.ngrok-agent.com: no such host"
t=2026-06-17T06:10:01+0100 lvl=eror msg="failed to reconnect session" obj=tunnels.session err="failed to dial ngrok server with address \"connect.ngrok-agent.com:443\": dial tcp: lookup connect.ngrok-agent.com: no such host"
t=2026-06-17T06:10:31+0100 lvl=eror msg="failed to reconnect session" obj=tunnels.session err="failed to dial ngrok server with address \"connect.ngrok-agent.com:443\": dial tcp: lookup connect.ngrok-agent.com: no such host"
t=2026-06-17T06:11:01+0100 lvl=eror msg="failed to reconnect session" obj=tunnels.session err="failed to dial ngrok server with address \"connect.ngrok-agent.com:443\": dial tcp: lookup connect.ngrok-agent.com: no such host"
t=2026-06-17T06:11:31+0100 lvl=eror msg="failed to reconnect session" obj=tunnels.session err="failed to dial ngrok server with address \"connect.ngrok-agent.com:443\": dial tcp: lookup connect.ngrok-agent.com: no such host"
t=2026-06-17T06:12:01+0100 lvl=eror msg="failed to reconnect session" obj=tunnels.session err="failed to dial ngrok server with address \"connect.ngrok-agent.com:443\": dial tcp: lookup connect.ngrok-agent.com: no such host"
t=2026-06-17T06:12:31+0100 lvl=eror msg="failed to reconnect session" obj=tunnels.session err="failed to dial ngrok server with address \"connect.ngrok-agent.com:443\": dial tcp: lookup connect.ngrok-agent.com: no such host"
t=2026-06-17T06:13:01+0100 lvl=eror msg="failed to reconnect session" obj=tunnels.session err="failed to dial ngrok server with address \"connect.ngrok-agent.com:443\": dial tcp: lookup connect.ngrok-agent.com: no such host"
t=2026-06-17T06:13:31+0100 lvl=eror msg="failed to reconnect session" obj=tunnels.session err="failed to dial ngrok server with address \"connect.ngrok-agent.com:443\": dial tcp: lookup connect.ngrok-agent.com: no such host"
t=2026-06-17T06:14:01+0100 lvl=eror msg="failed to reconnect session" obj=tunnels.session err="failed to dial ngrok server with address \"connect.ngrok-agent.com:443\": dial tcp: lookup connect.ngrok-agent.com: no such host"
t=2026-06-17T06:14:31+0100 lvl=eror msg="failed to reconnect session" obj=tunnels.session err="failed to dial ngrok server with address \"connect.ngrok-agent.com:443\": dial tcp: lookup connect.ngrok-agent.com: no such host"
t=2026-06-17T06:15:01+0100 lvl=eror msg="failed to reconnect session" obj=tunnels.session err="failed to dial ngrok server with address \"connect.ngrok-agent.com:443\": dial tcp: lookup connect.ngrok-agent.com: no such host"
t=2026-06-17T06:15:31+0100 lvl=eror msg="failed to reconnect session" obj=tunnels.session err="failed to dial ngrok server with address \"connect.ngrok-agent.com:443\": dial tcp: lookup connect.ngrok-agent.com: no such host"
t=2026-06-17T06:16:01+0100 lvl=eror msg="failed to reconnect session" obj=tunnels.session err="failed to dial ngrok server with address \"connect.ngrok-agent.com:443\": dial tcp: lookup connect.ngrok-agent.com: no such host"
t=2026-06-17T06:16:31+0100 lvl=eror msg="failed to reconnect session" obj=tunnels.session err="failed to dial ngrok server with address \"connect.ngrok-agent.com:443\": dial tcp: lookup connect.ngrok-agent.com: no such host"
t=2026-06-17T06:17:01+0100 lvl=eror msg="failed to reconnect session" obj=tunnels.session err="failed to dial ngrok server with address \"connect.ngrok-agent.com:443\": dial tcp: lookup connect.ngrok-agent.com: no such host"
t=2026-06-17T06:17:31+0100 lvl=eror msg="failed to reconnect session" obj=tunnels.session err="failed to dial ngrok server with address \"connect.ngrok-agent.com:443\": dial tcp: lookup connect.ngrok-agent.com: no such host"
t=2026-06-17T06:18:01+0100 lvl=eror msg="failed to reconnect session" obj=tunnels.session err="failed to dial ngrok server with address \"connect.ngrok-agent.com:443\": dial tcp: lookup connect.ngrok-agent.com: no such host"
t=2026-06-17T06:18:31+0100 lvl=eror msg="failed to reconnect session" obj=tunnels.session err="failed to dial ngrok server with address \"connect.ngrok-agent.com:443\": dial tcp: lookup connect.ngrok-agent.com: no such host"
t=2026-06-17T06:19:01+0100 lvl=eror msg="failed to reconnect session" obj=tunnels.session err="failed to dial ngrok server with address \"connect.ngrok-agent.com:443\": dial tcp: lookup connect.ngrok-agent.com: no such host"
t=2026-06-17T06:19:31+0100 lvl=eror msg="failed to reconnect session" obj=tunnels.session err="failed to dial ngrok server with address \"connect.ngrok-agent.com:443\": dial tcp: lookup connect.ngrok-agent.com: no such host"
t=2026-06-17T06:20:01+0100 lvl=eror msg="failed to reconnect session" obj=tunnels.session err="failed to dial ngrok server with address \"connect.ngrok-agent.com:443\": dial tcp: lookup connect.ngrok-agent.com: no such host"
t=2026-06-17T06:20:31+0100 lvl=eror msg="failed to reconnect session" obj=tunnels.session err="failed to dial ngrok server with address \"connect.ngrok-agent.com:443\": dial tcp: lookup connect.ngrok-agent.com: no such host"
t=2026-06-17T06:21:01+0100 lvl=eror msg="failed to reconnect session" obj=tunnels.session err="failed to dial ngrok server with address \"connect.ngrok-agent.com:443\": dial tcp: lookup connect.ngrok-agent.com: no such host"
t=2026-06-17T06:21:31+0100 lvl=eror msg="failed to reconnect session" obj=tunnels.session err="failed to dial ngrok server with address \"connect.ngrok-agent.com:443\": dial tcp: lookup connect.ngrok-agent.com: no such host"
t=2026-06-17T06:22:01+0100 lvl=eror msg="failed to reconnect session" obj=tunnels.session err="failed to dial ngrok server with address \"connect.ngrok-agent.com:443\": dial tcp: lookup connect.ngrok-agent.com: no such host"
t=2026-06-17T06:22:31+0100 lvl=eror msg="failed to reconnect session" obj=tunnels.session err="failed to dial ngrok server with address \"connect.ngrok-agent.com:443\": dial tcp: lookup connect.ngrok-agent.com: no such host"
t=2026-06-17T06:23:01+0100 lvl=eror msg="failed to reconnect session" obj=tunnels.session err="failed to dial ngrok server with address \"connect.ngrok-agent.com:443\": dial tcp: lookup connect.ngrok-agent.com: no such host"
t=2026-06-17T06:23:31+0100 lvl=eror msg="failed to reconnect session" obj=tunnels.session err="failed to dial ngrok server with address \"connect.ngrok-agent.com:443\": dial tcp: lookup connect.ngrok-agent.com: no such host"
t=2026-06-17T06:24:01+0100 lvl=eror msg="failed to reconnect session" obj=tunnels.session err="failed to dial ngrok server with address \"connect.ngrok-agent.com:443\": dial tcp: lookup connect.ngrok-agent.com: no such host"
t=2026-06-17T06:24:31+0100 lvl=eror msg="failed to reconnect session" obj=tunnels.session err="failed to dial ngrok server with address \"connect.ngrok-agent.com:443\": dial tcp: lookup connect.ngrok-agent.com: no such host"
t=2026-06-17T06:25:01+0100 lvl=eror msg="failed to reconnect session" obj=tunnels.session err="failed to dial ngrok server with address \"connect.ngrok-agent.com:443\": dial tcp: lookup connect.ngrok-agent.com: no such host"
t=2026-06-17T06:25:31+0100 lvl=eror msg="failed to reconnect session" obj=tunnels.session err="failed to dial ngrok server with address \"connect.ngrok-agent.com:443\": dial tcp: lookup connect.ngrok-agent.com: no such host"
t=2026-06-17T06:26:01+0100 lvl=eror msg="failed to reconnect session" obj=tunnels.session err="failed to dial ngrok server with address \"connect.ngrok-agent.com:443\": dial tcp: lookup connect.ngrok-agent.com: no such host"
t=2026-06-17T06:26:31+0100 lvl=eror msg="failed to reconnect session" obj=tunnels.session err="failed to dial ngrok server with address \"connect.ngrok-agent.com:443\": dial tcp: lookup connect.ngrok-agent.com: no such host"
t=2026-06-17T06:27:01+0100 lvl=eror msg="failed to reconnect session" obj=tunnels.session err="failed to dial ngrok server with address \"connect.ngrok-agent.com:443\": dial tcp: lookup connect.ngrok-agent.com: no such host"
t=2026-06-17T06:27:31+0100 lvl=eror msg="failed to reconnect session" obj=tunnels.session err="failed to dial ngrok server with address \"connect.ngrok-agent.com:443\": dial tcp: lookup connect.ngrok-agent.com: no such host"
t=2026-06-17T06:28:01+0100 lvl=eror msg="failed to reconnect session" obj=tunnels.session err="failed to dial ngrok server with address \"connect.ngrok-agent.com:443\": dial tcp: lookup connect.ngrok-agent.com: no such host"
t=2026-06-17T06:28:31+0100 lvl=eror msg="failed to reconnect session" obj=tunnels.session err="failed to dial ngrok server with address \"connect.ngrok-agent.com:443\": dial tcp: lookup connect.ngrok-agent.com: no such host"
t=2026-06-17T06:29:01+0100 lvl=eror msg="failed to reconnect session" obj=tunnels.session err="failed to dial ngrok server with address \"connect.ngrok-agent.com:443\": dial tcp: lookup connect.ngrok-agent.com: no such host"
t=2026-06-17T06:29:31+0100 lvl=eror msg="failed to reconnect session" obj=tunnels.session err="failed to dial ngrok server with address \"connect.ngrok-agent.com:443\": dial tcp: lookup connect.ngrok-agent.com: no such host"
t=2026-06-17T06:30:01+0100 lvl=eror msg="failed to reconnect session" obj=tunnels.session err="failed to dial ngrok server with address \"connect.ngrok-agent.com:443\": dial tcp: lookup connect.ngrok-agent.com: no such host"
t=2026-06-17T06:30:31+0100 lvl=eror msg="failed to reconnect session" obj=tunnels.session err="failed to dial ngrok server with address \"connect.ngrok-agent.com:443\": dial tcp: lookup connect.ngrok-agent.com: no such host"
t=2026-06-17T06:31:01+0100 lvl=eror msg="failed to reconnect session" obj=tunnels.session err="failed to dial ngrok server with address \"connect.ngrok-agent.com:443\": dial tcp: lookup connect.ngrok-agent.com: no such host"
t=2026-06-17T06:31:31+0100 lvl=eror msg="failed to reconnect session" obj=tunnels.session err="failed to dial ngrok server with address \"connect.ngrok-agent.com:443\": dial tcp: lookup connect.ngrok-agent.com: no such host"
t=2026-06-17T06:32:01+0100 lvl=eror msg="failed to reconnect session" obj=tunnels.session err="failed to dial ngrok server with address \"connect.ngrok-agent.com:443\": dial tcp: lookup connect.ngrok-agent.com: no such host"
t=2026-06-17T06:32:31+0100 lvl=eror msg="failed to reconnect session" obj=tunnels.session err="failed to dial ngrok server with address \"connect.ngrok-agent.com:443\": dial tcp: lookup connect.ngrok-agent.com: no such host"
t=2026-06-17T06:33:01+0100 lvl=eror msg="failed to reconnect session" obj=tunnels.session err="failed to dial ngrok server with address \"connect.ngrok-agent.com:443\": dial tcp: lookup connect.ngrok-agent.com: no such host"
t=2026-06-17T06:33:31+0100 lvl=eror msg="failed to reconnect session" obj=tunnels.session err="failed to dial ngrok server with address \"connect.ngrok-agent.com:443\": dial tcp: lookup connect.ngrok-agent.com: no such host"
t=2026-06-17T06:34:01+0100 lvl=eror msg="failed to reconnect session" obj=tunnels.session err="failed to dial ngrok server with address \"connect.ngrok-agent.com:443\": dial tcp: lookup connect.ngrok-agent.com: no such host"
t=2026-06-17T06:34:31+0100 lvl=eror msg="failed to reconnect session" obj=tunnels.session err="failed to dial ngrok server with address \"connect.ngrok-agent.com:443\": dial tcp: lookup connect.ngrok-agent.com: no such host"
t=2026-06-17T06:35:01+0100 lvl=eror msg="failed to reconnect session" obj=tunnels.session err="failed to dial ngrok server with address \"connect.ngrok-agent.com:443\": dial tcp: lookup connect.ngrok-agent.com: no such host"
t=2026-06-17T06:35:31+0100 lvl=eror msg="failed to reconnect session" obj=tunnels.session err="failed to dial ngrok server with address \"connect.ngrok-agent.com:443\": dial tcp: lookup connect.ngrok-agent.com: no such host"
t=2026-06-17T06:36:01+0100 lvl=eror msg="failed to reconnect session" obj=tunnels.session err="failed to dial ngrok server with address \"connect.ngrok-agent.com:443\": dial tcp: lookup connect.ngrok-agent.com: no such host"
t=2026-06-17T06:36:31+0100 lvl=eror msg="failed to reconnect session" obj=tunnels.session err="failed to dial ngrok server with address \"connect.ngrok-agent.com:443\": dial tcp: lookup connect.ngrok-agent.com: no such host"
t=2026-06-17T06:37:01+0100 lvl=eror msg="failed to reconnect session" obj=tunnels.session err="failed to dial ngrok server with address \"connect.ngrok-agent.com:443\": dial tcp: lookup connect.ngrok-agent.com: no such host"
t=2026-06-17T06:37:31+0100 lvl=eror msg="failed to reconnect session" obj=tunnels.session err="failed to dial ngrok server with address \"connect.ngrok-agent.com:443\": dial tcp: lookup connect.ngrok-agent.com: no such host"
t=2026-06-17T06:38:01+0100 lvl=eror msg="failed to reconnect session" obj=tunnels.session err="failed to dial ngrok server with address \"connect.ngrok-agent.com:443\": dial tcp: lookup connect.ngrok-agent.com: no such host"
t=2026-06-17T06:38:31+0100 lvl=eror msg="failed to reconnect session" obj=tunnels.session err="failed to dial ngrok server with address \"connect.ngrok-agent.com:443\": dial tcp: lookup connect.ngrok-agent.com: no such host"
t=2026-06-17T06:39:01+0100 lvl=eror msg="failed to reconnect session" obj=tunnels.session err="failed to dial ngrok server with address \"connect.ngrok-agent.com:443\": dial tcp: lookup connect.ngrok-agent.com: no such host"
t=2026-06-17T06:39:31+0100 lvl=eror msg="failed to reconnect session" obj=tunnels.session err="failed to dial ngrok server with address \"connect.ngrok-agent.com:443\": dial tcp: lookup connect.ngrok-agent.com: no such host"
t=2026-06-17T06:40:01+0100 lvl=eror msg="failed to reconnect session" obj=tunnels.session err="failed to dial ngrok server with address \"connect.ngrok-agent.com:443\": dial tcp: lookup connect.ngrok-agent.com: no such host"
t=2026-06-17T06:40:31+0100 lvl=eror msg="failed to reconnect session" obj=tunnels.session err="failed to dial ngrok server with address \"connect.ngrok-agent.com:443\": dial tcp: lookup connect.ngrok-agent.com: no such host"
t=2026-06-17T06:41:01+0100 lvl=eror msg="failed to reconnect session" obj=tunnels.session err="failed to dial ngrok server with address \"connect.ngrok-agent.com:443\": dial tcp: lookup connect.ngrok-agent.com: no such host"
t=2026-06-17T06:41:31+0100 lvl=eror msg="failed to reconnect session" obj=tunnels.session err="failed to dial ngrok server with address \"connect.ngrok-agent.com:443\": dial tcp: lookup connect.ngrok-agent.com: no such host"
t=2026-06-17T06:42:01+0100 lvl=eror msg="failed to reconnect session" obj=tunnels.session err="failed to dial ngrok server with address \"connect.ngrok-agent.com:443\": dial tcp: lookup connect.ngrok-agent.com: no such host"
t=2026-06-17T06:42:31+0100 lvl=eror msg="failed to reconnect session" obj=tunnels.session err="failed to dial ngrok server with address \"connect.ngrok-agent.com:443\": dial tcp: lookup connect.ngrok-agent.com: no such host"
t=2026-06-17T06:43:01+0100 lvl=eror msg="failed to reconnect session" obj=tunnels.session err="failed to dial ngrok server with address \"connect.ngrok-agent.com:443\": dial tcp: lookup connect.ngrok-agent.com: no such host"
t=2026-06-17T06:43:31+0100 lvl=eror msg="failed to reconnect session" obj=tunnels.session err="failed to dial ngrok server with address \"connect.ngrok-agent.com:443\": dial tcp: lookup connect.ngrok-agent.com: no such host"
t=2026-06-17T06:44:01+0100 lvl=eror msg="failed to reconnect session" obj=tunnels.session err="failed to dial ngrok server with address \"connect.ngrok-agent.com:443\": dial tcp: lookup connect.ngrok-agent.com: no such host"
t=2026-06-17T06:44:31+0100 lvl=eror msg="failed to reconnect session" obj=tunnels.session err="failed to dial ngrok server with address \"connect.ngrok-agent.com:443\": dial tcp: lookup connect.ngrok-agent.com: no such host"
t=2026-06-17T06:45:01+0100 lvl=eror msg="failed to reconnect session" obj=tunnels.session err="failed to dial ngrok server with address \"connect.ngrok-agent.com:443\": dial tcp: lookup connect.ngrok-agent.com: no such host"
t=2026-06-17T06:45:31+0100 lvl=eror msg="failed to reconnect session" obj=tunnels.session err="failed to dial ngrok server with address \"connect.ngrok-agent.com:443\": dial tcp: lookup connect.ngrok-agent.com: no such host"
t=2026-06-17T06:46:01+0100 lvl=eror msg="failed to reconnect session" obj=tunnels.session err="failed to dial ngrok server with address \"connect.ngrok-agent.com:443\": dial tcp: lookup connect.ngrok-agent.com: no such host"
t=2026-06-17T06:46:31+0100 lvl=eror msg="failed to reconnect session" obj=tunnels.session err="failed to dial ngrok server with address \"connect.ngrok-agent.com:443\": dial tcp: lookup connect.ngrok-agent.com: no such host"
t=2026-06-17T06:47:01+0100 lvl=eror msg="failed to reconnect session" obj=tunnels.session err="failed to dial ngrok server with address \"connect.ngrok-agent.com:443\": dial tcp: lookup connect.ngrok-agent.com: no such host"
t=2026-06-17T06:47:31+0100 lvl=eror msg="failed to reconnect session" obj=tunnels.session err="failed to dial ngrok server with address \"connect.ngrok-agent.com:443\": dial tcp: lookup connect.ngrok-agent.com: no such host"
t=2026-06-17T06:48:01+0100 lvl=eror msg="failed to reconnect session" obj=tunnels.session err="failed to dial ngrok server with address \"connect.ngrok-agent.com:443\": dial tcp: lookup connect.ngrok-agent.com: no such host"
t=2026-06-17T06:48:31+0100 lvl=eror msg="failed to reconnect session" obj=tunnels.session err="failed to dial ngrok server with address \"connect.ngrok-agent.com:443\": dial tcp: lookup connect.ngrok-agent.com: no such host"
t=2026-06-17T06:49:01+0100 lvl=eror msg="failed to reconnect session" obj=tunnels.session err="failed to dial ngrok server with address \"connect.ngrok-agent.com:443\": dial tcp: lookup connect.ngrok-agent.com: no such host"
t=2026-06-17T06:49:31+0100 lvl=eror msg="failed to reconnect session" obj=tunnels.session err="failed to dial ngrok server with address \"connect.ngrok-agent.com:443\": dial tcp: lookup connect.ngrok-agent.com: no such host"
t=2026-06-17T06:50:01+0100 lvl=eror msg="failed to reconnect session" obj=tunnels.session err="failed to dial ngrok server with address \"connect.ngrok-agent.com:443\": dial tcp: lookup connect.ngrok-agent.com: no such host"
t=2026-06-17T06:50:31+0100 lvl=eror msg="failed to reconnect session" obj=tunnels.session err="failed to dial ngrok server with address \"connect.ngrok-agent.com:443\": dial tcp: lookup connect.ngrok-agent.com: no such host"
t=2026-06-17T06:51:01+0100 lvl=eror msg="failed to reconnect session" obj=tunnels.session err="failed to dial ngrok server with address \"connect.ngrok-agent.com:443\": dial tcp: lookup connect.ngrok-agent.com: no such host"
t=2026-06-17T06:51:31+0100 lvl=eror msg="failed to reconnect session" obj=tunnels.session err="failed to dial ngrok server with address \"connect.ngrok-agent.com:443\": dial tcp: lookup connect.ngrok-agent.com: no such host"
t=2026-06-17T06:52:01+0100 lvl=eror msg="failed to reconnect session" obj=tunnels.session err="failed to dial ngrok server with address \"connect.ngrok-agent.com:443\": dial tcp: lookup connect.ngrok-agent.com: no such host"
t=2026-06-17T06:52:32+0100 lvl=eror msg="failed to reconnect session" obj=tunnels.session err="failed to dial ngrok server with address \"connect.ngrok-agent.com:443\": dial tcp: lookup connect.ngrok-agent.com: no such host"
t=2026-06-17T06:53:02+0100 lvl=eror msg="failed to reconnect session" obj=tunnels.session err="failed to dial ngrok server with address \"connect.ngrok-agent.com:443\": dial tcp: lookup connect.ngrok-agent.com: no such host"
t=2026-06-17T06:53:32+0100 lvl=eror msg="failed to reconnect session" obj=tunnels.session err="failed to dial ngrok server with address \"connect.ngrok-agent.com:443\": dial tcp: lookup connect.ngrok-agent.com: no such host"
t=2026-06-17T06:54:02+0100 lvl=eror msg="failed to reconnect session" obj=tunnels.session err="failed to dial ngrok server with address \"connect.ngrok-agent.com:443\": dial tcp: lookup connect.ngrok-agent.com: no such host"
t=2026-06-17T06:54:32+0100 lvl=eror msg="failed to reconnect session" obj=tunnels.session err="failed to dial ngrok server with address \"connect.ngrok-agent.com:443\": dial tcp: lookup connect.ngrok-agent.com: no such host"
t=2026-06-17T06:55:02+0100 lvl=eror msg="failed to reconnect session" obj=tunnels.session err="failed to dial ngrok server with address \"connect.ngrok-agent.com:443\": dial tcp: lookup connect.ngrok-agent.com: no such host"
t=2026-06-17T06:55:32+0100 lvl=eror msg="failed to reconnect session" obj=tunnels.session err="failed to dial ngrok server with address \"connect.ngrok-agent.com:443\": dial tcp: lookup connect.ngrok-agent.com: no such host"
t=2026-06-17T06:56:02+0100 lvl=eror msg="failed to reconnect session" obj=tunnels.session err="failed to dial ngrok server with address \"connect.ngrok-agent.com:443\": dial tcp: lookup connect.ngrok-agent.com: no such host"
t=2026-06-17T06:56:32+0100 lvl=eror msg="failed to reconnect session" obj=tunnels.session err="failed to dial ngrok server with address \"connect.ngrok-agent.com:443\": dial tcp: lookup connect.ngrok-agent.com: no such host"
t=2026-06-17T06:57:02+0100 lvl=eror msg="failed to reconnect session" obj=tunnels.session err="failed to dial ngrok server with address \"connect.ngrok-agent.com:443\": dial tcp: lookup connect.ngrok-agent.com: no such host"
t=2026-06-17T06:57:32+0100 lvl=eror msg="failed to reconnect session" obj=tunnels.session err="failed to dial ngrok server with address \"connect.ngrok-agent.com:443\": dial tcp: lookup connect.ngrok-agent.com: no such host"
t=2026-06-17T06:58:02+0100 lvl=eror msg="failed to reconnect session" obj=tunnels.session err="failed to dial ngrok server with address \"connect.ngrok-agent.com:443\": dial tcp: lookup connect.ngrok-agent.com: no such host"
t=2026-06-17T06:58:32+0100 lvl=eror msg="failed to reconnect session" obj=tunnels.session err="failed to dial ngrok server with address \"connect.ngrok-agent.com:443\": dial tcp: lookup connect.ngrok-agent.com: no such host"
t=2026-06-17T06:59:02+0100 lvl=eror msg="failed to reconnect session" obj=tunnels.session err="failed to dial ngrok server with address \"connect.ngrok-agent.com:443\": dial tcp: lookup connect.ngrok-agent.com: no such host"
t=2026-06-17T06:59:32+0100 lvl=eror msg="failed to reconnect session" obj=tunnels.session err="failed to dial ngrok server with address \"connect.ngrok-agent.com:443\": dial tcp: lookup connect.ngrok-agent.com: no such host"
t=2026-06-17T07:00:02+0100 lvl=eror msg="failed to reconnect session" obj=tunnels.session err="failed to dial ngrok server with address \"connect.ngrok-agent.com:443\": dial tcp: lookup connect.ngrok-agent.com: no such host"
t=2026-06-17T07:00:32+0100 lvl=eror msg="failed to reconnect session" obj=tunnels.session err="failed to dial ngrok server with address \"connect.ngrok-agent.com:443\": dial tcp: lookup connect.ngrok-agent.com: no such host"
t=2026-06-17T07:01:02+0100 lvl=eror msg="failed to reconnect session" obj=tunnels.session err="failed to dial ngrok server with address \"connect.ngrok-agent.com:443\": dial tcp: lookup connect.ngrok-agent.com: no such host"
t=2026-06-17T07:01:32+0100 lvl=eror msg="failed to reconnect session" obj=tunnels.session err="failed to dial ngrok server with address \"connect.ngrok-agent.com:443\": dial tcp: lookup connect.ngrok-agent.com: no such host"
t=2026-06-17T07:02:02+0100 lvl=eror msg="failed to reconnect session" obj=tunnels.session err="failed to dial ngrok server with address \"connect.ngrok-agent.com:443\": dial tcp: lookup connect.ngrok-agent.com: no such host"
t=2026-06-17T07:02:32+0100 lvl=eror msg="failed to reconnect session" obj=tunnels.session err="failed to dial ngrok server with address \"connect.ngrok-agent.com:443\": dial tcp: lookup connect.ngrok-agent.com: no such host"
t=2026-06-17T07:03:02+0100 lvl=eror msg="failed to reconnect session" obj=tunnels.session err="failed to dial ngrok server with address \"connect.ngrok-agent.com:443\": dial tcp: lookup connect.ngrok-agent.com: no such host"
t=2026-06-17T07:03:32+0100 lvl=eror msg="failed to reconnect session" obj=tunnels.session err="failed to dial ngrok server with address \"connect.ngrok-agent.com:443\": dial tcp: lookup connect.ngrok-agent.com: no such host"
t=2026-06-17T07:04:02+0100 lvl=eror msg="failed to reconnect session" obj=tunnels.session err="failed to dial ngrok server with address \"connect.ngrok-agent.com:443\": dial tcp: lookup connect.ngrok-agent.com: no such host"
t=2026-06-17T07:04:32+0100 lvl=eror msg="failed to reconnect session" obj=tunnels.session err="failed to dial ngrok server with address \"connect.ngrok-agent.com:443\": dial tcp: lookup connect.ngrok-agent.com: no such host"
t=2026-06-17T07:05:02+0100 lvl=eror msg="failed to reconnect session" obj=tunnels.session err="failed to dial ngrok server with address \"connect.ngrok-agent.com:443\": dial tcp: lookup connect.ngrok-agent.com: no such host"
t=2026-06-17T07:05:32+0100 lvl=eror msg="failed to reconnect session" obj=tunnels.session err="failed to dial ngrok server with address \"connect.ngrok-agent.com:443\": dial tcp: lookup connect.ngrok-agent.com: no such host"
t=2026-06-17T07:06:02+0100 lvl=eror msg="failed to reconnect session" obj=tunnels.session err="failed to dial ngrok server with address \"connect.ngrok-agent.com:443\": dial tcp: lookup connect.ngrok-agent.com: no such host"
t=2026-06-17T07:06:32+0100 lvl=eror msg="failed to reconnect session" obj=tunnels.session err="failed to dial ngrok server with address \"connect.ngrok-agent.com:443\": dial tcp: lookup connect.ngrok-agent.com: no such host"
t=2026-06-17T07:07:02+0100 lvl=eror msg="failed to reconnect session" obj=tunnels.session err="failed to dial ngrok server with address \"connect.ngrok-agent.com:443\": dial tcp: lookup connect.ngrok-agent.com: no such host"
t=2026-06-17T07:07:32+0100 lvl=eror msg="failed to reconnect session" obj=tunnels.session err="failed to dial ngrok server with address \"connect.ngrok-agent.com:443\": dial tcp: lookup connect.ngrok-agent.com: no such host"
t=2026-06-17T07:08:02+0100 lvl=eror msg="failed to reconnect session" obj=tunnels.session err="failed to dial ngrok server with address \"connect.ngrok-agent.com:443\": dial tcp: lookup connect.ngrok-agent.com: no such host"
t=2026-06-17T07:08:32+0100 lvl=eror msg="failed to reconnect session" obj=tunnels.session err="failed to dial ngrok server with address \"connect.ngrok-agent.com:443\": dial tcp: lookup connect.ngrok-agent.com: no such host"
t=2026-06-17T07:09:02+0100 lvl=eror msg="failed to reconnect session" obj=tunnels.session err="failed to dial ngrok server with address \"connect.ngrok-agent.com:443\": dial tcp: lookup connect.ngrok-agent.com: no such host"
t=2026-06-17T07:09:32+0100 lvl=eror msg="failed to reconnect session" obj=tunnels.session err="failed to dial ngrok server with address \"connect.ngrok-agent.com:443\": dial tcp: lookup connect.ngrok-agent.com: no such host"
t=2026-06-17T07:10:02+0100 lvl=eror msg="failed to reconnect session" obj=tunnels.session err="failed to dial ngrok server with address \"connect.ngrok-agent.com:443\": dial tcp: lookup connect.ngrok-agent.com: no such host"
t=2026-06-17T07:10:32+0100 lvl=eror msg="failed to reconnect session" obj=tunnels.session err="failed to dial ngrok server with address \"connect.ngrok-agent.com:443\": dial tcp: lookup connect.ngrok-agent.com: no such host"
t=2026-06-17T07:11:02+0100 lvl=eror msg="failed to reconnect session" obj=tunnels.session err="failed to dial ngrok server with address \"connect.ngrok-agent.com:443\": dial tcp: lookup connect.ngrok-agent.com: no such host"
t=2026-06-17T07:11:32+0100 lvl=eror msg="failed to reconnect session" obj=tunnels.session err="failed to dial ngrok server with address \"connect.ngrok-agent.com:443\": dial tcp: lookup connect.ngrok-agent.com: no such host"
t=2026-06-17T07:12:02+0100 lvl=eror msg="failed to reconnect session" obj=tunnels.session err="failed to dial ngrok server with address \"connect.ngrok-agent.com:443\": dial tcp: lookup connect.ngrok-agent.com: no such host"
t=2026-06-17T07:12:32+0100 lvl=eror msg="failed to reconnect session" obj=tunnels.session err="failed to dial ngrok server with address \"connect.ngrok-agent.com:443\": dial tcp: lookup connect.ngrok-agent.com: no such host"
t=2026-06-17T07:13:02+0100 lvl=eror msg="failed to reconnect session" obj=tunnels.session err="failed to dial ngrok server with address \"connect.ngrok-agent.com:443\": dial tcp: lookup connect.ngrok-agent.com: no such host"
t=2026-06-17T07:13:32+0100 lvl=eror msg="failed to reconnect session" obj=tunnels.session err="failed to dial ngrok server with address \"connect.ngrok-agent.com:443\": dial tcp: lookup connect.ngrok-agent.com: no such host"
t=2026-06-17T07:14:02+0100 lvl=eror msg="failed to reconnect session" obj=tunnels.session err="failed to dial ngrok server with address \"connect.ngrok-agent.com:443\": dial tcp: lookup connect.ngrok-agent.com: no such host"
t=2026-06-17T07:14:32+0100 lvl=eror msg="failed to reconnect session" obj=tunnels.session err="failed to dial ngrok server with address \"connect.ngrok-agent.com:443\": dial tcp: lookup connect.ngrok-agent.com: no such host"
t=2026-06-17T07:15:02+0100 lvl=eror msg="failed to reconnect session" obj=tunnels.session err="failed to dial ngrok server with address \"connect.ngrok-agent.com:443\": dial tcp: lookup connect.ngrok-agent.com: no such host"
t=2026-06-17T07:15:32+0100 lvl=eror msg="failed to reconnect session" obj=tunnels.session err="failed to dial ngrok server with address \"connect.ngrok-agent.com:443\": dial tcp: lookup connect.ngrok-agent.com: no such host"
t=2026-06-17T07:16:02+0100 lvl=eror msg="failed to reconnect session" obj=tunnels.session err="failed to dial ngrok server with address \"connect.ngrok-agent.com:443\": dial tcp: lookup connect.ngrok-agent.com: no such host"
t=2026-06-17T07:16:32+0100 lvl=eror msg="failed to reconnect session" obj=tunnels.session err="failed to dial ngrok server with address \"connect.ngrok-agent.com:443\": dial tcp: lookup connect.ngrok-agent.com: no such host"
t=2026-06-17T07:17:02+0100 lvl=eror msg="failed to reconnect session" obj=tunnels.session err="failed to dial ngrok server with address \"connect.ngrok-agent.com:443\": dial tcp: lookup connect.ngrok-agent.com: no such host"
t=2026-06-17T07:17:32+0100 lvl=eror msg="failed to reconnect session" obj=tunnels.session err="failed to dial ngrok server with address \"connect.ngrok-agent.com:443\": dial tcp: lookup connect.ngrok-agent.com: no such host"
t=2026-06-17T07:18:02+0100 lvl=eror msg="failed to reconnect session" obj=tunnels.session err="failed to dial ngrok server with address \"connect.ngrok-agent.com:443\": dial tcp: lookup connect.ngrok-agent.com: no such host"
t=2026-06-17T07:18:32+0100 lvl=eror msg="failed to reconnect session" obj=tunnels.session err="failed to dial ngrok server with address \"connect.ngrok-agent.com:443\": dial tcp: lookup connect.ngrok-agent.com: no such host"
t=2026-06-17T07:19:02+0100 lvl=eror msg="failed to reconnect session" obj=tunnels.session err="failed to dial ngrok server with address \"connect.ngrok-agent.com:443\": dial tcp: lookup connect.ngrok-agent.com: no such host"
t=2026-06-17T07:19:32+0100 lvl=eror msg="failed to reconnect session" obj=tunnels.session err="failed to dial ngrok server with address \"connect.ngrok-agent.com:443\": dial tcp: lookup connect.ngrok-agent.com: no such host"
t=2026-06-17T07:20:02+0100 lvl=eror msg="failed to reconnect session" obj=tunnels.session err="failed to dial ngrok server with address \"connect.ngrok-agent.com:443\": dial tcp: lookup connect.ngrok-agent.com: no such host"
t=2026-06-17T07:20:32+0100 lvl=eror msg="failed to reconnect session" obj=tunnels.session err="failed to dial ngrok server with address \"connect.ngrok-agent.com:443\": dial tcp: lookup connect.ngrok-agent.com: no such host"
t=2026-06-17T07:21:02+0100 lvl=eror msg="failed to reconnect session" obj=tunnels.session err="failed to dial ngrok server with address \"connect.ngrok-agent.com:443\": dial tcp: lookup connect.ngrok-agent.com: no such host"
t=2026-06-17T07:21:32+0100 lvl=eror msg="failed to reconnect session" obj=tunnels.session err="failed to dial ngrok server with address \"connect.ngrok-agent.com:443\": dial tcp: lookup connect.ngrok-agent.com: no such host"
t=2026-06-17T07:22:02+0100 lvl=eror msg="failed to reconnect session" obj=tunnels.session err="failed to dial ngrok server with address \"connect.ngrok-agent.com:443\": dial tcp: lookup connect.ngrok-agent.com: no such host"
t=2026-06-17T07:22:32+0100 lvl=eror msg="failed to reconnect session" obj=tunnels.session err="failed to dial ngrok server with address \"connect.ngrok-agent.com:443\": dial tcp: lookup connect.ngrok-agent.com: no such host"
t=2026-06-17T07:23:02+0100 lvl=eror msg="failed to reconnect session" obj=tunnels.session err="failed to dial ngrok server with address \"connect.ngrok-agent.com:443\": dial tcp: lookup connect.ngrok-agent.com: no such host"
t=2026-06-17T07:23:32+0100 lvl=eror msg="failed to reconnect session" obj=tunnels.session err="failed to dial ngrok server with address \"connect.ngrok-agent.com:443\": dial tcp: lookup connect.ngrok-agent.com: no such host"
t=2026-06-17T07:24:02+0100 lvl=eror msg="failed to reconnect session" obj=tunnels.session err="failed to dial ngrok server with address \"connect.ngrok-agent.com:443\": dial tcp: lookup connect.ngrok-agent.com: no such host"
t=2026-06-17T07:24:32+0100 lvl=eror msg="failed to reconnect session" obj=tunnels.session err="failed to dial ngrok server with address \"connect.ngrok-agent.com:443\": dial tcp: lookup connect.ngrok-agent.com: no such host"
t=2026-06-17T07:25:02+0100 lvl=eror msg="failed to reconnect session" obj=tunnels.session err="failed to dial ngrok server with address \"connect.ngrok-agent.com:443\": dial tcp: lookup connect.ngrok-agent.com: no such host"
t=2026-06-17T07:25:32+0100 lvl=eror msg="failed to reconnect session" obj=tunnels.session err="failed to dial ngrok server with address \"connect.ngrok-agent.com:443\": dial tcp: lookup connect.ngrok-agent.com: no such host"
t=2026-06-17T07:26:02+0100 lvl=eror msg="failed to reconnect session" obj=tunnels.session err="failed to dial ngrok server with address \"connect.ngrok-agent.com:443\": dial tcp: lookup connect.ngrok-agent.com: no such host"
t=2026-06-17T07:26:32+0100 lvl=eror msg="failed to reconnect session" obj=tunnels.session err="failed to dial ngrok server with address \"connect.ngrok-agent.com:443\": dial tcp: lookup connect.ngrok-agent.com: no such host"
t=2026-06-17T07:27:02+0100 lvl=eror msg="failed to reconnect session" obj=tunnels.session err="failed to dial ngrok server with address \"connect.ngrok-agent.com:443\": dial tcp: lookup connect.ngrok-agent.com: no such host"
t=2026-06-17T07:27:32+0100 lvl=eror msg="failed to reconnect session" obj=tunnels.session err="failed to dial ngrok server with address \"connect.ngrok-agent.com:443\": dial tcp: lookup connect.ngrok-agent.com: no such host"
t=2026-06-17T07:28:02+0100 lvl=eror msg="failed to reconnect session" obj=tunnels.session err="failed to dial ngrok server with address \"connect.ngrok-agent.com:443\": dial tcp: lookup connect.ngrok-agent.com: no such host"
t=2026-06-17T07:28:32+0100 lvl=eror msg="failed to reconnect session" obj=tunnels.session err="failed to dial ngrok server with address \"connect.ngrok-agent.com:443\": dial tcp: lookup connect.ngrok-agent.com: no such host"
t=2026-06-17T07:29:02+0100 lvl=eror msg="failed to reconnect session" obj=tunnels.session err="failed to dial ngrok server with address \"connect.ngrok-agent.com:443\": dial tcp: lookup connect.ngrok-agent.com: no such host"
t=2026-06-17T07:29:32+0100 lvl=eror msg="failed to reconnect session" obj=tunnels.session err="failed to dial ngrok server with address \"connect.ngrok-agent.com:443\": dial tcp: lookup connect.ngrok-agent.com: no such host"
t=2026-06-17T07:30:02+0100 lvl=eror msg="failed to reconnect session" obj=tunnels.session err="failed to dial ngrok server with address \"connect.ngrok-agent.com:443\": dial tcp: lookup connect.ngrok-agent.com: no such host"
t=2026-06-17T07:30:32+0100 lvl=eror msg="failed to reconnect session" obj=tunnels.session err="failed to dial ngrok server with address \"connect.ngrok-agent.com:443\": dial tcp: lookup connect.ngrok-agent.com: no such host"
t=2026-06-17T07:31:02+0100 lvl=eror msg="failed to reconnect session" obj=tunnels.session err="failed to dial ngrok server with address \"connect.ngrok-agent.com:443\": dial tcp: lookup connect.ngrok-agent.com: no such host"
t=2026-06-17T07:31:32+0100 lvl=eror msg="failed to reconnect session" obj=tunnels.session err="failed to dial ngrok server with address \"connect.ngrok-agent.com:443\": dial tcp: lookup connect.ngrok-agent.com: no such host"
t=2026-06-17T07:32:02+0100 lvl=eror msg="failed to reconnect session" obj=tunnels.session err="failed to dial ngrok server with address \"connect.ngrok-agent.com:443\": dial tcp: lookup connect.ngrok-agent.com: no such host"
t=2026-06-17T07:32:32+0100 lvl=eror msg="failed to reconnect session" obj=tunnels.session err="failed to dial ngrok server with address \"connect.ngrok-agent.com:443\": dial tcp: lookup connect.ngrok-agent.com: no such host"
t=2026-06-17T07:33:02+0100 lvl=eror msg="failed to reconnect session" obj=tunnels.session err="failed to dial ngrok server with address \"connect.ngrok-agent.com:443\": dial tcp: lookup connect.ngrok-agent.com: no such host"
t=2026-06-17T07:33:32+0100 lvl=eror msg="failed to reconnect session" obj=tunnels.session err="failed to dial ngrok server with address \"connect.ngrok-agent.com:443\": dial tcp: lookup connect.ngrok-agent.com: no such host"
t=2026-06-17T07:34:02+0100 lvl=eror msg="failed to reconnect session" obj=tunnels.session err="failed to dial ngrok server with address \"connect.ngrok-agent.com:443\": dial tcp: lookup connect.ngrok-agent.com: no such host"
t=2026-06-17T07:34:32+0100 lvl=eror msg="failed to reconnect session" obj=tunnels.session err="failed to dial ngrok server with address \"connect.ngrok-agent.com:443\": dial tcp: lookup connect.ngrok-agent.com: no such host"
t=2026-06-17T07:35:02+0100 lvl=eror msg="failed to reconnect session" obj=tunnels.session err="failed to dial ngrok server with address \"connect.ngrok-agent.com:443\": dial tcp: lookup connect.ngrok-agent.com: no such host"
t=2026-06-17T07:35:32+0100 lvl=eror msg="failed to reconnect session" obj=tunnels.session err="failed to dial ngrok server with address \"connect.ngrok-agent.com:443\": dial tcp: lookup connect.ngrok-agent.com: no such host"
t=2026-06-17T07:36:02+0100 lvl=eror msg="failed to reconnect session" obj=tunnels.session err="failed to dial ngrok server with address \"connect.ngrok-agent.com:443\": dial tcp: lookup connect.ngrok-agent.com: no such host"
t=2026-06-17T07:36:32+0100 lvl=eror msg="failed to reconnect session" obj=tunnels.session err="failed to dial ngrok server with address \"connect.ngrok-agent.com:443\": dial tcp: lookup connect.ngrok-agent.com: no such host"
t=2026-06-17T07:37:02+0100 lvl=eror msg="failed to reconnect session" obj=tunnels.session err="failed to dial ngrok server with address \"connect.ngrok-agent.com:443\": dial tcp: lookup connect.ngrok-agent.com: no such host"
t=2026-06-17T07:37:32+0100 lvl=eror msg="failed to reconnect session" obj=tunnels.session err="failed to dial ngrok server with address \"connect.ngrok-agent.com:443\": dial tcp: lookup connect.ngrok-agent.com: no such host"
t=2026-06-17T07:38:02+0100 lvl=eror msg="failed to reconnect session" obj=tunnels.session err="failed to dial ngrok server with address \"connect.ngrok-agent.com:443\": dial tcp: lookup connect.ngrok-agent.com: no such host"
t=2026-06-17T07:38:32+0100 lvl=eror msg="failed to reconnect session" obj=tunnels.session err="failed to dial ngrok server with address \"connect.ngrok-agent.com:443\": dial tcp: lookup connect.ngrok-agent.com: no such host"
t=2026-06-17T07:39:02+0100 lvl=eror msg="failed to reconnect session" obj=tunnels.session err="failed to dial ngrok server with address \"connect.ngrok-agent.com:443\": dial tcp: lookup connect.ngrok-agent.com: no such host"
t=2026-06-17T07:39:32+0100 lvl=eror msg="failed to reconnect session" obj=tunnels.session err="failed to dial ngrok server with address \"connect.ngrok-agent.com:443\": dial tcp: lookup connect.ngrok-agent.com: no such host"
t=2026-06-17T07:40:02+0100 lvl=eror msg="failed to reconnect session" obj=tunnels.session err="failed to dial ngrok server with address \"connect.ngrok-agent.com:443\": dial tcp: lookup connect.ngrok-agent.com: no such host"
t=2026-06-17T07:40:32+0100 lvl=eror msg="failed to reconnect session" obj=tunnels.session err="failed to dial ngrok server with address \"connect.ngrok-agent.com:443\": dial tcp: lookup connect.ngrok-agent.com: no such host"
t=2026-06-17T07:41:02+0100 lvl=eror msg="failed to reconnect session" obj=tunnels.session err="failed to dial ngrok server with address \"connect.ngrok-agent.com:443\": dial tcp: lookup connect.ngrok-agent.com: no such host"
t=2026-06-17T07:41:32+0100 lvl=eror msg="failed to reconnect session" obj=tunnels.session err="failed to dial ngrok server with address \"connect.ngrok-agent.com:443\": dial tcp: lookup connect.ngrok-agent.com: no such host"
t=2026-06-17T07:42:02+0100 lvl=eror msg="failed to reconnect session" obj=tunnels.session err="failed to dial ngrok server with address \"connect.ngrok-agent.com:443\": dial tcp: lookup connect.ngrok-agent.com: no such host"
t=2026-06-17T07:42:32+0100 lvl=eror msg="failed to reconnect session" obj=tunnels.session err="failed to dial ngrok server with address \"connect.ngrok-agent.com:443\": dial tcp: lookup connect.ngrok-agent.com: no such host"
t=2026-06-17T07:43:02+0100 lvl=eror msg="failed to reconnect session" obj=tunnels.session err="failed to dial ngrok server with address \"connect.ngrok-agent.com:443\": dial tcp: lookup connect.ngrok-agent.com: no such host"
t=2026-06-17T07:43:32+0100 lvl=eror msg="failed to reconnect session" obj=tunnels.session err="failed to dial ngrok server with address \"connect.ngrok-agent.com:443\": dial tcp: lookup connect.ngrok-agent.com: no such host"
t=2026-06-17T07:44:02+0100 lvl=eror msg="failed to reconnect session" obj=tunnels.session err="failed to dial ngrok server with address \"connect.ngrok-agent.com:443\": dial tcp: lookup connect.ngrok-agent.com: no such host"
t=2026-06-17T07:44:32+0100 lvl=eror msg="failed to reconnect session" obj=tunnels.session err="failed to dial ngrok server with address \"connect.ngrok-agent.com:443\": dial tcp: lookup connect.ngrok-agent.com: no such host"
t=2026-06-17T07:45:02+0100 lvl=eror msg="failed to reconnect session" obj=tunnels.session err="failed to dial ngrok server with address \"connect.ngrok-agent.com:443\": dial tcp: lookup connect.ngrok-agent.com: no such host"
t=2026-06-17T07:45:32+0100 lvl=eror msg="failed to reconnect session" obj=tunnels.session err="failed to dial ngrok server with address \"connect.ngrok-agent.com:443\": dial tcp: lookup connect.ngrok-agent.com: no such host"
t=2026-06-17T07:46:02+0100 lvl=eror msg="failed to reconnect session" obj=tunnels.session err="failed to dial ngrok server with address \"connect.ngrok-agent.com:443\": dial tcp: lookup connect.ngrok-agent.com: no such host"
t=2026-06-17T07:46:32+0100 lvl=eror msg="failed to reconnect session" obj=tunnels.session err="failed to dial ngrok server with address \"connect.ngrok-agent.com:443\": dial tcp: lookup connect.ngrok-agent.com: no such host"
t=2026-06-17T07:47:02+0100 lvl=eror msg="failed to reconnect session" obj=tunnels.session err="failed to dial ngrok server with address \"connect.ngrok-agent.com:443\": dial tcp: lookup connect.ngrok-agent.com: no such host"
t=2026-06-17T07:47:32+0100 lvl=eror msg="failed to reconnect session" obj=tunnels.session err="failed to dial ngrok server with address \"connect.ngrok-agent.com:443\": dial tcp: lookup connect.ngrok-agent.com: no such host"
t=2026-06-17T07:48:02+0100 lvl=eror msg="failed to reconnect session" obj=tunnels.session err="failed to dial ngrok server with address \"connect.ngrok-agent.com:443\": dial tcp: lookup connect.ngrok-agent.com: no such host"
t=2026-06-17T07:48:32+0100 lvl=eror msg="failed to reconnect session" obj=tunnels.session err="failed to dial ngrok server with address \"connect.ngrok-agent.com:443\": dial tcp: lookup connect.ngrok-agent.com: no such host"
t=2026-06-17T07:49:02+0100 lvl=eror msg="failed to reconnect session" obj=tunnels.session err="failed to dial ngrok server with address \"connect.ngrok-agent.com:443\": dial tcp: lookup connect.ngrok-agent.com: no such host"
t=2026-06-17T07:49:32+0100 lvl=eror msg="failed to reconnect session" obj=tunnels.session err="failed to dial ngrok server with address \"connect.ngrok-agent.com:443\": dial tcp: lookup connect.ngrok-agent.com: no such host"
t=2026-06-17T07:50:02+0100 lvl=eror msg="failed to reconnect session" obj=tunnels.session err="failed to dial ngrok server with address \"connect.ngrok-agent.com:443\": dial tcp: lookup connect.ngrok-agent.com: no such host"
t=2026-06-17T07:50:32+0100 lvl=eror msg="failed to reconnect session" obj=tunnels.session err="failed to dial ngrok server with address \"connect.ngrok-agent.com:443\": dial tcp: lookup connect.ngrok-agent.com: no such host"
t=2026-06-17T07:51:02+0100 lvl=eror msg="failed to reconnect session" obj=tunnels.session err="failed to dial ngrok server with address \"connect.ngrok-agent.com:443\": dial tcp: lookup connect.ngrok-agent.com: no such host"
t=2026-06-17T07:51:32+0100 lvl=eror msg="failed to reconnect session" obj=tunnels.session err="failed to dial ngrok server with address \"connect.ngrok-agent.com:443\": dial tcp: lookup connect.ngrok-agent.com: no such host"
t=2026-06-17T07:52:02+0100 lvl=eror msg="failed to reconnect session" obj=tunnels.session err="failed to dial ngrok server with address \"connect.ngrok-agent.com:443\": dial tcp: lookup connect.ngrok-agent.com: no such host"
t=2026-06-17T07:52:32+0100 lvl=eror msg="failed to reconnect session" obj=tunnels.session err="failed to dial ngrok server with address \"connect.ngrok-agent.com:443\": dial tcp: lookup connect.ngrok-agent.com: no such host"
t=2026-06-17T07:53:02+0100 lvl=eror msg="failed to reconnect session" obj=tunnels.session err="failed to dial ngrok server with address \"connect.ngrok-agent.com:443\": dial tcp: lookup connect.ngrok-agent.com: no such host"
t=2026-06-17T07:53:32+0100 lvl=eror msg="failed to reconnect session" obj=tunnels.session err="failed to dial ngrok server with address \"connect.ngrok-agent.com:443\": dial tcp: lookup connect.ngrok-agent.com: no such host"
t=2026-06-17T07:54:03+0100 lvl=eror msg="failed to reconnect session" obj=tunnels.session err="failed to dial ngrok server with address \"connect.ngrok-agent.com:443\": dial tcp: lookup connect.ngrok-agent.com: no such host"
t=2026-06-17T07:54:33+0100 lvl=eror msg="failed to reconnect session" obj=tunnels.session err="failed to dial ngrok server with address \"connect.ngrok-agent.com:443\": dial tcp: lookup connect.ngrok-agent.com: no such host"
t=2026-06-17T07:55:03+0100 lvl=eror msg="failed to reconnect session" obj=tunnels.session err="failed to dial ngrok server with address \"connect.ngrok-agent.com:443\": dial tcp: lookup connect.ngrok-agent.com: no such host"
t=2026-06-17T07:55:33+0100 lvl=eror msg="failed to reconnect session" obj=tunnels.session err="failed to dial ngrok server with address \"connect.ngrok-agent.com:443\": dial tcp: lookup connect.ngrok-agent.com: no such host"
t=2026-06-17T07:56:03+0100 lvl=eror msg="failed to reconnect session" obj=tunnels.session err="failed to dial ngrok server with address \"connect.ngrok-agent.com:443\": dial tcp: lookup connect.ngrok-agent.com: no such host"
t=2026-06-17T07:56:33+0100 lvl=eror msg="failed to reconnect session" obj=tunnels.session err="failed to dial ngrok server with address \"connect.ngrok-agent.com:443\": dial tcp: lookup connect.ngrok-agent.com: no such host"
t=2026-06-17T07:57:03+0100 lvl=eror msg="failed to reconnect session" obj=tunnels.session err="failed to dial ngrok server with address \"connect.ngrok-agent.com:443\": dial tcp: lookup connect.ngrok-agent.com: no such host"
t=2026-06-17T07:57:33+0100 lvl=eror msg="failed to reconnect session" obj=tunnels.session err="failed to dial ngrok server with address \"connect.ngrok-agent.com:443\": dial tcp: lookup connect.ngrok-agent.com: no such host"
t=2026-06-17T07:58:03+0100 lvl=eror msg="failed to reconnect session" obj=tunnels.session err="failed to dial ngrok server with address \"connect.ngrok-agent.com:443\": dial tcp: lookup connect.ngrok-agent.com: no such host"
t=2026-06-17T07:58:33+0100 lvl=eror msg="failed to reconnect session" obj=tunnels.session err="failed to dial ngrok server with address \"connect.ngrok-agent.com:443\": dial tcp: lookup connect.ngrok-agent.com: no such host"
t=2026-06-17T07:59:03+0100 lvl=eror msg="failed to reconnect session" obj=tunnels.session err="failed to dial ngrok server with address \"connect.ngrok-agent.com:443\": dial tcp: lookup connect.ngrok-agent.com: no such host"
t=2026-06-17T07:59:33+0100 lvl=eror msg="failed to reconnect session" obj=tunnels.session err="failed to dial ngrok server with address \"connect.ngrok-agent.com:443\": dial tcp: lookup connect.ngrok-agent.com: no such host"
t=2026-06-17T08:00:03+0100 lvl=eror msg="failed to reconnect session" obj=tunnels.session err="failed to dial ngrok server with address \"connect.ngrok-agent.com:443\": dial tcp: lookup connect.ngrok-agent.com: no such host"
t=2026-06-17T08:00:33+0100 lvl=eror msg="failed to reconnect session" obj=tunnels.session err="failed to dial ngrok server with address \"connect.ngrok-agent.com:443\": dial tcp: lookup connect.ngrok-agent.com: no such host"
t=2026-06-17T08:01:03+0100 lvl=eror msg="failed to reconnect session" obj=tunnels.session err="failed to dial ngrok server with address \"connect.ngrok-agent.com:443\": dial tcp: lookup connect.ngrok-agent.com: no such host"
t=2026-06-17T08:01:33+0100 lvl=eror msg="failed to reconnect session" obj=tunnels.session err="failed to dial ngrok server with address \"connect.ngrok-agent.com:443\": dial tcp: lookup connect.ngrok-agent.com: no such host"
t=2026-06-17T08:02:03+0100 lvl=eror msg="failed to reconnect session" obj=tunnels.session err="failed to dial ngrok server with address \"connect.ngrok-agent.com:443\": dial tcp: lookup connect.ngrok-agent.com: no such host"
t=2026-06-17T08:02:33+0100 lvl=eror msg="failed to reconnect session" obj=tunnels.session err="failed to dial ngrok server with address \"connect.ngrok-agent.com:443\": dial tcp: lookup connect.ngrok-agent.com: no such host"
t=2026-06-17T08:03:03+0100 lvl=eror msg="failed to reconnect session" obj=tunnels.session err="failed to dial ngrok server with address \"connect.ngrok-agent.com:443\": dial tcp: lookup connect.ngrok-agent.com: no such host"
t=2026-06-17T08:03:33+0100 lvl=eror msg="failed to reconnect session" obj=tunnels.session err="failed to dial ngrok server with address \"connect.ngrok-agent.com:443\": dial tcp: lookup connect.ngrok-agent.com: no such host"
t=2026-06-17T08:04:03+0100 lvl=eror msg="failed to reconnect session" obj=tunnels.session err="failed to dial ngrok server with address \"connect.ngrok-agent.com:443\": dial tcp: lookup connect.ngrok-agent.com: no such host"
t=2026-06-17T08:04:33+0100 lvl=eror msg="failed to reconnect session" obj=tunnels.session err="failed to dial ngrok server with address \"connect.ngrok-agent.com:443\": dial tcp: lookup connect.ngrok-agent.com: no such host"
t=2026-06-17T08:05:03+0100 lvl=eror msg="failed to reconnect session" obj=tunnels.session err="failed to dial ngrok server with address \"connect.ngrok-agent.com:443\": dial tcp: lookup connect.ngrok-agent.com: no such host"
t=2026-06-17T08:05:33+0100 lvl=eror msg="failed to reconnect session" obj=tunnels.session err="failed to dial ngrok server with address \"connect.ngrok-agent.com:443\": dial tcp: lookup connect.ngrok-agent.com: no such host"
t=2026-06-17T08:06:03+0100 lvl=eror msg="failed to reconnect session" obj=tunnels.session err="failed to dial ngrok server with address \"connect.ngrok-agent.com:443\": dial tcp: lookup connect.ngrok-agent.com: no such host"
t=2026-06-17T08:06:33+0100 lvl=eror msg="failed to reconnect session" obj=tunnels.session err="failed to dial ngrok server with address \"connect.ngrok-agent.com:443\": dial tcp: lookup connect.ngrok-agent.com: no such host"
t=2026-06-17T08:07:03+0100 lvl=eror msg="failed to reconnect session" obj=tunnels.session err="failed to dial ngrok server with address \"connect.ngrok-agent.com:443\": dial tcp: lookup connect.ngrok-agent.com: no such host"
t=2026-06-17T08:07:33+0100 lvl=eror msg="failed to reconnect session" obj=tunnels.session err="failed to dial ngrok server with address \"connect.ngrok-agent.com:443\": dial tcp: lookup connect.ngrok-agent.com: no such host"
t=2026-06-17T08:08:03+0100 lvl=eror msg="failed to reconnect session" obj=tunnels.session err="failed to dial ngrok server with address \"connect.ngrok-agent.com:443\": dial tcp: lookup connect.ngrok-agent.com: no such host"
t=2026-06-17T08:08:33+0100 lvl=eror msg="failed to reconnect session" obj=tunnels.session err="failed to dial ngrok server with address \"connect.ngrok-agent.com:443\": dial tcp: lookup connect.ngrok-agent.com: no such host"
t=2026-06-17T08:09:03+0100 lvl=eror msg="failed to reconnect session" obj=tunnels.session err="failed to dial ngrok server with address \"connect.ngrok-agent.com:443\": dial tcp: lookup connect.ngrok-agent.com: no such host"
t=2026-06-17T08:09:33+0100 lvl=eror msg="failed to reconnect session" obj=tunnels.session err="failed to dial ngrok server with address \"connect.ngrok-agent.com:443\": dial tcp: lookup connect.ngrok-agent.com: no such host"
t=2026-06-17T08:10:03+0100 lvl=eror msg="failed to reconnect session" obj=tunnels.session err="failed to dial ngrok server with address \"connect.ngrok-agent.com:443\": dial tcp: lookup connect.ngrok-agent.com: no such host"
t=2026-06-17T08:10:33+0100 lvl=eror msg="failed to reconnect session" obj=tunnels.session err="failed to dial ngrok server with address \"connect.ngrok-agent.com:443\": dial tcp: lookup connect.ngrok-agent.com: no such host"
t=2026-06-17T08:11:03+0100 lvl=eror msg="failed to reconnect session" obj=tunnels.session err="failed to dial ngrok server with address \"connect.ngrok-agent.com:443\": dial tcp: lookup connect.ngrok-agent.com: no such host"
t=2026-06-17T08:11:33+0100 lvl=eror msg="failed to reconnect session" obj=tunnels.session err="failed to dial ngrok server with address \"connect.ngrok-agent.com:443\": dial tcp: lookup connect.ngrok-agent.com: no such host"
t=2026-06-17T08:12:03+0100 lvl=eror msg="failed to reconnect session" obj=tunnels.session err="failed to dial ngrok server with address \"connect.ngrok-agent.com:443\": dial tcp: lookup connect.ngrok-agent.com: no such host"
t=2026-06-17T08:12:33+0100 lvl=eror msg="failed to reconnect session" obj=tunnels.session err="failed to dial ngrok server with address \"connect.ngrok-agent.com:443\": dial tcp: lookup connect.ngrok-agent.com: no such host"
t=2026-06-17T08:13:03+0100 lvl=eror msg="failed to reconnect session" obj=tunnels.session err="failed to dial ngrok server with address \"connect.ngrok-agent.com:443\": dial tcp: lookup connect.ngrok-agent.com: no such host"
t=2026-06-17T08:13:33+0100 lvl=eror msg="failed to reconnect session" obj=tunnels.session err="failed to dial ngrok server with address \"connect.ngrok-agent.com:443\": dial tcp: lookup connect.ngrok-agent.com: no such host"
t=2026-06-17T08:14:03+0100 lvl=eror msg="failed to reconnect session" obj=tunnels.session err="failed to dial ngrok server with address \"connect.ngrok-agent.com:443\": dial tcp: lookup connect.ngrok-agent.com: no such host"
t=2026-06-17T08:14:33+0100 lvl=eror msg="failed to reconnect session" obj=tunnels.session err="failed to dial ngrok server with address \"connect.ngrok-agent.com:443\": dial tcp: lookup connect.ngrok-agent.com: no such host"
t=2026-06-17T08:15:03+0100 lvl=eror msg="failed to reconnect session" obj=tunnels.session err="failed to dial ngrok server with address \"connect.ngrok-agent.com:443\": dial tcp: lookup connect.ngrok-agent.com: no such host"
t=2026-06-17T08:15:33+0100 lvl=eror msg="failed to reconnect session" obj=tunnels.session err="failed to dial ngrok server with address \"connect.ngrok-agent.com:443\": dial tcp: lookup connect.ngrok-agent.com: no such host"
t=2026-06-17T08:16:03+0100 lvl=eror msg="failed to reconnect session" obj=tunnels.session err="failed to dial ngrok server with address \"connect.ngrok-agent.com:443\": dial tcp: lookup connect.ngrok-agent.com: no such host"
t=2026-06-17T08:16:33+0100 lvl=eror msg="failed to reconnect session" obj=tunnels.session err="failed to dial ngrok server with address \"connect.ngrok-agent.com:443\": dial tcp: lookup connect.ngrok-agent.com: no such host"
t=2026-06-17T08:17:03+0100 lvl=eror msg="failed to reconnect session" obj=tunnels.session err="failed to dial ngrok server with address \"connect.ngrok-agent.com:443\": dial tcp: lookup connect.ngrok-agent.com: no such host"
t=2026-06-17T08:17:33+0100 lvl=eror msg="failed to reconnect session" obj=tunnels.session err="failed to dial ngrok server with address \"connect.ngrok-agent.com:443\": dial tcp: lookup connect.ngrok-agent.com: no such host"
t=2026-06-17T08:18:03+0100 lvl=eror msg="failed to reconnect session" obj=tunnels.session err="failed to dial ngrok server with address \"connect.ngrok-agent.com:443\": dial tcp: lookup connect.ngrok-agent.com: no such host"
t=2026-06-17T08:18:33+0100 lvl=eror msg="failed to reconnect session" obj=tunnels.session err="failed to dial ngrok server with address \"connect.ngrok-agent.com:443\": dial tcp: lookup connect.ngrok-agent.com: no such host"
t=2026-06-17T08:19:03+0100 lvl=eror msg="failed to reconnect session" obj=tunnels.session err="failed to dial ngrok server with address \"connect.ngrok-agent.com:443\": dial tcp: lookup connect.ngrok-agent.com: no such host"
t=2026-06-17T08:19:33+0100 lvl=eror msg="failed to reconnect session" obj=tunnels.session err="failed to dial ngrok server with address \"connect.ngrok-agent.com:443\": dial tcp: lookup connect.ngrok-agent.com: no such host"
t=2026-06-17T08:20:03+0100 lvl=eror msg="failed to reconnect session" obj=tunnels.session err="failed to dial ngrok server with address \"connect.ngrok-agent.com:443\": dial tcp: lookup connect.ngrok-agent.com: no such host"
t=2026-06-17T08:20:33+0100 lvl=eror msg="failed to reconnect session" obj=tunnels.session err="failed to dial ngrok server with address \"connect.ngrok-agent.com:443\": dial tcp: lookup connect.ngrok-agent.com: no such host"
t=2026-06-17T08:21:03+0100 lvl=eror msg="failed to reconnect session" obj=tunnels.session err="failed to dial ngrok server with address \"connect.ngrok-agent.com:443\": dial tcp: lookup connect.ngrok-agent.com: no such host"
t=2026-06-17T08:21:33+0100 lvl=eror msg="failed to reconnect session" obj=tunnels.session err="failed to dial ngrok server with address \"connect.ngrok-agent.com:443\": dial tcp: lookup connect.ngrok-agent.com: no such host"
t=2026-06-17T08:22:03+0100 lvl=eror msg="failed to reconnect session" obj=tunnels.session err="failed to dial ngrok server with address \"connect.ngrok-agent.com:443\": dial tcp: lookup connect.ngrok-agent.com: no such host"
t=2026-06-17T08:22:33+0100 lvl=eror msg="failed to reconnect session" obj=tunnels.session err="failed to dial ngrok server with address \"connect.ngrok-agent.com:443\": dial tcp: lookup connect.ngrok-agent.com: no such host"
t=2026-06-17T08:23:03+0100 lvl=eror msg="failed to reconnect session" obj=tunnels.session err="failed to dial ngrok server with address \"connect.ngrok-agent.com:443\": dial tcp: lookup connect.ngrok-agent.com: no such host"
t=2026-06-17T08:23:33+0100 lvl=eror msg="failed to reconnect session" obj=tunnels.session err="failed to dial ngrok server with address \"connect.ngrok-agent.com:443\": dial tcp: lookup connect.ngrok-agent.com: no such host"
t=2026-06-17T08:24:03+0100 lvl=eror msg="failed to reconnect session" obj=tunnels.session err="failed to dial ngrok server with address \"connect.ngrok-agent.com:443\": dial tcp: lookup connect.ngrok-agent.com: no such host"
t=2026-06-17T08:24:33+0100 lvl=eror msg="failed to reconnect session" obj=tunnels.session err="failed to dial ngrok server with address \"connect.ngrok-agent.com:443\": dial tcp: lookup connect.ngrok-agent.com: no such host"
t=2026-06-17T08:25:03+0100 lvl=eror msg="failed to reconnect session" obj=tunnels.session err="failed to dial ngrok server with address \"connect.ngrok-agent.com:443\": dial tcp: lookup connect.ngrok-agent.com: no such host"
t=2026-06-17T08:25:33+0100 lvl=eror msg="failed to reconnect session" obj=tunnels.session err="failed to dial ngrok server with address \"connect.ngrok-agent.com:443\": dial tcp: lookup connect.ngrok-agent.com: no such host"
t=2026-06-17T08:26:03+0100 lvl=eror msg="failed to reconnect session" obj=tunnels.session err="failed to dial ngrok server with address \"connect.ngrok-agent.com:443\": dial tcp: lookup connect.ngrok-agent.com: no such host"
t=2026-06-17T08:26:33+0100 lvl=eror msg="failed to reconnect session" obj=tunnels.session err="failed to dial ngrok server with address \"connect.ngrok-agent.com:443\": dial tcp: lookup connect.ngrok-agent.com: no such host"
t=2026-06-17T08:27:03+0100 lvl=eror msg="failed to reconnect session" obj=tunnels.session err="failed to dial ngrok server with address \"connect.ngrok-agent.com:443\": dial tcp: lookup connect.ngrok-agent.com: no such host"
t=2026-06-17T08:27:33+0100 lvl=eror msg="failed to reconnect session" obj=tunnels.session err="failed to dial ngrok server with address \"connect.ngrok-agent.com:443\": dial tcp: lookup connect.ngrok-agent.com: no such host"
t=2026-06-17T08:28:03+0100 lvl=eror msg="failed to reconnect session" obj=tunnels.session err="failed to dial ngrok server with address \"connect.ngrok-agent.com:443\": dial tcp: lookup connect.ngrok-agent.com: no such host"
t=2026-06-17T08:28:33+0100 lvl=eror msg="failed to reconnect session" obj=tunnels.session err="failed to dial ngrok server with address \"connect.ngrok-agent.com:443\": dial tcp: lookup connect.ngrok-agent.com: no such host"
t=2026-06-17T08:29:03+0100 lvl=eror msg="failed to reconnect session" obj=tunnels.session err="failed to dial ngrok server with address \"connect.ngrok-agent.com:443\": dial tcp: lookup connect.ngrok-agent.com: no such host"
t=2026-06-17T08:29:33+0100 lvl=eror msg="failed to reconnect session" obj=tunnels.session err="failed to dial ngrok server with address \"connect.ngrok-agent.com:443\": dial tcp: lookup connect.ngrok-agent.com: no such host"
t=2026-06-17T08:30:03+0100 lvl=eror msg="failed to reconnect session" obj=tunnels.session err="failed to dial ngrok server with address \"connect.ngrok-agent.com:443\": dial tcp: lookup connect.ngrok-agent.com: no such host"
t=2026-06-17T08:30:33+0100 lvl=eror msg="failed to reconnect session" obj=tunnels.session err="failed to dial ngrok server with address \"connect.ngrok-agent.com:443\": dial tcp: lookup connect.ngrok-agent.com: no such host"
t=2026-06-17T08:31:03+0100 lvl=eror msg="failed to reconnect session" obj=tunnels.session err="failed to dial ngrok server with address \"connect.ngrok-agent.com:443\": dial tcp: lookup connect.ngrok-agent.com: no such host"
t=2026-06-17T08:31:33+0100 lvl=eror msg="failed to reconnect session" obj=tunnels.session err="failed to dial ngrok server with address \"connect.ngrok-agent.com:443\": dial tcp: lookup connect.ngrok-agent.com: no such host"
t=2026-06-17T08:32:03+0100 lvl=eror msg="failed to reconnect session" obj=tunnels.session err="failed to dial ngrok server with address \"connect.ngrok-agent.com:443\": dial tcp: lookup connect.ngrok-agent.com: no such host"
t=2026-06-17T08:32:33+0100 lvl=eror msg="failed to reconnect session" obj=tunnels.session err="failed to dial ngrok server with address \"connect.ngrok-agent.com:443\": dial tcp: lookup connect.ngrok-agent.com: no such host"
t=2026-06-17T08:33:03+0100 lvl=eror msg="failed to reconnect session" obj=tunnels.session err="failed to dial ngrok server with address \"connect.ngrok-agent.com:443\": dial tcp: lookup connect.ngrok-agent.com: no such host"
t=2026-06-17T08:33:33+0100 lvl=eror msg="failed to reconnect session" obj=tunnels.session err="failed to dial ngrok server with address \"connect.ngrok-agent.com:443\": dial tcp: lookup connect.ngrok-agent.com: no such host"
t=2026-06-17T08:34:03+0100 lvl=eror msg="failed to reconnect session" obj=tunnels.session err="failed to dial ngrok server with address \"connect.ngrok-agent.com:443\": dial tcp: lookup connect.ngrok-agent.com: no such host"
t=2026-06-17T08:34:33+0100 lvl=eror msg="failed to reconnect session" obj=tunnels.session err="failed to dial ngrok server with address \"connect.ngrok-agent.com:443\": dial tcp: lookup connect.ngrok-agent.com: no such host"
t=2026-06-17T08:35:03+0100 lvl=eror msg="failed to reconnect session" obj=tunnels.session err="failed to dial ngrok server with address \"connect.ngrok-agent.com:443\": dial tcp: lookup connect.ngrok-agent.com: no such host"
t=2026-06-17T08:35:33+0100 lvl=eror msg="failed to reconnect session" obj=tunnels.session err="failed to dial ngrok server with address \"connect.ngrok-agent.com:443\": dial tcp: lookup connect.ngrok-agent.com: no such host"
t=2026-06-17T08:36:03+0100 lvl=eror msg="failed to reconnect session" obj=tunnels.session err="failed to dial ngrok server with address \"connect.ngrok-agent.com:443\": dial tcp: lookup connect.ngrok-agent.com: no such host"
t=2026-06-17T08:36:33+0100 lvl=eror msg="failed to reconnect session" obj=tunnels.session err="failed to dial ngrok server with address \"connect.ngrok-agent.com:443\": dial tcp: lookup connect.ngrok-agent.com: no such host"
t=2026-06-17T08:37:03+0100 lvl=eror msg="failed to reconnect session" obj=tunnels.session err="failed to dial ngrok server with address \"connect.ngrok-agent.com:443\": dial tcp: lookup connect.ngrok-agent.com: no such host"
t=2026-06-17T08:37:33+0100 lvl=eror msg="failed to reconnect session" obj=tunnels.session err="failed to dial ngrok server with address \"connect.ngrok-agent.com:443\": dial tcp: lookup connect.ngrok-agent.com: no such host"
t=2026-06-17T08:38:03+0100 lvl=eror msg="failed to reconnect session" obj=tunnels.session err="failed to dial ngrok server with address \"connect.ngrok-agent.com:443\": dial tcp: lookup connect.ngrok-agent.com: no such host"
t=2026-06-17T08:38:33+0100 lvl=eror msg="failed to reconnect session" obj=tunnels.session err="failed to dial ngrok server with address \"connect.ngrok-agent.com:443\": dial tcp: lookup connect.ngrok-agent.com: no such host"
t=2026-06-17T08:39:03+0100 lvl=eror msg="failed to reconnect session" obj=tunnels.session err="failed to dial ngrok server with address \"connect.ngrok-agent.com:443\": dial tcp: lookup connect.ngrok-agent.com: no such host"
t=2026-06-17T08:39:33+0100 lvl=eror msg="failed to reconnect session" obj=tunnels.session err="failed to dial ngrok server with address \"connect.ngrok-agent.com:443\": dial tcp: lookup connect.ngrok-agent.com: no such host"
t=2026-06-17T08:40:03+0100 lvl=eror msg="failed to reconnect session" obj=tunnels.session err="failed to dial ngrok server with address \"connect.ngrok-agent.com:443\": dial tcp: lookup connect.ngrok-agent.com: no such host"
t=2026-06-17T08:40:33+0100 lvl=eror msg="failed to reconnect session" obj=tunnels.session err="failed to dial ngrok server with address \"connect.ngrok-agent.com:443\": dial tcp: lookup connect.ngrok-agent.com: no such host"
t=2026-06-17T08:41:03+0100 lvl=eror msg="failed to reconnect session" obj=tunnels.session err="failed to dial ngrok server with address \"connect.ngrok-agent.com:443\": dial tcp: lookup connect.ngrok-agent.com: no such host"
t=2026-06-17T08:41:33+0100 lvl=eror msg="failed to reconnect session" obj=tunnels.session err="failed to dial ngrok server with address \"connect.ngrok-agent.com:443\": dial tcp: lookup connect.ngrok-agent.com: no such host"
t=2026-06-17T08:42:03+0100 lvl=eror msg="failed to reconnect session" obj=tunnels.session err="failed to dial ngrok server with address \"connect.ngrok-agent.com:443\": dial tcp: lookup connect.ngrok-agent.com: no such host"
t=2026-06-17T08:42:33+0100 lvl=eror msg="failed to reconnect session" obj=tunnels.session err="failed to dial ngrok server with address \"connect.ngrok-agent.com:443\": dial tcp: lookup connect.ngrok-agent.com: no such host"
t=2026-06-17T08:43:03+0100 lvl=eror msg="failed to reconnect session" obj=tunnels.session err="failed to dial ngrok server with address \"connect.ngrok-agent.com:443\": dial tcp: lookup connect.ngrok-agent.com: no such host"
t=2026-06-17T08:43:33+0100 lvl=eror msg="failed to reconnect session" obj=tunnels.session err="failed to dial ngrok server with address \"connect.ngrok-agent.com:443\": dial tcp: lookup connect.ngrok-agent.com: no such host"
t=2026-06-17T08:44:03+0100 lvl=eror msg="failed to reconnect session" obj=tunnels.session err="failed to dial ngrok server with address \"connect.ngrok-agent.com:443\": dial tcp: lookup connect.ngrok-agent.com: no such host"
t=2026-06-17T08:44:33+0100 lvl=eror msg="failed to reconnect session" obj=tunnels.session err="failed to dial ngrok server with address \"connect.ngrok-agent.com:443\": dial tcp: lookup connect.ngrok-agent.com: no such host"
t=2026-06-17T08:45:03+0100 lvl=eror msg="failed to reconnect session" obj=tunnels.session err="failed to dial ngrok server with address \"connect.ngrok-agent.com:443\": dial tcp: lookup connect.ngrok-agent.com: no such host"
t=2026-06-17T08:45:33+0100 lvl=eror msg="failed to reconnect session" obj=tunnels.session err="failed to dial ngrok server with address \"connect.ngrok-agent.com:443\": dial tcp: lookup connect.ngrok-agent.com: no such host"
t=2026-06-17T08:46:03+0100 lvl=eror msg="failed to reconnect session" obj=tunnels.session err="failed to dial ngrok server with address \"connect.ngrok-agent.com:443\": dial tcp: lookup connect.ngrok-agent.com: no such host"
t=2026-06-17T08:46:33+0100 lvl=eror msg="failed to reconnect session" obj=tunnels.session err="failed to dial ngrok server with address \"connect.ngrok-agent.com:443\": dial tcp: lookup connect.ngrok-agent.com: no such host"
t=2026-06-17T08:47:03+0100 lvl=eror msg="failed to reconnect session" obj=tunnels.session err="failed to dial ngrok server with address \"connect.ngrok-agent.com:443\": dial tcp: lookup connect.ngrok-agent.com: no such host"
t=2026-06-17T08:47:33+0100 lvl=eror msg="failed to reconnect session" obj=tunnels.session err="failed to dial ngrok server with address \"connect.ngrok-agent.com:443\": dial tcp: lookup connect.ngrok-agent.com: no such host"
t=2026-06-17T08:48:03+0100 lvl=eror msg="failed to reconnect session" obj=tunnels.session err="failed to dial ngrok server with address \"connect.ngrok-agent.com:443\": dial tcp: lookup connect.ngrok-agent.com: no such host"
t=2026-06-17T08:48:33+0100 lvl=eror msg="failed to reconnect session" obj=tunnels.session err="failed to dial ngrok server with address \"connect.ngrok-agent.com:443\": dial tcp: lookup connect.ngrok-agent.com: no such host"
t=2026-06-17T08:49:03+0100 lvl=eror msg="failed to reconnect session" obj=tunnels.session err="failed to dial ngrok server with address \"connect.ngrok-agent.com:443\": dial tcp: lookup connect.ngrok-agent.com: no such host"
t=2026-06-17T08:49:33+0100 lvl=eror msg="failed to reconnect session" obj=tunnels.session err="failed to dial ngrok server with address \"connect.ngrok-agent.com:443\": dial tcp: lookup connect.ngrok-agent.com: no such host"
t=2026-06-17T08:50:03+0100 lvl=eror msg="failed to reconnect session" obj=tunnels.session err="failed to dial ngrok server with address \"connect.ngrok-agent.com:443\": dial tcp: lookup connect.ngrok-agent.com: no such host"
t=2026-06-17T08:50:27+0100 lvl=warn msg="failed to check for update" obj=updater err="Post \"https://update.equinox.io/check\": dial tcp: lookup update.equinox.io: no such host"
t=2026-06-17T08:50:33+0100 lvl=eror msg="failed to reconnect session" obj=tunnels.session err="failed to dial ngrok server with address \"connect.ngrok-agent.com:443\": dial tcp: lookup connect.ngrok-agent.com: no such host"
t=2026-06-17T08:51:03+0100 lvl=eror msg="failed to reconnect session" obj=tunnels.session err="failed to dial ngrok server with address \"connect.ngrok-agent.com:443\": dial tcp: lookup connect.ngrok-agent.com: no such host"
t=2026-06-17T08:51:33+0100 lvl=eror msg="failed to reconnect session" obj=tunnels.session err="failed to dial ngrok server with address \"connect.ngrok-agent.com:443\": dial tcp: lookup connect.ngrok-agent.com: no such host"
t=2026-06-17T08:52:03+0100 lvl=eror msg="failed to reconnect session" obj=tunnels.session err="failed to dial ngrok server with address \"connect.ngrok-agent.com:443\": dial tcp: lookup connect.ngrok-agent.com: no such host"
t=2026-06-17T08:52:33+0100 lvl=eror msg="failed to reconnect session" obj=tunnels.session err="failed to dial ngrok server with address \"connect.ngrok-agent.com:443\": dial tcp: lookup connect.ngrok-agent.com: no such host"
t=2026-06-17T08:53:03+0100 lvl=eror msg="failed to reconnect session" obj=tunnels.session err="failed to dial ngrok server with address \"connect.ngrok-agent.com:443\": dial tcp: lookup connect.ngrok-agent.com: no such host"
t=2026-06-17T08:53:33+0100 lvl=eror msg="failed to reconnect session" obj=tunnels.session err="failed to dial ngrok server with address \"connect.ngrok-agent.com:443\": dial tcp: lookup connect.ngrok-agent.com: no such host"
t=2026-06-17T08:54:03+0100 lvl=eror msg="failed to reconnect session" obj=tunnels.session err="failed to dial ngrok server with address \"connect.ngrok-agent.com:443\": dial tcp: lookup connect.ngrok-agent.com: no such host"
t=2026-06-17T08:54:33+0100 lvl=eror msg="failed to reconnect session" obj=tunnels.session err="failed to dial ngrok server with address \"connect.ngrok-agent.com:443\": dial tcp: lookup connect.ngrok-agent.com: no such host"
t=2026-06-17T08:55:03+0100 lvl=eror msg="failed to reconnect session" obj=tunnels.session err="failed to dial ngrok server with address \"connect.ngrok-agent.com:443\": dial tcp: lookup connect.ngrok-agent.com: no such host"
t=2026-06-17T08:55:33+0100 lvl=eror msg="failed to reconnect session" obj=tunnels.session err="failed to dial ngrok server with address \"connect.ngrok-agent.com:443\": dial tcp: lookup connect.ngrok-agent.com: no such host"
t=2026-06-17T08:56:03+0100 lvl=eror msg="failed to reconnect session" obj=tunnels.session err="failed to dial ngrok server with address \"connect.ngrok-agent.com:443\": dial tcp: lookup connect.ngrok-agent.com: no such host"
t=2026-06-17T08:56:33+0100 lvl=eror msg="failed to reconnect session" obj=tunnels.session err="failed to dial ngrok server with address \"connect.ngrok-agent.com:443\": dial tcp: lookup connect.ngrok-agent.com: no such host"
t=2026-06-17T08:57:03+0100 lvl=eror msg="failed to reconnect session" obj=tunnels.session err="failed to dial ngrok server with address \"connect.ngrok-agent.com:443\": dial tcp: lookup connect.ngrok-agent.com: no such host"
t=2026-06-17T08:57:33+0100 lvl=eror msg="failed to reconnect session" obj=tunnels.session err="failed to dial ngrok server with address \"connect.ngrok-agent.com:443\": dial tcp: lookup connect.ngrok-agent.com: no such host"
t=2026-06-17T08:58:03+0100 lvl=eror msg="failed to reconnect session" obj=tunnels.session err="failed to dial ngrok server with address \"connect.ngrok-agent.com:443\": dial tcp: lookup connect.ngrok-agent.com: no such host"
t=2026-06-17T08:58:33+0100 lvl=eror msg="failed to reconnect session" obj=tunnels.session err="failed to dial ngrok server with address \"connect.ngrok-agent.com:443\": dial tcp: lookup connect.ngrok-agent.com: no such host"
t=2026-06-17T08:59:03+0100 lvl=eror msg="failed to reconnect session" obj=tunnels.session err="failed to dial ngrok server with address \"connect.ngrok-agent.com:443\": dial tcp: lookup connect.ngrok-agent.com: no such host"
t=2026-06-17T08:59:33+0100 lvl=eror msg="failed to reconnect session" obj=tunnels.session err="failed to dial ngrok server with address \"connect.ngrok-agent.com:443\": dial tcp: lookup connect.ngrok-agent.com: no such host"
t=2026-06-17T09:00:04+0100 lvl=eror msg="failed to reconnect session" obj=tunnels.session err="failed to dial ngrok server with address \"connect.ngrok-agent.com:443\": dial tcp: lookup connect.ngrok-agent.com: no such host"
t=2026-06-17T09:00:34+0100 lvl=eror msg="failed to reconnect session" obj=tunnels.session err="failed to dial ngrok server with address \"connect.ngrok-agent.com:443\": dial tcp: lookup connect.ngrok-agent.com: no such host"
t=2026-06-17T09:01:04+0100 lvl=eror msg="failed to reconnect session" obj=tunnels.session err="failed to dial ngrok server with address \"connect.ngrok-agent.com:443\": dial tcp: lookup connect.ngrok-agent.com: no such host"
t=2026-06-17T09:01:34+0100 lvl=eror msg="failed to reconnect session" obj=tunnels.session err="failed to dial ngrok server with address \"connect.ngrok-agent.com:443\": dial tcp: lookup connect.ngrok-agent.com: no such host"
t=2026-06-17T09:02:04+0100 lvl=eror msg="failed to reconnect session" obj=tunnels.session err="failed to dial ngrok server with address \"connect.ngrok-agent.com:443\": dial tcp: lookup connect.ngrok-agent.com: no such host"
t=2026-06-17T09:02:34+0100 lvl=eror msg="failed to reconnect session" obj=tunnels.session err="failed to dial ngrok server with address \"connect.ngrok-agent.com:443\": dial tcp: lookup connect.ngrok-agent.com: no such host"
t=2026-06-17T09:03:04+0100 lvl=eror msg="failed to reconnect session" obj=tunnels.session err="failed to dial ngrok server with address \"connect.ngrok-agent.com:443\": dial tcp: lookup connect.ngrok-agent.com: no such host"
t=2026-06-17T09:03:34+0100 lvl=eror msg="failed to reconnect session" obj=tunnels.session err="failed to dial ngrok server with address \"connect.ngrok-agent.com:443\": dial tcp: lookup connect.ngrok-agent.com: no such host"
t=2026-06-17T09:04:04+0100 lvl=eror msg="failed to reconnect session" obj=tunnels.session err="failed to dial ngrok server with address \"connect.ngrok-agent.com:443\": dial tcp: lookup connect.ngrok-agent.com: no such host"
t=2026-06-17T09:04:34+0100 lvl=eror msg="failed to reconnect session" obj=tunnels.session err="failed to dial ngrok server with address \"connect.ngrok-agent.com:443\": dial tcp: lookup connect.ngrok-agent.com: no such host"
t=2026-06-17T09:05:04+0100 lvl=eror msg="failed to reconnect session" obj=tunnels.session err="failed to dial ngrok server with address \"connect.ngrok-agent.com:443\": dial tcp: lookup connect.ngrok-agent.com: no such host"
t=2026-06-17T09:05:34+0100 lvl=eror msg="failed to reconnect session" obj=tunnels.session err="failed to dial ngrok server with address \"connect.ngrok-agent.com:443\": dial tcp: lookup connect.ngrok-agent.com: no such host"
t=2026-06-17T09:06:04+0100 lvl=eror msg="failed to reconnect session" obj=tunnels.session err="failed to dial ngrok server with address \"connect.ngrok-agent.com:443\": dial tcp: lookup connect.ngrok-agent.com: no such host"
t=2026-06-17T09:06:34+0100 lvl=eror msg="failed to reconnect session" obj=tunnels.session err="failed to dial ngrok server with address \"connect.ngrok-agent.com:443\": dial tcp: lookup connect.ngrok-agent.com: no such host"
t=2026-06-17T09:07:04+0100 lvl=eror msg="failed to reconnect session" obj=tunnels.session err="failed to dial ngrok server with address \"connect.ngrok-agent.com:443\": dial tcp: lookup connect.ngrok-agent.com: no such host"
t=2026-06-17T09:07:34+0100 lvl=eror msg="failed to reconnect session" obj=tunnels.session err="failed to dial ngrok server with address \"connect.ngrok-agent.com:443\": dial tcp: lookup connect.ngrok-agent.com: no such host"
t=2026-06-17T09:08:04+0100 lvl=eror msg="failed to reconnect session" obj=tunnels.session err="failed to dial ngrok server with address \"connect.ngrok-agent.com:443\": dial tcp: lookup connect.ngrok-agent.com: no such host"
t=2026-06-17T09:08:34+0100 lvl=eror msg="failed to reconnect session" obj=tunnels.session err="failed to dial ngrok server with address \"connect.ngrok-agent.com:443\": dial tcp: lookup connect.ngrok-agent.com: no such host"
t=2026-06-17T09:09:04+0100 lvl=eror msg="failed to reconnect session" obj=tunnels.session err="failed to dial ngrok server with address \"connect.ngrok-agent.com:443\": dial tcp: lookup connect.ngrok-agent.com: no such host"
t=2026-06-17T09:09:34+0100 lvl=eror msg="failed to reconnect session" obj=tunnels.session err="failed to dial ngrok server with address \"connect.ngrok-agent.com:443\": dial tcp: lookup connect.ngrok-agent.com: no such host"
t=2026-06-17T09:10:04+0100 lvl=eror msg="failed to reconnect session" obj=tunnels.session err="failed to dial ngrok server with address \"connect.ngrok-agent.com:443\": dial tcp: lookup connect.ngrok-agent.com: no such host"
t=2026-06-17T09:10:34+0100 lvl=eror msg="failed to reconnect session" obj=tunnels.session err="failed to dial ngrok server with address \"connect.ngrok-agent.com:443\": dial tcp: lookup connect.ngrok-agent.com: no such host"
t=2026-06-17T09:11:04+0100 lvl=eror msg="failed to reconnect session" obj=tunnels.session err="failed to dial ngrok server with address \"connect.ngrok-agent.com:443\": dial tcp: lookup connect.ngrok-agent.com: no such host"
t=2026-06-17T09:11:34+0100 lvl=eror msg="failed to reconnect session" obj=tunnels.session err="failed to dial ngrok server with address \"connect.ngrok-agent.com:443\": dial tcp: lookup connect.ngrok-agent.com: no such host"
t=2026-06-17T09:12:04+0100 lvl=eror msg="failed to reconnect session" obj=tunnels.session err="failed to dial ngrok server with address \"connect.ngrok-agent.com:443\": dial tcp: lookup connect.ngrok-agent.com: no such host"
t=2026-06-17T09:12:34+0100 lvl=eror msg="failed to reconnect session" obj=tunnels.session err="failed to dial ngrok server with address \"connect.ngrok-agent.com:443\": dial tcp: lookup connect.ngrok-agent.com: no such host"
t=2026-06-17T09:13:04+0100 lvl=eror msg="failed to reconnect session" obj=tunnels.session err="failed to dial ngrok server with address \"connect.ngrok-agent.com:443\": dial tcp: lookup connect.ngrok-agent.com: no such host"
t=2026-06-17T09:13:34+0100 lvl=eror msg="failed to reconnect session" obj=tunnels.session err="failed to dial ngrok server with address \"connect.ngrok-agent.com:443\": dial tcp: lookup connect.ngrok-agent.com: no such host"
t=2026-06-17T09:14:04+0100 lvl=eror msg="failed to reconnect session" obj=tunnels.session err="failed to dial ngrok server with address \"connect.ngrok-agent.com:443\": dial tcp: lookup connect.ngrok-agent.com: no such host"
t=2026-06-17T09:14:34+0100 lvl=eror msg="failed to reconnect session" obj=tunnels.session err="failed to dial ngrok server with address \"connect.ngrok-agent.com:443\": dial tcp: lookup connect.ngrok-agent.com: no such host"
t=2026-06-17T09:15:04+0100 lvl=eror msg="failed to reconnect session" obj=tunnels.session err="failed to dial ngrok server with address \"connect.ngrok-agent.com:443\": dial tcp: lookup connect.ngrok-agent.com: no such host"
t=2026-06-17T09:15:34+0100 lvl=eror msg="failed to reconnect session" obj=tunnels.session err="failed to dial ngrok server with address \"connect.ngrok-agent.com:443\": dial tcp: lookup connect.ngrok-agent.com: no such host"
t=2026-06-17T09:16:04+0100 lvl=eror msg="failed to reconnect session" obj=tunnels.session err="failed to dial ngrok server with address \"connect.ngrok-agent.com:443\": dial tcp: lookup connect.ngrok-agent.com: no such host"
t=2026-06-17T09:16:34+0100 lvl=eror msg="failed to reconnect session" obj=tunnels.session err="failed to dial ngrok server with address \"connect.ngrok-agent.com:443\": dial tcp: lookup connect.ngrok-agent.com: no such host"
t=2026-06-17T09:17:04+0100 lvl=eror msg="failed to reconnect session" obj=tunnels.session err="failed to dial ngrok server with address \"connect.ngrok-agent.com:443\": dial tcp: lookup connect.ngrok-agent.com: no such host"
t=2026-06-17T09:17:34+0100 lvl=eror msg="failed to reconnect session" obj=tunnels.session err="failed to dial ngrok server with address \"connect.ngrok-agent.com:443\": dial tcp: lookup connect.ngrok-agent.com: no such host"
t=2026-06-17T09:18:04+0100 lvl=eror msg="failed to reconnect session" obj=tunnels.session err="failed to dial ngrok server with address \"connect.ngrok-agent.com:443\": dial tcp: lookup connect.ngrok-agent.com: no such host"
t=2026-06-17T09:18:34+0100 lvl=eror msg="failed to reconnect session" obj=tunnels.session err="failed to dial ngrok server with address \"connect.ngrok-agent.com:443\": dial tcp: lookup connect.ngrok-agent.com: no such host"
t=2026-06-17T09:19:04+0100 lvl=eror msg="failed to reconnect session" obj=tunnels.session err="failed to dial ngrok server with address \"connect.ngrok-agent.com:443\": dial tcp: lookup connect.ngrok-agent.com: no such host"
t=2026-06-17T09:19:34+0100 lvl=eror msg="failed to reconnect session" obj=tunnels.session err="failed to dial ngrok server with address \"connect.ngrok-agent.com:443\": dial tcp: lookup connect.ngrok-agent.com: no such host"
t=2026-06-17T09:20:04+0100 lvl=eror msg="failed to reconnect session" obj=tunnels.session err="failed to dial ngrok server with address \"connect.ngrok-agent.com:443\": dial tcp: lookup connect.ngrok-agent.com: no such host"
t=2026-06-17T09:20:34+0100 lvl=eror msg="failed to reconnect session" obj=tunnels.session err="failed to dial ngrok server with address \"connect.ngrok-agent.com:443\": dial tcp: lookup connect.ngrok-agent.com: no such host"
t=2026-06-17T09:21:04+0100 lvl=eror msg="failed to reconnect session" obj=tunnels.session err="failed to dial ngrok server with address \"connect.ngrok-agent.com:443\": dial tcp: lookup connect.ngrok-agent.com: no such host"
t=2026-06-17T09:21:34+0100 lvl=eror msg="failed to reconnect session" obj=tunnels.session err="failed to dial ngrok server with address \"connect.ngrok-agent.com:443\": dial tcp: lookup connect.ngrok-agent.com: no such host"
t=2026-06-17T09:22:04+0100 lvl=eror msg="failed to reconnect session" obj=tunnels.session err="failed to dial ngrok server with address \"connect.ngrok-agent.com:443\": dial tcp: lookup connect.ngrok-agent.com: no such host"
t=2026-06-17T09:22:34+0100 lvl=eror msg="failed to reconnect session" obj=tunnels.session err="failed to dial ngrok server with address \"connect.ngrok-agent.com:443\": dial tcp: lookup connect.ngrok-agent.com: no such host"
t=2026-06-17T09:23:04+0100 lvl=eror msg="failed to reconnect session" obj=tunnels.session err="failed to dial ngrok server with address \"connect.ngrok-agent.com:443\": dial tcp: lookup connect.ngrok-agent.com: no such host"
t=2026-06-17T09:23:34+0100 lvl=eror msg="failed to reconnect session" obj=tunnels.session err="failed to dial ngrok server with address \"connect.ngrok-agent.com:443\": dial tcp: lookup connect.ngrok-agent.com: no such host"
t=2026-06-17T09:24:04+0100 lvl=eror msg="failed to reconnect session" obj=tunnels.session err="failed to dial ngrok server with address \"connect.ngrok-agent.com:443\": dial tcp: lookup connect.ngrok-agent.com: no such host"
t=2026-06-17T09:24:34+0100 lvl=eror msg="failed to reconnect session" obj=tunnels.session err="failed to dial ngrok server with address \"connect.ngrok-agent.com:443\": dial tcp: lookup connect.ngrok-agent.com: no such host"
t=2026-06-17T09:25:04+0100 lvl=eror msg="failed to reconnect session" obj=tunnels.session err="failed to dial ngrok server with address \"connect.ngrok-agent.com:443\": dial tcp: lookup connect.ngrok-agent.com: no such host"
t=2026-06-17T09:25:34+0100 lvl=eror msg="failed to reconnect session" obj=tunnels.session err="failed to dial ngrok server with address \"connect.ngrok-agent.com:443\": dial tcp: lookup connect.ngrok-agent.com: no such host"
t=2026-06-17T09:26:04+0100 lvl=eror msg="failed to reconnect session" obj=tunnels.session err="failed to dial ngrok server with address \"connect.ngrok-agent.com:443\": dial tcp: lookup connect.ngrok-agent.com: no such host"
t=2026-06-17T09:26:34+0100 lvl=eror msg="failed to reconnect session" obj=tunnels.session err="failed to dial ngrok server with address \"connect.ngrok-agent.com:443\": dial tcp: lookup connect.ngrok-agent.com: no such host"
t=2026-06-17T09:27:04+0100 lvl=eror msg="failed to reconnect session" obj=tunnels.session err="failed to dial ngrok server with address \"connect.ngrok-agent.com:443\": dial tcp: lookup connect.ngrok-agent.com: no such host"
t=2026-06-17T09:27:34+0100 lvl=eror msg="failed to reconnect session" obj=tunnels.session err="failed to dial ngrok server with address \"connect.ngrok-agent.com:443\": dial tcp: lookup connect.ngrok-agent.com: no such host"
t=2026-06-17T09:28:04+0100 lvl=eror msg="failed to reconnect session" obj=tunnels.session err="failed to dial ngrok server with address \"connect.ngrok-agent.com:443\": dial tcp: lookup connect.ngrok-agent.com: no such host"
t=2026-06-17T09:28:34+0100 lvl=eror msg="failed to reconnect session" obj=tunnels.session err="failed to dial ngrok server with address \"connect.ngrok-agent.com:443\": dial tcp: lookup connect.ngrok-agent.com: no such host"
t=2026-06-17T09:29:04+0100 lvl=eror msg="failed to reconnect session" obj=tunnels.session err="failed to dial ngrok server with address \"connect.ngrok-agent.com:443\": dial tcp: lookup connect.ngrok-agent.com: no such host"
t=2026-06-17T09:29:34+0100 lvl=eror msg="failed to reconnect session" obj=tunnels.session err="failed to dial ngrok server with address \"connect.ngrok-agent.com:443\": dial tcp: lookup connect.ngrok-agent.com: no such host"
t=2026-06-17T09:30:04+0100 lvl=eror msg="failed to reconnect session" obj=tunnels.session err="failed to dial ngrok server with address \"connect.ngrok-agent.com:443\": dial tcp: lookup connect.ngrok-agent.com: no such host"
t=2026-06-17T09:30:34+0100 lvl=eror msg="failed to reconnect session" obj=tunnels.session err="failed to dial ngrok server with address \"connect.ngrok-agent.com:443\": dial tcp: lookup connect.ngrok-agent.com: no such host"
t=2026-06-17T09:31:04+0100 lvl=eror msg="failed to reconnect session" obj=tunnels.session err="failed to dial ngrok server with address \"connect.ngrok-agent.com:443\": dial tcp: lookup connect.ngrok-agent.com: no such host"
t=2026-06-17T09:31:34+0100 lvl=eror msg="failed to reconnect session" obj=tunnels.session err="failed to dial ngrok server with address \"connect.ngrok-agent.com:443\": dial tcp: lookup connect.ngrok-agent.com: no such host"
t=2026-06-17T09:32:04+0100 lvl=eror msg="failed to reconnect session" obj=tunnels.session err="failed to dial ngrok server with address \"connect.ngrok-agent.com:443\": dial tcp: lookup connect.ngrok-agent.com: no such host"
t=2026-06-17T09:32:34+0100 lvl=eror msg="failed to reconnect session" obj=tunnels.session err="failed to dial ngrok server with address \"connect.ngrok-agent.com:443\": dial tcp: lookup connect.ngrok-agent.com: no such host"
t=2026-06-17T09:33:04+0100 lvl=eror msg="failed to reconnect session" obj=tunnels.session err="failed to dial ngrok server with address \"connect.ngrok-agent.com:443\": dial tcp: lookup connect.ngrok-agent.com: no such host"
t=2026-06-17T09:33:34+0100 lvl=eror msg="failed to reconnect session" obj=tunnels.session err="failed to dial ngrok server with address \"connect.ngrok-agent.com:443\": dial tcp: lookup connect.ngrok-agent.com: no such host"
t=2026-06-17T09:34:04+0100 lvl=eror msg="failed to reconnect session" obj=tunnels.session err="failed to dial ngrok server with address \"connect.ngrok-agent.com:443\": dial tcp: lookup connect.ngrok-agent.com: no such host"
t=2026-06-17T09:34:34+0100 lvl=eror msg="failed to reconnect session" obj=tunnels.session err="failed to dial ngrok server with address \"connect.ngrok-agent.com:443\": dial tcp: lookup connect.ngrok-agent.com: no such host"
t=2026-06-17T09:35:04+0100 lvl=eror msg="failed to reconnect session" obj=tunnels.session err="failed to dial ngrok server with address \"connect.ngrok-agent.com:443\": dial tcp: lookup connect.ngrok-agent.com: no such host"
t=2026-06-17T09:35:34+0100 lvl=eror msg="failed to reconnect session" obj=tunnels.session err="failed to dial ngrok server with address \"connect.ngrok-agent.com:443\": dial tcp: lookup connect.ngrok-agent.com: no such host"
t=2026-06-17T09:36:04+0100 lvl=eror msg="failed to reconnect session" obj=tunnels.session err="failed to dial ngrok server with address \"connect.ngrok-agent.com:443\": dial tcp: lookup connect.ngrok-agent.com: no such host"
t=2026-06-17T09:36:34+0100 lvl=eror msg="failed to reconnect session" obj=tunnels.session err="failed to dial ngrok server with address \"connect.ngrok-agent.com:443\": dial tcp: lookup connect.ngrok-agent.com: no such host"
t=2026-06-17T09:37:04+0100 lvl=eror msg="failed to reconnect session" obj=tunnels.session err="failed to dial ngrok server with address \"connect.ngrok-agent.com:443\": dial tcp: lookup connect.ngrok-agent.com: no such host"
t=2026-06-17T09:37:34+0100 lvl=eror msg="failed to reconnect session" obj=tunnels.session err="failed to dial ngrok server with address \"connect.ngrok-agent.com:443\": dial tcp: lookup connect.ngrok-agent.com: no such host"
t=2026-06-17T09:38:04+0100 lvl=eror msg="failed to reconnect session" obj=tunnels.session err="failed to dial ngrok server with address \"connect.ngrok-agent.com:443\": dial tcp: lookup connect.ngrok-agent.com: no such host"
t=2026-06-17T09:38:34+0100 lvl=eror msg="failed to reconnect session" obj=tunnels.session err="failed to dial ngrok server with address \"connect.ngrok-agent.com:443\": dial tcp: lookup connect.ngrok-agent.com: no such host"
t=2026-06-17T09:39:04+0100 lvl=eror msg="failed to reconnect session" obj=tunnels.session err="failed to dial ngrok server with address \"connect.ngrok-agent.com:443\": dial tcp: lookup connect.ngrok-agent.com: no such host"
t=2026-06-17T09:39:34+0100 lvl=eror msg="failed to reconnect session" obj=tunnels.session err="failed to dial ngrok server with address \"connect.ngrok-agent.com:443\": dial tcp: lookup connect.ngrok-agent.com: no such host"
t=2026-06-17T09:40:04+0100 lvl=eror msg="failed to reconnect session" obj=tunnels.session err="failed to dial ngrok server with address \"connect.ngrok-agent.com:443\": dial tcp: lookup connect.ngrok-agent.com: no such host"
t=2026-06-17T09:40:34+0100 lvl=eror msg="failed to reconnect session" obj=tunnels.session err="failed to dial ngrok server with address \"connect.ngrok-agent.com:443\": dial tcp: lookup connect.ngrok-agent.com: no such host"
t=2026-06-17T09:41:04+0100 lvl=eror msg="failed to reconnect session" obj=tunnels.session err="failed to dial ngrok server with address \"connect.ngrok-agent.com:443\": dial tcp: lookup connect.ngrok-agent.com: no such host"
t=2026-06-17T09:41:34+0100 lvl=eror msg="failed to reconnect session" obj=tunnels.session err="failed to dial ngrok server with address \"connect.ngrok-agent.com:443\": dial tcp: lookup connect.ngrok-agent.com: no such host"
t=2026-06-17T09:42:04+0100 lvl=eror msg="failed to reconnect session" obj=tunnels.session err="failed to dial ngrok server with address \"connect.ngrok-agent.com:443\": dial tcp: lookup connect.ngrok-agent.com: no such host"
t=2026-06-17T09:42:34+0100 lvl=eror msg="failed to reconnect session" obj=tunnels.session err="failed to dial ngrok server with address \"connect.ngrok-agent.com:443\": dial tcp: lookup connect.ngrok-agent.com: no such host"
t=2026-06-17T09:43:04+0100 lvl=eror msg="failed to reconnect session" obj=tunnels.session err="failed to dial ngrok server with address \"connect.ngrok-agent.com:443\": dial tcp: lookup connect.ngrok-agent.com: no such host"
t=2026-06-17T09:43:34+0100 lvl=eror msg="failed to reconnect session" obj=tunnels.session err="failed to dial ngrok server with address \"connect.ngrok-agent.com:443\": dial tcp: lookup connect.ngrok-agent.com: no such host"
t=2026-06-17T09:44:04+0100 lvl=eror msg="failed to reconnect session" obj=tunnels.session err="failed to dial ngrok server with address \"connect.ngrok-agent.com:443\": dial tcp: lookup connect.ngrok-agent.com: no such host"
t=2026-06-17T09:44:34+0100 lvl=eror msg="failed to reconnect session" obj=tunnels.session err="failed to dial ngrok server with address \"connect.ngrok-agent.com:443\": dial tcp: lookup connect.ngrok-agent.com: no such host"
t=2026-06-17T09:45:04+0100 lvl=eror msg="failed to reconnect session" obj=tunnels.session err="failed to dial ngrok server with address \"connect.ngrok-agent.com:443\": dial tcp: lookup connect.ngrok-agent.com: no such host"
t=2026-06-17T09:45:34+0100 lvl=eror msg="failed to reconnect session" obj=tunnels.session err="failed to dial ngrok server with address \"connect.ngrok-agent.com:443\": dial tcp: lookup connect.ngrok-agent.com: no such host"
t=2026-06-17T09:46:04+0100 lvl=eror msg="failed to reconnect session" obj=tunnels.session err="failed to dial ngrok server with address \"connect.ngrok-agent.com:443\": dial tcp: lookup connect.ngrok-agent.com: no such host"
t=2026-06-17T09:46:34+0100 lvl=eror msg="failed to reconnect session" obj=tunnels.session err="failed to dial ngrok server with address \"connect.ngrok-agent.com:443\": dial tcp: lookup connect.ngrok-agent.com: no such host"
t=2026-06-17T09:47:04+0100 lvl=eror msg="failed to reconnect session" obj=tunnels.session err="failed to dial ngrok server with address \"connect.ngrok-agent.com:443\": dial tcp: lookup connect.ngrok-agent.com: no such host"
t=2026-06-17T09:47:34+0100 lvl=eror msg="failed to reconnect session" obj=tunnels.session err="failed to dial ngrok server with address \"connect.ngrok-agent.com:443\": dial tcp: lookup connect.ngrok-agent.com: no such host"
t=2026-06-17T09:48:04+0100 lvl=eror msg="failed to reconnect session" obj=tunnels.session err="failed to dial ngrok server with address \"connect.ngrok-agent.com:443\": dial tcp: lookup connect.ngrok-agent.com: no such host"
t=2026-06-17T09:48:34+0100 lvl=eror msg="failed to reconnect session" obj=tunnels.session err="failed to dial ngrok server with address \"connect.ngrok-agent.com:443\": dial tcp: lookup connect.ngrok-agent.com: no such host"
t=2026-06-17T09:49:04+0100 lvl=eror msg="failed to reconnect session" obj=tunnels.session err="failed to dial ngrok server with address \"connect.ngrok-agent.com:443\": dial tcp: lookup connect.ngrok-agent.com: no such host"
t=2026-06-17T09:49:34+0100 lvl=eror msg="failed to reconnect session" obj=tunnels.session err="failed to dial ngrok server with address \"connect.ngrok-agent.com:443\": dial tcp: lookup connect.ngrok-agent.com: no such host"
t=2026-06-17T09:50:04+0100 lvl=eror msg="failed to reconnect session" obj=tunnels.session err="failed to dial ngrok server with address \"connect.ngrok-agent.com:443\": dial tcp: lookup connect.ngrok-agent.com: no such host"
t=2026-06-17T09:50:34+0100 lvl=eror msg="failed to reconnect session" obj=tunnels.session err="failed to dial ngrok server with address \"connect.ngrok-agent.com:443\": dial tcp: lookup connect.ngrok-agent.com: no such host"
t=2026-06-17T09:51:04+0100 lvl=eror msg="failed to reconnect session" obj=tunnels.session err="failed to dial ngrok server with address \"connect.ngrok-agent.com:443\": dial tcp: lookup connect.ngrok-agent.com: no such host"
t=2026-06-17T09:51:34+0100 lvl=eror msg="failed to reconnect session" obj=tunnels.session err="failed to dial ngrok server with address \"connect.ngrok-agent.com:443\": dial tcp: lookup connect.ngrok-agent.com: no such host"
t=2026-06-17T09:52:04+0100 lvl=eror msg="failed to reconnect session" obj=tunnels.session err="failed to dial ngrok server with address \"connect.ngrok-agent.com:443\": dial tcp: lookup connect.ngrok-agent.com: no such host"
t=2026-06-17T09:52:34+0100 lvl=eror msg="failed to reconnect session" obj=tunnels.session err="failed to dial ngrok server with address \"connect.ngrok-agent.com:443\": dial tcp: lookup connect.ngrok-agent.com: no such host"
t=2026-06-17T09:53:04+0100 lvl=eror msg="failed to reconnect session" obj=tunnels.session err="failed to dial ngrok server with address \"connect.ngrok-agent.com:443\": dial tcp: lookup connect.ngrok-agent.com: no such host"
t=2026-06-17T09:53:34+0100 lvl=eror msg="failed to reconnect session" obj=tunnels.session err="failed to dial ngrok server with address \"connect.ngrok-agent.com:443\": dial tcp: lookup connect.ngrok-agent.com: no such host"
t=2026-06-17T09:54:04+0100 lvl=eror msg="failed to reconnect session" obj=tunnels.session err="failed to dial ngrok server with address \"connect.ngrok-agent.com:443\": dial tcp: lookup connect.ngrok-agent.com: no such host"
t=2026-06-17T09:54:34+0100 lvl=eror msg="failed to reconnect session" obj=tunnels.session err="failed to dial ngrok server with address \"connect.ngrok-agent.com:443\": dial tcp: lookup connect.ngrok-agent.com: no such host"
t=2026-06-17T09:55:04+0100 lvl=eror msg="failed to reconnect session" obj=tunnels.session err="failed to dial ngrok server with address \"connect.ngrok-agent.com:443\": dial tcp: lookup connect.ngrok-agent.com: no such host"
t=2026-06-17T09:55:34+0100 lvl=eror msg="failed to reconnect session" obj=tunnels.session err="failed to dial ngrok server with address \"connect.ngrok-agent.com:443\": dial tcp: lookup connect.ngrok-agent.com: no such host"
t=2026-06-17T09:56:04+0100 lvl=eror msg="failed to reconnect session" obj=tunnels.session err="failed to dial ngrok server with address \"connect.ngrok-agent.com:443\": dial tcp: lookup connect.ngrok-agent.com: no such host"
t=2026-06-17T09:56:34+0100 lvl=eror msg="failed to reconnect session" obj=tunnels.session err="failed to dial ngrok server with address \"connect.ngrok-agent.com:443\": dial tcp: lookup connect.ngrok-agent.com: no such host"
t=2026-06-17T09:57:04+0100 lvl=eror msg="failed to reconnect session" obj=tunnels.session err="failed to dial ngrok server with address \"connect.ngrok-agent.com:443\": dial tcp: lookup connect.ngrok-agent.com: no such host"
t=2026-06-17T09:57:34+0100 lvl=eror msg="failed to reconnect session" obj=tunnels.session err="failed to dial ngrok server with address \"connect.ngrok-agent.com:443\": dial tcp: lookup connect.ngrok-agent.com: no such host"
t=2026-06-17T09:58:04+0100 lvl=eror msg="failed to reconnect session" obj=tunnels.session err="failed to dial ngrok server with address \"connect.ngrok-agent.com:443\": dial tcp: lookup connect.ngrok-agent.com: no such host"
t=2026-06-17T09:58:34+0100 lvl=eror msg="failed to reconnect session" obj=tunnels.session err="failed to dial ngrok server with address \"connect.ngrok-agent.com:443\": dial tcp: lookup connect.ngrok-agent.com: no such host"
t=2026-06-17T09:59:04+0100 lvl=eror msg="failed to reconnect session" obj=tunnels.session err="failed to dial ngrok server with address \"connect.ngrok-agent.com:443\": dial tcp: lookup connect.ngrok-agent.com: no such host"
t=2026-06-17T09:59:34+0100 lvl=eror msg="failed to reconnect session" obj=tunnels.session err="failed to dial ngrok server with address \"connect.ngrok-agent.com:443\": dial tcp: lookup connect.ngrok-agent.com: no such host"
t=2026-06-17T10:00:05+0100 lvl=eror msg="failed to reconnect session" obj=tunnels.session err="failed to dial ngrok server with address \"connect.ngrok-agent.com:443\": dial tcp: lookup connect.ngrok-agent.com: no such host"
t=2026-06-17T10:00:35+0100 lvl=eror msg="failed to reconnect session" obj=tunnels.session err="failed to dial ngrok server with address \"connect.ngrok-agent.com:443\": dial tcp: lookup connect.ngrok-agent.com: no such host"
t=2026-06-17T10:01:05+0100 lvl=eror msg="failed to reconnect session" obj=tunnels.session err="failed to dial ngrok server with address \"connect.ngrok-agent.com:443\": dial tcp: lookup connect.ngrok-agent.com: no such host"
t=2026-06-17T10:01:35+0100 lvl=eror msg="failed to reconnect session" obj=tunnels.session err="failed to dial ngrok server with address \"connect.ngrok-agent.com:443\": dial tcp: lookup connect.ngrok-agent.com: no such host"
t=2026-06-17T10:02:05+0100 lvl=eror msg="failed to reconnect session" obj=tunnels.session err="failed to dial ngrok server with address \"connect.ngrok-agent.com:443\": dial tcp: lookup connect.ngrok-agent.com: no such host"
t=2026-06-17T10:02:35+0100 lvl=eror msg="failed to reconnect session" obj=tunnels.session err="failed to dial ngrok server with address \"connect.ngrok-agent.com:443\": dial tcp: lookup connect.ngrok-agent.com: no such host"
t=2026-06-17T10:03:05+0100 lvl=eror msg="failed to reconnect session" obj=tunnels.session err="failed to dial ngrok server with address \"connect.ngrok-agent.com:443\": dial tcp: lookup connect.ngrok-agent.com: no such host"
t=2026-06-17T10:03:35+0100 lvl=eror msg="failed to reconnect session" obj=tunnels.session err="failed to dial ngrok server with address \"connect.ngrok-agent.com:443\": dial tcp: lookup connect.ngrok-agent.com: no such host"
t=2026-06-17T10:04:05+0100 lvl=eror msg="failed to reconnect session" obj=tunnels.session err="failed to dial ngrok server with address \"connect.ngrok-agent.com:443\": dial tcp: lookup connect.ngrok-agent.com: no such host"
t=2026-06-17T10:04:35+0100 lvl=eror msg="failed to reconnect session" obj=tunnels.session err="failed to dial ngrok server with address \"connect.ngrok-agent.com:443\": dial tcp: lookup connect.ngrok-agent.com: no such host"
t=2026-06-17T10:05:05+0100 lvl=eror msg="failed to reconnect session" obj=tunnels.session err="failed to dial ngrok server with address \"connect.ngrok-agent.com:443\": dial tcp: lookup connect.ngrok-agent.com: no such host"
t=2026-06-17T10:05:35+0100 lvl=eror msg="failed to reconnect session" obj=tunnels.session err="failed to dial ngrok server with address \"connect.ngrok-agent.com:443\": dial tcp: lookup connect.ngrok-agent.com: no such host"
t=2026-06-17T10:06:05+0100 lvl=eror msg="failed to reconnect session" obj=tunnels.session err="failed to dial ngrok server with address \"connect.ngrok-agent.com:443\": dial tcp: lookup connect.ngrok-agent.com: no such host"
t=2026-06-17T10:06:35+0100 lvl=eror msg="failed to reconnect session" obj=tunnels.session err="failed to dial ngrok server with address \"connect.ngrok-agent.com:443\": dial tcp: lookup connect.ngrok-agent.com: no such host"
t=2026-06-17T10:07:05+0100 lvl=eror msg="failed to reconnect session" obj=tunnels.session err="failed to dial ngrok server with address \"connect.ngrok-agent.com:443\": dial tcp: lookup connect.ngrok-agent.com: no such host"
t=2026-06-17T10:07:35+0100 lvl=eror msg="failed to reconnect session" obj=tunnels.session err="failed to dial ngrok server with address \"connect.ngrok-agent.com:443\": dial tcp: lookup connect.ngrok-agent.com: no such host"
t=2026-06-17T10:08:05+0100 lvl=eror msg="failed to reconnect session" obj=tunnels.session err="failed to dial ngrok server with address \"connect.ngrok-agent.com:443\": dial tcp: lookup connect.ngrok-agent.com: no such host"
t=2026-06-17T10:08:35+0100 lvl=eror msg="failed to reconnect session" obj=tunnels.session err="failed to dial ngrok server with address \"connect.ngrok-agent.com:443\": dial tcp: lookup connect.ngrok-agent.com: no such host"
t=2026-06-17T10:09:05+0100 lvl=eror msg="failed to reconnect session" obj=tunnels.session err="failed to dial ngrok server with address \"connect.ngrok-agent.com:443\": dial tcp: lookup connect.ngrok-agent.com: no such host"
t=2026-06-17T10:09:35+0100 lvl=eror msg="failed to reconnect session" obj=tunnels.session err="failed to dial ngrok server with address \"connect.ngrok-agent.com:443\": dial tcp: lookup connect.ngrok-agent.com: no such host"
t=2026-06-17T10:10:05+0100 lvl=eror msg="failed to reconnect session" obj=tunnels.session err="failed to dial ngrok server with address \"connect.ngrok-agent.com:443\": dial tcp: lookup connect.ngrok-agent.com: no such host"
t=2026-06-17T10:10:35+0100 lvl=eror msg="failed to reconnect session" obj=tunnels.session err="failed to dial ngrok server with address \"connect.ngrok-agent.com:443\": dial tcp: lookup connect.ngrok-agent.com: no such host"
t=2026-06-17T10:11:05+0100 lvl=eror msg="failed to reconnect session" obj=tunnels.session err="failed to dial ngrok server with address \"connect.ngrok-agent.com:443\": dial tcp: lookup connect.ngrok-agent.com: no such host"
t=2026-06-17T10:11:35+0100 lvl=eror msg="failed to reconnect session" obj=tunnels.session err="failed to dial ngrok server with address \"connect.ngrok-agent.com:443\": dial tcp: lookup connect.ngrok-agent.com: no such host"
t=2026-06-17T10:12:05+0100 lvl=eror msg="failed to reconnect session" obj=tunnels.session err="failed to dial ngrok server with address \"connect.ngrok-agent.com:443\": dial tcp: lookup connect.ngrok-agent.com: no such host"
t=2026-06-17T10:12:35+0100 lvl=eror msg="failed to reconnect session" obj=tunnels.session err="failed to dial ngrok server with address \"connect.ngrok-agent.com:443\": dial tcp: lookup connect.ngrok-agent.com: no such host"
t=2026-06-17T10:13:05+0100 lvl=eror msg="failed to reconnect session" obj=tunnels.session err="failed to dial ngrok server with address \"connect.ngrok-agent.com:443\": dial tcp: lookup connect.ngrok-agent.com: no such host"
t=2026-06-17T10:13:35+0100 lvl=eror msg="failed to reconnect session" obj=tunnels.session err="failed to dial ngrok server with address \"connect.ngrok-agent.com:443\": dial tcp: lookup connect.ngrok-agent.com: no such host"
t=2026-06-17T10:14:05+0100 lvl=eror msg="failed to reconnect session" obj=tunnels.session err="failed to dial ngrok server with address \"connect.ngrok-agent.com:443\": dial tcp: lookup connect.ngrok-agent.com: no such host"
t=2026-06-17T10:14:35+0100 lvl=eror msg="failed to reconnect session" obj=tunnels.session err="failed to dial ngrok server with address \"connect.ngrok-agent.com:443\": dial tcp: lookup connect.ngrok-agent.com: no such host"
t=2026-06-17T10:15:05+0100 lvl=eror msg="failed to reconnect session" obj=tunnels.session err="failed to dial ngrok server with address \"connect.ngrok-agent.com:443\": dial tcp: lookup connect.ngrok-agent.com: no such host"
t=2026-06-17T10:15:35+0100 lvl=eror msg="failed to reconnect session" obj=tunnels.session err="failed to dial ngrok server with address \"connect.ngrok-agent.com:443\": dial tcp: lookup connect.ngrok-agent.com: no such host"
t=2026-06-17T10:16:05+0100 lvl=eror msg="failed to reconnect session" obj=tunnels.session err="failed to dial ngrok server with address \"connect.ngrok-agent.com:443\": dial tcp: lookup connect.ngrok-agent.com: no such host"
t=2026-06-17T10:16:35+0100 lvl=eror msg="failed to reconnect session" obj=tunnels.session err="failed to dial ngrok server with address \"connect.ngrok-agent.com:443\": dial tcp: lookup connect.ngrok-agent.com: no such host"
t=2026-06-17T10:17:05+0100 lvl=eror msg="failed to reconnect session" obj=tunnels.session err="failed to dial ngrok server with address \"connect.ngrok-agent.com:443\": dial tcp: lookup connect.ngrok-agent.com: no such host"
t=2026-06-17T10:17:35+0100 lvl=eror msg="failed to reconnect session" obj=tunnels.session err="failed to dial ngrok server with address \"connect.ngrok-agent.com:443\": dial tcp: lookup connect.ngrok-agent.com: no such host"
t=2026-06-17T10:18:05+0100 lvl=eror msg="failed to reconnect session" obj=tunnels.session err="failed to dial ngrok server with address \"connect.ngrok-agent.com:443\": dial tcp: lookup connect.ngrok-agent.com: no such host"
t=2026-06-17T10:18:35+0100 lvl=eror msg="failed to reconnect session" obj=tunnels.session err="failed to dial ngrok server with address \"connect.ngrok-agent.com:443\": dial tcp: lookup connect.ngrok-agent.com: no such host"
t=2026-06-17T10:19:05+0100 lvl=eror msg="failed to reconnect session" obj=tunnels.session err="failed to dial ngrok server with address \"connect.ngrok-agent.com:443\": dial tcp: lookup connect.ngrok-agent.com: no such host"
t=2026-06-17T10:19:35+0100 lvl=eror msg="failed to reconnect session" obj=tunnels.session err="failed to dial ngrok server with address \"connect.ngrok-agent.com:443\": dial tcp: lookup connect.ngrok-agent.com: no such host"
t=2026-06-17T10:20:05+0100 lvl=eror msg="failed to reconnect session" obj=tunnels.session err="failed to dial ngrok server with address \"connect.ngrok-agent.com:443\": dial tcp: lookup connect.ngrok-agent.com: no such host"
t=2026-06-17T10:20:35+0100 lvl=eror msg="failed to reconnect session" obj=tunnels.session err="failed to dial ngrok server with address \"connect.ngrok-agent.com:443\": dial tcp: lookup connect.ngrok-agent.com: no such host"
t=2026-06-17T10:21:05+0100 lvl=eror msg="failed to reconnect session" obj=tunnels.session err="failed to dial ngrok server with address \"connect.ngrok-agent.com:443\": dial tcp: lookup connect.ngrok-agent.com: no such host"
t=2026-06-17T10:21:35+0100 lvl=eror msg="failed to reconnect session" obj=tunnels.session err="failed to dial ngrok server with address \"connect.ngrok-agent.com:443\": dial tcp: lookup connect.ngrok-agent.com: no such host"
t=2026-06-17T10:22:05+0100 lvl=eror msg="failed to reconnect session" obj=tunnels.session err="failed to dial ngrok server with address \"connect.ngrok-agent.com:443\": dial tcp: lookup connect.ngrok-agent.com: no such host"
t=2026-06-17T10:22:35+0100 lvl=eror msg="failed to reconnect session" obj=tunnels.session err="failed to dial ngrok server with address \"connect.ngrok-agent.com:443\": dial tcp: lookup connect.ngrok-agent.com: no such host"
t=2026-06-17T10:23:05+0100 lvl=eror msg="failed to reconnect session" obj=tunnels.session err="failed to dial ngrok server with address \"connect.ngrok-agent.com:443\": dial tcp: lookup connect.ngrok-agent.com: no such host"
t=2026-06-17T10:23:35+0100 lvl=eror msg="failed to reconnect session" obj=tunnels.session err="failed to dial ngrok server with address \"connect.ngrok-agent.com:443\": dial tcp: lookup connect.ngrok-agent.com: no such host"
t=2026-06-17T10:24:05+0100 lvl=eror msg="failed to reconnect session" obj=tunnels.session err="failed to dial ngrok server with address \"connect.ngrok-agent.com:443\": dial tcp: lookup connect.ngrok-agent.com: no such host"
t=2026-06-17T10:24:35+0100 lvl=eror msg="failed to reconnect session" obj=tunnels.session err="failed to dial ngrok server with address \"connect.ngrok-agent.com:443\": dial tcp: lookup connect.ngrok-agent.com: no such host"
t=2026-06-17T10:25:05+0100 lvl=eror msg="failed to reconnect session" obj=tunnels.session err="failed to dial ngrok server with address \"connect.ngrok-agent.com:443\": dial tcp: lookup connect.ngrok-agent.com: no such host"
t=2026-06-17T10:25:35+0100 lvl=eror msg="failed to reconnect session" obj=tunnels.session err="failed to dial ngrok server with address \"connect.ngrok-agent.com:443\": dial tcp: lookup connect.ngrok-agent.com: no such host"
t=2026-06-17T10:26:05+0100 lvl=eror msg="failed to reconnect session" obj=tunnels.session err="failed to dial ngrok server with address \"connect.ngrok-agent.com:443\": dial tcp: lookup connect.ngrok-agent.com: no such host"
t=2026-06-17T10:26:35+0100 lvl=eror msg="failed to reconnect session" obj=tunnels.session err="failed to dial ngrok server with address \"connect.ngrok-agent.com:443\": dial tcp: lookup connect.ngrok-agent.com: no such host"
t=2026-06-17T10:27:05+0100 lvl=eror msg="failed to reconnect session" obj=tunnels.session err="failed to dial ngrok server with address \"connect.ngrok-agent.com:443\": dial tcp: lookup connect.ngrok-agent.com: no such host"
t=2026-06-17T10:27:35+0100 lvl=eror msg="failed to reconnect session" obj=tunnels.session err="failed to dial ngrok server with address \"connect.ngrok-agent.com:443\": dial tcp: lookup connect.ngrok-agent.com: no such host"
t=2026-06-17T10:28:05+0100 lvl=eror msg="failed to reconnect session" obj=tunnels.session err="failed to dial ngrok server with address \"connect.ngrok-agent.com:443\": dial tcp: lookup connect.ngrok-agent.com: no such host"
t=2026-06-17T10:28:35+0100 lvl=eror msg="failed to reconnect session" obj=tunnels.session err="failed to dial ngrok server with address \"connect.ngrok-agent.com:443\": dial tcp: lookup connect.ngrok-agent.com: no such host"
t=2026-06-17T10:29:05+0100 lvl=eror msg="failed to reconnect session" obj=tunnels.session err="failed to dial ngrok server with address \"connect.ngrok-agent.com:443\": dial tcp: lookup connect.ngrok-agent.com: no such host"
t=2026-06-17T10:29:35+0100 lvl=eror msg="failed to reconnect session" obj=tunnels.session err="failed to dial ngrok server with address \"connect.ngrok-agent.com:443\": dial tcp: lookup connect.ngrok-agent.com: no such host"
t=2026-06-17T10:30:05+0100 lvl=eror msg="failed to reconnect session" obj=tunnels.session err="failed to dial ngrok server with address \"connect.ngrok-agent.com:443\": dial tcp: lookup connect.ngrok-agent.com: no such host"
t=2026-06-17T10:30:35+0100 lvl=eror msg="failed to reconnect session" obj=tunnels.session err="failed to dial ngrok server with address \"connect.ngrok-agent.com:443\": dial tcp: lookup connect.ngrok-agent.com: no such host"
t=2026-06-17T10:31:05+0100 lvl=eror msg="failed to reconnect session" obj=tunnels.session err="failed to dial ngrok server with address \"connect.ngrok-agent.com:443\": dial tcp: lookup connect.ngrok-agent.com: no such host"
t=2026-06-17T10:31:35+0100 lvl=eror msg="failed to reconnect session" obj=tunnels.session err="failed to dial ngrok server with address \"connect.ngrok-agent.com:443\": dial tcp: lookup connect.ngrok-agent.com: no such host"
t=2026-06-17T10:32:05+0100 lvl=eror msg="failed to reconnect session" obj=tunnels.session err="failed to dial ngrok server with address \"connect.ngrok-agent.com:443\": dial tcp: lookup connect.ngrok-agent.com: no such host"
t=2026-06-17T10:32:35+0100 lvl=eror msg="failed to reconnect session" obj=tunnels.session err="failed to dial ngrok server with address \"connect.ngrok-agent.com:443\": dial tcp: lookup connect.ngrok-agent.com: no such host"
t=2026-06-17T10:33:05+0100 lvl=eror msg="failed to reconnect session" obj=tunnels.session err="failed to dial ngrok server with address \"connect.ngrok-agent.com:443\": dial tcp: lookup connect.ngrok-agent.com: no such host"
t=2026-06-17T10:33:35+0100 lvl=eror msg="failed to reconnect session" obj=tunnels.session err="failed to dial ngrok server with address \"connect.ngrok-agent.com:443\": dial tcp: lookup connect.ngrok-agent.com: no such host"
t=2026-06-17T10:34:05+0100 lvl=eror msg="failed to reconnect session" obj=tunnels.session err="failed to dial ngrok server with address \"connect.ngrok-agent.com:443\": dial tcp: lookup connect.ngrok-agent.com: no such host"
t=2026-06-17T10:34:35+0100 lvl=eror msg="failed to reconnect session" obj=tunnels.session err="failed to dial ngrok server with address \"connect.ngrok-agent.com:443\": dial tcp: lookup connect.ngrok-agent.com: no such host"
t=2026-06-17T10:35:05+0100 lvl=eror msg="failed to reconnect session" obj=tunnels.session err="failed to dial ngrok server with address \"connect.ngrok-agent.com:443\": dial tcp: lookup connect.ngrok-agent.com: no such host"
t=2026-06-17T10:35:35+0100 lvl=eror msg="failed to reconnect session" obj=tunnels.session err="failed to dial ngrok server with address \"connect.ngrok-agent.com:443\": dial tcp: lookup connect.ngrok-agent.com: no such host"
t=2026-06-17T10:36:05+0100 lvl=eror msg="failed to reconnect session" obj=tunnels.session err="failed to dial ngrok server with address \"connect.ngrok-agent.com:443\": dial tcp: lookup connect.ngrok-agent.com: no such host"
t=2026-06-17T10:36:35+0100 lvl=eror msg="failed to reconnect session" obj=tunnels.session err="failed to dial ngrok server with address \"connect.ngrok-agent.com:443\": dial tcp: lookup connect.ngrok-agent.com: no such host"
t=2026-06-17T10:37:05+0100 lvl=eror msg="failed to reconnect session" obj=tunnels.session err="failed to dial ngrok server with address \"connect.ngrok-agent.com:443\": dial tcp: lookup connect.ngrok-agent.com: no such host"
t=2026-06-17T10:37:35+0100 lvl=eror msg="failed to reconnect session" obj=tunnels.session err="failed to dial ngrok server with address \"connect.ngrok-agent.com:443\": dial tcp: lookup connect.ngrok-agent.com: no such host"
t=2026-06-17T10:38:05+0100 lvl=eror msg="failed to reconnect session" obj=tunnels.session err="failed to dial ngrok server with address \"connect.ngrok-agent.com:443\": dial tcp: lookup connect.ngrok-agent.com: no such host"
t=2026-06-17T10:38:35+0100 lvl=eror msg="failed to reconnect session" obj=tunnels.session err="failed to dial ngrok server with address \"connect.ngrok-agent.com:443\": dial tcp: lookup connect.ngrok-agent.com: no such host"
t=2026-06-17T10:39:05+0100 lvl=eror msg="failed to reconnect session" obj=tunnels.session err="failed to dial ngrok server with address \"connect.ngrok-agent.com:443\": dial tcp: lookup connect.ngrok-agent.com: no such host"
t=2026-06-17T10:39:35+0100 lvl=eror msg="failed to reconnect session" obj=tunnels.session err="failed to dial ngrok server with address \"connect.ngrok-agent.com:443\": dial tcp: lookup connect.ngrok-agent.com: no such host"
t=2026-06-17T10:40:05+0100 lvl=eror msg="failed to reconnect session" obj=tunnels.session err="failed to dial ngrok server with address \"connect.ngrok-agent.com:443\": dial tcp: lookup connect.ngrok-agent.com: no such host"
t=2026-06-17T10:40:35+0100 lvl=eror msg="failed to reconnect session" obj=tunnels.session err="failed to dial ngrok server with address \"connect.ngrok-agent.com:443\": dial tcp: lookup connect.ngrok-agent.com: no such host"
t=2026-06-17T10:41:05+0100 lvl=eror msg="failed to reconnect session" obj=tunnels.session err="failed to dial ngrok server with address \"connect.ngrok-agent.com:443\": dial tcp: lookup connect.ngrok-agent.com: no such host"
t=2026-06-17T10:41:35+0100 lvl=eror msg="failed to reconnect session" obj=tunnels.session err="failed to dial ngrok server with address \"connect.ngrok-agent.com:443\": dial tcp: lookup connect.ngrok-agent.com: no such host"
t=2026-06-17T10:42:05+0100 lvl=eror msg="failed to reconnect session" obj=tunnels.session err="failed to dial ngrok server with address \"connect.ngrok-agent.com:443\": dial tcp: lookup connect.ngrok-agent.com: no such host"
t=2026-06-17T10:42:35+0100 lvl=eror msg="failed to reconnect session" obj=tunnels.session err="failed to dial ngrok server with address \"connect.ngrok-agent.com:443\": dial tcp: lookup connect.ngrok-agent.com: no such host"
t=2026-06-17T10:43:05+0100 lvl=eror msg="failed to reconnect session" obj=tunnels.session err="failed to dial ngrok server with address \"connect.ngrok-agent.com:443\": dial tcp: lookup connect.ngrok-agent.com: no such host"
t=2026-06-17T10:43:35+0100 lvl=eror msg="failed to reconnect session" obj=tunnels.session err="failed to dial ngrok server with address \"connect.ngrok-agent.com:443\": dial tcp: lookup connect.ngrok-agent.com: no such host"
t=2026-06-17T10:44:05+0100 lvl=eror msg="failed to reconnect session" obj=tunnels.session err="failed to dial ngrok server with address \"connect.ngrok-agent.com:443\": dial tcp: lookup connect.ngrok-agent.com: no such host"
t=2026-06-17T10:44:35+0100 lvl=eror msg="failed to reconnect session" obj=tunnels.session err="failed to dial ngrok server with address \"connect.ngrok-agent.com:443\": dial tcp: lookup connect.ngrok-agent.com: no such host"
t=2026-06-17T10:45:05+0100 lvl=eror msg="failed to reconnect session" obj=tunnels.session err="failed to dial ngrok server with address \"connect.ngrok-agent.com:443\": dial tcp: lookup connect.ngrok-agent.com: no such host"
t=2026-06-17T10:45:35+0100 lvl=eror msg="failed to reconnect session" obj=tunnels.session err="failed to dial ngrok server with address \"connect.ngrok-agent.com:443\": dial tcp: lookup connect.ngrok-agent.com: no such host"
t=2026-06-17T10:46:05+0100 lvl=eror msg="failed to reconnect session" obj=tunnels.session err="failed to dial ngrok server with address \"connect.ngrok-agent.com:443\": dial tcp: lookup connect.ngrok-agent.com: no such host"
t=2026-06-17T10:46:35+0100 lvl=eror msg="failed to reconnect session" obj=tunnels.session err="failed to dial ngrok server with address \"connect.ngrok-agent.com:443\": dial tcp: lookup connect.ngrok-agent.com: no such host"
t=2026-06-17T10:47:05+0100 lvl=eror msg="failed to reconnect session" obj=tunnels.session err="failed to dial ngrok server with address \"connect.ngrok-agent.com:443\": dial tcp: lookup connect.ngrok-agent.com: no such host"
t=2026-06-17T10:47:35+0100 lvl=eror msg="failed to reconnect session" obj=tunnels.session err="failed to dial ngrok server with address \"connect.ngrok-agent.com:443\": dial tcp: lookup connect.ngrok-agent.com: no such host"
t=2026-06-17T10:48:05+0100 lvl=eror msg="failed to reconnect session" obj=tunnels.session err="failed to dial ngrok server with address \"connect.ngrok-agent.com:443\": dial tcp: lookup connect.ngrok-agent.com: no such host"
t=2026-06-17T10:48:35+0100 lvl=eror msg="failed to reconnect session" obj=tunnels.session err="failed to dial ngrok server with address \"connect.ngrok-agent.com:443\": dial tcp: lookup connect.ngrok-agent.com: no such host"
t=2026-06-17T10:49:05+0100 lvl=eror msg="failed to reconnect session" obj=tunnels.session err="failed to dial ngrok server with address \"connect.ngrok-agent.com:443\": dial tcp: lookup connect.ngrok-agent.com: no such host"
t=2026-06-17T10:49:35+0100 lvl=eror msg="failed to reconnect session" obj=tunnels.session err="failed to dial ngrok server with address \"connect.ngrok-agent.com:443\": dial tcp: lookup connect.ngrok-agent.com: no such host"
t=2026-06-17T10:50:05+0100 lvl=eror msg="failed to reconnect session" obj=tunnels.session err="failed to dial ngrok server with address \"connect.ngrok-agent.com:443\": dial tcp: lookup connect.ngrok-agent.com: no such host"
t=2026-06-17T10:50:35+0100 lvl=eror msg="failed to reconnect session" obj=tunnels.session err="failed to dial ngrok server with address \"connect.ngrok-agent.com:443\": dial tcp: lookup connect.ngrok-agent.com: no such host"
t=2026-06-17T10:51:05+0100 lvl=eror msg="failed to reconnect session" obj=tunnels.session err="failed to dial ngrok server with address \"connect.ngrok-agent.com:443\": dial tcp: lookup connect.ngrok-agent.com: no such host"
t=2026-06-17T10:51:35+0100 lvl=eror msg="failed to reconnect session" obj=tunnels.session err="failed to dial ngrok server with address \"connect.ngrok-agent.com:443\": dial tcp: lookup connect.ngrok-agent.com: no such host"
t=2026-06-17T10:52:05+0100 lvl=eror msg="failed to reconnect session" obj=tunnels.session err="failed to dial ngrok server with address \"connect.ngrok-agent.com:443\": dial tcp: lookup connect.ngrok-agent.com: no such host"
t=2026-06-17T10:52:35+0100 lvl=eror msg="failed to reconnect session" obj=tunnels.session err="failed to dial ngrok server with address \"connect.ngrok-agent.com:443\": dial tcp: lookup connect.ngrok-agent.com: no such host"
t=2026-06-17T10:53:05+0100 lvl=eror msg="failed to reconnect session" obj=tunnels.session err="failed to dial ngrok server with address \"connect.ngrok-agent.com:443\": dial tcp: lookup connect.ngrok-agent.com: no such host"
t=2026-06-17T10:53:35+0100 lvl=eror msg="failed to reconnect session" obj=tunnels.session err="failed to dial ngrok server with address \"connect.ngrok-agent.com:443\": dial tcp: lookup connect.ngrok-agent.com: no such host"
t=2026-06-17T10:54:05+0100 lvl=eror msg="failed to reconnect session" obj=tunnels.session err="failed to dial ngrok server with address \"connect.ngrok-agent.com:443\": dial tcp: lookup connect.ngrok-agent.com: no such host"
t=2026-06-17T10:54:35+0100 lvl=eror msg="failed to reconnect session" obj=tunnels.session err="failed to dial ngrok server with address \"connect.ngrok-agent.com:443\": dial tcp: lookup connect.ngrok-agent.com: no such host"
t=2026-06-17T10:55:05+0100 lvl=eror msg="failed to reconnect session" obj=tunnels.session err="failed to dial ngrok server with address \"connect.ngrok-agent.com:443\": dial tcp: lookup connect.ngrok-agent.com: no such host"
t=2026-06-17T10:55:35+0100 lvl=eror msg="failed to reconnect session" obj=tunnels.session err="failed to dial ngrok server with address \"connect.ngrok-agent.com:443\": dial tcp: lookup connect.ngrok-agent.com: no such host"
t=2026-06-17T10:56:05+0100 lvl=eror msg="failed to reconnect session" obj=tunnels.session err="failed to dial ngrok server with address \"connect.ngrok-agent.com:443\": dial tcp: lookup connect.ngrok-agent.com: no such host"
t=2026-06-17T10:56:35+0100 lvl=eror msg="failed to reconnect session" obj=tunnels.session err="failed to dial ngrok server with address \"connect.ngrok-agent.com:443\": dial tcp: lookup connect.ngrok-agent.com: no such host"
t=2026-06-17T10:57:05+0100 lvl=eror msg="failed to reconnect session" obj=tunnels.session err="failed to dial ngrok server with address \"connect.ngrok-agent.com:443\": dial tcp: lookup connect.ngrok-agent.com: no such host"
t=2026-06-17T10:57:35+0100 lvl=eror msg="failed to reconnect session" obj=tunnels.session err="failed to dial ngrok server with address \"connect.ngrok-agent.com:443\": dial tcp: lookup connect.ngrok-agent.com: no such host"
t=2026-06-17T10:58:05+0100 lvl=eror msg="failed to reconnect session" obj=tunnels.session err="failed to dial ngrok server with address \"connect.ngrok-agent.com:443\": dial tcp: lookup connect.ngrok-agent.com: no such host"
t=2026-06-17T10:58:35+0100 lvl=eror msg="failed to reconnect session" obj=tunnels.session err="failed to dial ngrok server with address \"connect.ngrok-agent.com:443\": dial tcp: lookup connect.ngrok-agent.com: no such host"
t=2026-06-17T10:59:05+0100 lvl=eror msg="failed to reconnect session" obj=tunnels.session err="failed to dial ngrok server with address \"connect.ngrok-agent.com:443\": dial tcp: lookup connect.ngrok-agent.com: no such host"
t=2026-06-17T10:59:35+0100 lvl=eror msg="failed to reconnect session" obj=tunnels.session err="failed to dial ngrok server with address \"connect.ngrok-agent.com:443\": dial tcp: lookup connect.ngrok-agent.com: no such host"
t=2026-06-17T11:00:05+0100 lvl=eror msg="failed to reconnect session" obj=tunnels.session err="failed to dial ngrok server with address \"connect.ngrok-agent.com:443\": dial tcp: lookup connect.ngrok-agent.com: no such host"
t=2026-06-17T11:00:35+0100 lvl=eror msg="failed to reconnect session" obj=tunnels.session err="failed to dial ngrok server with address \"connect.ngrok-agent.com:443\": dial tcp: lookup connect.ngrok-agent.com: no such host"
t=2026-06-17T11:01:05+0100 lvl=eror msg="failed to reconnect session" obj=tunnels.session err="failed to dial ngrok server with address \"connect.ngrok-agent.com:443\": dial tcp: lookup connect.ngrok-agent.com: no such host"
t=2026-06-17T11:01:35+0100 lvl=eror msg="failed to reconnect session" obj=tunnels.session err="failed to dial ngrok server with address \"connect.ngrok-agent.com:443\": dial tcp: lookup connect.ngrok-agent.com: no such host"
t=2026-06-17T11:02:05+0100 lvl=eror msg="failed to reconnect session" obj=tunnels.session err="failed to dial ngrok server with address \"connect.ngrok-agent.com:443\": dial tcp: lookup connect.ngrok-agent.com: no such host"
t=2026-06-17T11:02:35+0100 lvl=eror msg="failed to reconnect session" obj=tunnels.session err="failed to dial ngrok server with address \"connect.ngrok-agent.com:443\": dial tcp: lookup connect.ngrok-agent.com: no such host"
t=2026-06-17T11:03:06+0100 lvl=eror msg="failed to reconnect session" obj=tunnels.session err="failed to dial ngrok server with address \"connect.ngrok-agent.com:443\": dial tcp: lookup connect.ngrok-agent.com: no such host"
t=2026-06-17T11:03:36+0100 lvl=eror msg="failed to reconnect session" obj=tunnels.session err="failed to dial ngrok server with address \"connect.ngrok-agent.com:443\": dial tcp: lookup connect.ngrok-agent.com: no such host"
t=2026-06-17T11:04:06+0100 lvl=eror msg="failed to reconnect session" obj=tunnels.session err="failed to dial ngrok server with address \"connect.ngrok-agent.com:443\": dial tcp: lookup connect.ngrok-agent.com: no such host"
t=2026-06-17T11:04:36+0100 lvl=eror msg="failed to reconnect session" obj=tunnels.session err="failed to dial ngrok server with address \"connect.ngrok-agent.com:443\": dial tcp: lookup connect.ngrok-agent.com: no such host"
t=2026-06-17T11:05:06+0100 lvl=eror msg="failed to reconnect session" obj=tunnels.session err="failed to dial ngrok server with address \"connect.ngrok-agent.com:443\": dial tcp: lookup connect.ngrok-agent.com: no such host"
t=2026-06-17T11:05:36+0100 lvl=eror msg="failed to reconnect session" obj=tunnels.session err="failed to dial ngrok server with address \"connect.ngrok-agent.com:443\": dial tcp: lookup connect.ngrok-agent.com: no such host"
t=2026-06-17T11:06:06+0100 lvl=eror msg="failed to reconnect session" obj=tunnels.session err="failed to dial ngrok server with address \"connect.ngrok-agent.com:443\": dial tcp: lookup connect.ngrok-agent.com: no such host"
t=2026-06-17T11:06:36+0100 lvl=eror msg="failed to reconnect session" obj=tunnels.session err="failed to dial ngrok server with address \"connect.ngrok-agent.com:443\": dial tcp: lookup connect.ngrok-agent.com: no such host"
t=2026-06-17T11:07:06+0100 lvl=eror msg="failed to reconnect session" obj=tunnels.session err="failed to dial ngrok server with address \"connect.ngrok-agent.com:443\": dial tcp: lookup connect.ngrok-agent.com: no such host"
t=2026-06-17T11:07:36+0100 lvl=eror msg="failed to reconnect session" obj=tunnels.session err="failed to dial ngrok server with address \"connect.ngrok-agent.com:443\": dial tcp: lookup connect.ngrok-agent.com: no such host"
t=2026-06-17T11:08:06+0100 lvl=eror msg="failed to reconnect session" obj=tunnels.session err="failed to dial ngrok server with address \"connect.ngrok-agent.com:443\": dial tcp: lookup connect.ngrok-agent.com: no such host"
t=2026-06-17T11:08:36+0100 lvl=eror msg="failed to reconnect session" obj=tunnels.session err="failed to dial ngrok server with address \"connect.ngrok-agent.com:443\": dial tcp: lookup connect.ngrok-agent.com: no such host"
t=2026-06-17T11:09:06+0100 lvl=eror msg="failed to reconnect session" obj=tunnels.session err="failed to dial ngrok server with address \"connect.ngrok-agent.com:443\": dial tcp: lookup connect.ngrok-agent.com: no such host"
t=2026-06-17T11:09:36+0100 lvl=eror msg="failed to reconnect session" obj=tunnels.session err="failed to dial ngrok server with address \"connect.ngrok-agent.com:443\": dial tcp: lookup connect.ngrok-agent.com: no such host"
t=2026-06-17T11:10:06+0100 lvl=eror msg="failed to reconnect session" obj=tunnels.session err="failed to dial ngrok server with address \"connect.ngrok-agent.com:443\": dial tcp: lookup connect.ngrok-agent.com: no such host"
t=2026-06-17T11:10:36+0100 lvl=eror msg="failed to reconnect session" obj=tunnels.session err="failed to dial ngrok server with address \"connect.ngrok-agent.com:443\": dial tcp: lookup connect.ngrok-agent.com: no such host"
t=2026-06-17T11:11:06+0100 lvl=eror msg="failed to reconnect session" obj=tunnels.session err="failed to dial ngrok server with address \"connect.ngrok-agent.com:443\": dial tcp: lookup connect.ngrok-agent.com: no such host"
t=2026-06-17T11:11:36+0100 lvl=eror msg="failed to reconnect session" obj=tunnels.session err="failed to dial ngrok server with address \"connect.ngrok-agent.com:443\": dial tcp: lookup connect.ngrok-agent.com: no such host"
t=2026-06-17T11:12:06+0100 lvl=eror msg="failed to reconnect session" obj=tunnels.session err="failed to dial ngrok server with address \"connect.ngrok-agent.com:443\": dial tcp: lookup connect.ngrok-agent.com: no such host"
t=2026-06-17T11:12:36+0100 lvl=eror msg="failed to reconnect session" obj=tunnels.session err="failed to dial ngrok server with address \"connect.ngrok-agent.com:443\": dial tcp: lookup connect.ngrok-agent.com: no such host"
t=2026-06-17T11:13:06+0100 lvl=eror msg="failed to reconnect session" obj=tunnels.session err="failed to dial ngrok server with address \"connect.ngrok-agent.com:443\": dial tcp: lookup connect.ngrok-agent.com: no such host"
t=2026-06-17T11:13:36+0100 lvl=eror msg="failed to reconnect session" obj=tunnels.session err="failed to dial ngrok server with address \"connect.ngrok-agent.com:443\": dial tcp: lookup connect.ngrok-agent.com: no such host"
t=2026-06-17T11:14:06+0100 lvl=eror msg="failed to reconnect session" obj=tunnels.session err="failed to dial ngrok server with address \"connect.ngrok-agent.com:443\": dial tcp: lookup connect.ngrok-agent.com: no such host"
t=2026-06-17T11:14:36+0100 lvl=eror msg="failed to reconnect session" obj=tunnels.session err="failed to dial ngrok server with address \"connect.ngrok-agent.com:443\": dial tcp: lookup connect.ngrok-agent.com: no such host"
t=2026-06-17T11:15:06+0100 lvl=eror msg="failed to reconnect session" obj=tunnels.session err="failed to dial ngrok server with address \"connect.ngrok-agent.com:443\": dial tcp: lookup connect.ngrok-agent.com: no such host"
t=2026-06-17T11:15:36+0100 lvl=eror msg="failed to reconnect session" obj=tunnels.session err="failed to dial ngrok server with address \"connect.ngrok-agent.com:443\": dial tcp: lookup connect.ngrok-agent.com: no such host"
t=2026-06-17T11:16:06+0100 lvl=eror msg="failed to reconnect session" obj=tunnels.session err="failed to dial ngrok server with address \"connect.ngrok-agent.com:443\": dial tcp: lookup connect.ngrok-agent.com: no such host"
t=2026-06-17T11:16:36+0100 lvl=eror msg="failed to reconnect session" obj=tunnels.session err="failed to dial ngrok server with address \"connect.ngrok-agent.com:443\": dial tcp: lookup connect.ngrok-agent.com: no such host"
t=2026-06-17T11:17:06+0100 lvl=eror msg="failed to reconnect session" obj=tunnels.session err="failed to dial ngrok server with address \"connect.ngrok-agent.com:443\": dial tcp: lookup connect.ngrok-agent.com: no such host"
t=2026-06-17T11:17:36+0100 lvl=eror msg="failed to reconnect session" obj=tunnels.session err="failed to dial ngrok server with address \"connect.ngrok-agent.com:443\": dial tcp: lookup connect.ngrok-agent.com: no such host"
t=2026-06-17T11:18:06+0100 lvl=eror msg="failed to reconnect session" obj=tunnels.session err="failed to dial ngrok server with address \"connect.ngrok-agent.com:443\": dial tcp: lookup connect.ngrok-agent.com: no such host"
t=2026-06-17T11:18:36+0100 lvl=eror msg="failed to reconnect session" obj=tunnels.session err="failed to dial ngrok server with address \"connect.ngrok-agent.com:443\": dial tcp: lookup connect.ngrok-agent.com: no such host"
t=2026-06-17T11:19:06+0100 lvl=eror msg="failed to reconnect session" obj=tunnels.session err="failed to dial ngrok server with address \"connect.ngrok-agent.com:443\": dial tcp: lookup connect.ngrok-agent.com: no such host"
t=2026-06-17T11:19:36+0100 lvl=eror msg="failed to reconnect session" obj=tunnels.session err="failed to dial ngrok server with address \"connect.ngrok-agent.com:443\": dial tcp: lookup connect.ngrok-agent.com: no such host"
t=2026-06-17T11:20:06+0100 lvl=eror msg="failed to reconnect session" obj=tunnels.session err="failed to dial ngrok server with address \"connect.ngrok-agent.com:443\": dial tcp: lookup connect.ngrok-agent.com: no such host"
t=2026-06-17T11:20:36+0100 lvl=eror msg="failed to reconnect session" obj=tunnels.session err="failed to dial ngrok server with address \"connect.ngrok-agent.com:443\": dial tcp: lookup connect.ngrok-agent.com: no such host"
t=2026-06-17T11:21:06+0100 lvl=eror msg="failed to reconnect session" obj=tunnels.session err="failed to dial ngrok server with address \"connect.ngrok-agent.com:443\": dial tcp: lookup connect.ngrok-agent.com: no such host"
t=2026-06-17T11:21:36+0100 lvl=eror msg="failed to reconnect session" obj=tunnels.session err="failed to dial ngrok server with address \"connect.ngrok-agent.com:443\": dial tcp: lookup connect.ngrok-agent.com: no such host"
t=2026-06-17T11:22:06+0100 lvl=eror msg="failed to reconnect session" obj=tunnels.session err="failed to dial ngrok server with address \"connect.ngrok-agent.com:443\": dial tcp: lookup connect.ngrok-agent.com: no such host"
t=2026-06-17T11:22:36+0100 lvl=eror msg="failed to reconnect session" obj=tunnels.session err="failed to dial ngrok server with address \"connect.ngrok-agent.com:443\": dial tcp: lookup connect.ngrok-agent.com: no such host"
t=2026-06-17T11:23:06+0100 lvl=eror msg="failed to reconnect session" obj=tunnels.session err="failed to dial ngrok server with address \"connect.ngrok-agent.com:443\": dial tcp: lookup connect.ngrok-agent.com: no such host"
t=2026-06-17T11:23:36+0100 lvl=eror msg="failed to reconnect session" obj=tunnels.session err="failed to dial ngrok server with address \"connect.ngrok-agent.com:443\": dial tcp: lookup connect.ngrok-agent.com: no such host"
t=2026-06-17T11:24:06+0100 lvl=eror msg="failed to reconnect session" obj=tunnels.session err="failed to dial ngrok server with address \"connect.ngrok-agent.com:443\": dial tcp: lookup connect.ngrok-agent.com: no such host"
t=2026-06-17T11:24:36+0100 lvl=eror msg="failed to reconnect session" obj=tunnels.session err="failed to dial ngrok server with address \"connect.ngrok-agent.com:443\": dial tcp: lookup connect.ngrok-agent.com: no such host"
t=2026-06-17T11:25:06+0100 lvl=eror msg="failed to reconnect session" obj=tunnels.session err="failed to dial ngrok server with address \"connect.ngrok-agent.com:443\": dial tcp: lookup connect.ngrok-agent.com: no such host"
t=2026-06-17T11:25:36+0100 lvl=eror msg="failed to reconnect session" obj=tunnels.session err="failed to dial ngrok server with address \"connect.ngrok-agent.com:443\": dial tcp: lookup connect.ngrok-agent.com: no such host"
t=2026-06-17T11:26:06+0100 lvl=eror msg="failed to reconnect session" obj=tunnels.session err="failed to dial ngrok server with address \"connect.ngrok-agent.com:443\": dial tcp: lookup connect.ngrok-agent.com: no such host"
t=2026-06-17T11:26:36+0100 lvl=eror msg="failed to reconnect session" obj=tunnels.session err="failed to dial ngrok server with address \"connect.ngrok-agent.com:443\": dial tcp: lookup connect.ngrok-agent.com: no such host"
t=2026-06-17T11:27:06+0100 lvl=eror msg="failed to reconnect session" obj=tunnels.session err="failed to dial ngrok server with address \"connect.ngrok-agent.com:443\": dial tcp: lookup connect.ngrok-agent.com: no such host"
t=2026-06-17T11:27:36+0100 lvl=eror msg="failed to reconnect session" obj=tunnels.session err="failed to dial ngrok server with address \"connect.ngrok-agent.com:443\": dial tcp: lookup connect.ngrok-agent.com: no such host"
t=2026-06-17T11:28:06+0100 lvl=eror msg="failed to reconnect session" obj=tunnels.session err="failed to dial ngrok server with address \"connect.ngrok-agent.com:443\": dial tcp: lookup connect.ngrok-agent.com: no such host"
t=2026-06-17T11:28:36+0100 lvl=eror msg="failed to reconnect session" obj=tunnels.session err="failed to dial ngrok server with address \"connect.ngrok-agent.com:443\": dial tcp: lookup connect.ngrok-agent.com: no such host"
t=2026-06-17T11:29:06+0100 lvl=eror msg="failed to reconnect session" obj=tunnels.session err="failed to dial ngrok server with address \"connect.ngrok-agent.com:443\": dial tcp: lookup connect.ngrok-agent.com: no such host"
t=2026-06-17T11:29:36+0100 lvl=eror msg="failed to reconnect session" obj=tunnels.session err="failed to dial ngrok server with address \"connect.ngrok-agent.com:443\": dial tcp: lookup connect.ngrok-agent.com: no such host"
t=2026-06-17T11:30:06+0100 lvl=eror msg="failed to reconnect session" obj=tunnels.session err="failed to dial ngrok server with address \"connect.ngrok-agent.com:443\": dial tcp: lookup connect.ngrok-agent.com: no such host"
t=2026-06-17T11:30:36+0100 lvl=eror msg="failed to reconnect session" obj=tunnels.session err="failed to dial ngrok server with address \"connect.ngrok-agent.com:443\": dial tcp: lookup connect.ngrok-agent.com: no such host"
t=2026-06-17T11:31:06+0100 lvl=eror msg="failed to reconnect session" obj=tunnels.session err="failed to dial ngrok server with address \"connect.ngrok-agent.com:443\": dial tcp: lookup connect.ngrok-agent.com: no such host"
t=2026-06-17T11:31:36+0100 lvl=eror msg="failed to reconnect session" obj=tunnels.session err="failed to dial ngrok server with address \"connect.ngrok-agent.com:443\": dial tcp: lookup connect.ngrok-agent.com: no such host"
t=2026-06-17T11:32:06+0100 lvl=eror msg="failed to reconnect session" obj=tunnels.session err="failed to dial ngrok server with address \"connect.ngrok-agent.com:443\": dial tcp: lookup connect.ngrok-agent.com: no such host"
t=2026-06-17T11:32:36+0100 lvl=eror msg="failed to reconnect session" obj=tunnels.session err="failed to dial ngrok server with address \"connect.ngrok-agent.com:443\": dial tcp: lookup connect.ngrok-agent.com: no such host"
t=2026-06-17T11:33:06+0100 lvl=eror msg="failed to reconnect session" obj=tunnels.session err="failed to dial ngrok server with address \"connect.ngrok-agent.com:443\": dial tcp: lookup connect.ngrok-agent.com: no such host"
t=2026-06-17T11:33:36+0100 lvl=eror msg="failed to reconnect session" obj=tunnels.session err="failed to dial ngrok server with address \"connect.ngrok-agent.com:443\": dial tcp: lookup connect.ngrok-agent.com: no such host"
t=2026-06-17T11:34:06+0100 lvl=eror msg="failed to reconnect session" obj=tunnels.session err="failed to dial ngrok server with address \"connect.ngrok-agent.com:443\": dial tcp: lookup connect.ngrok-agent.com: no such host"
t=2026-06-17T11:34:36+0100 lvl=eror msg="failed to reconnect session" obj=tunnels.session err="failed to dial ngrok server with address \"connect.ngrok-agent.com:443\": dial tcp: lookup connect.ngrok-agent.com: no such host"
t=2026-06-17T11:35:06+0100 lvl=eror msg="failed to reconnect session" obj=tunnels.session err="failed to dial ngrok server with address \"connect.ngrok-agent.com:443\": dial tcp: lookup connect.ngrok-agent.com: no such host"
t=2026-06-17T11:35:36+0100 lvl=eror msg="failed to reconnect session" obj=tunnels.session err="failed to dial ngrok server with address \"connect.ngrok-agent.com:443\": dial tcp: lookup connect.ngrok-agent.com: no such host"
t=2026-06-17T11:36:06+0100 lvl=eror msg="failed to reconnect session" obj=tunnels.session err="failed to dial ngrok server with address \"connect.ngrok-agent.com:443\": dial tcp: lookup connect.ngrok-agent.com: no such host"
t=2026-06-17T11:36:36+0100 lvl=eror msg="failed to reconnect session" obj=tunnels.session err="failed to dial ngrok server with address \"connect.ngrok-agent.com:443\": dial tcp: lookup connect.ngrok-agent.com: no such host"
t=2026-06-17T11:37:06+0100 lvl=eror msg="failed to reconnect session" obj=tunnels.session err="failed to dial ngrok server with address \"connect.ngrok-agent.com:443\": dial tcp: lookup connect.ngrok-agent.com: no such host"
t=2026-06-17T11:37:36+0100 lvl=eror msg="failed to reconnect session" obj=tunnels.session err="failed to dial ngrok server with address \"connect.ngrok-agent.com:443\": dial tcp: lookup connect.ngrok-agent.com: no such host"
t=2026-06-17T11:38:06+0100 lvl=eror msg="failed to reconnect session" obj=tunnels.session err="failed to dial ngrok server with address \"connect.ngrok-agent.com:443\": dial tcp: lookup connect.ngrok-agent.com: no such host"
t=2026-06-17T11:38:36+0100 lvl=eror msg="failed to reconnect session" obj=tunnels.session err="failed to dial ngrok server with address \"connect.ngrok-agent.com:443\": dial tcp: lookup connect.ngrok-agent.com: no such host"
t=2026-06-17T11:39:06+0100 lvl=eror msg="failed to reconnect session" obj=tunnels.session err="failed to dial ngrok server with address \"connect.ngrok-agent.com:443\": dial tcp: lookup connect.ngrok-agent.com: no such host"
t=2026-06-17T11:39:36+0100 lvl=eror msg="failed to reconnect session" obj=tunnels.session err="failed to dial ngrok server with address \"connect.ngrok-agent.com:443\": dial tcp: lookup connect.ngrok-agent.com: no such host"
t=2026-06-17T11:40:06+0100 lvl=eror msg="failed to reconnect session" obj=tunnels.session err="failed to dial ngrok server with address \"connect.ngrok-agent.com:443\": dial tcp: lookup connect.ngrok-agent.com: no such host"
t=2026-06-17T11:40:36+0100 lvl=eror msg="failed to reconnect session" obj=tunnels.session err="failed to dial ngrok server with address \"connect.ngrok-agent.com:443\": dial tcp: lookup connect.ngrok-agent.com: no such host"
t=2026-06-17T11:41:06+0100 lvl=eror msg="failed to reconnect session" obj=tunnels.session err="failed to dial ngrok server with address \"connect.ngrok-agent.com:443\": dial tcp: lookup connect.ngrok-agent.com: no such host"
t=2026-06-17T11:41:36+0100 lvl=eror msg="failed to reconnect session" obj=tunnels.session err="failed to dial ngrok server with address \"connect.ngrok-agent.com:443\": dial tcp: lookup connect.ngrok-agent.com: no such host"
t=2026-06-17T11:42:06+0100 lvl=eror msg="failed to reconnect session" obj=tunnels.session err="failed to dial ngrok server with address \"connect.ngrok-agent.com:443\": dial tcp: lookup connect.ngrok-agent.com: no such host"
t=2026-06-17T11:42:36+0100 lvl=eror msg="failed to reconnect session" obj=tunnels.session err="failed to dial ngrok server with address \"connect.ngrok-agent.com:443\": dial tcp: lookup connect.ngrok-agent.com: no such host"
t=2026-06-17T11:43:06+0100 lvl=eror msg="failed to reconnect session" obj=tunnels.session err="failed to dial ngrok server with address \"connect.ngrok-agent.com:443\": dial tcp: lookup connect.ngrok-agent.com: no such host"
t=2026-06-17T11:43:36+0100 lvl=eror msg="failed to reconnect session" obj=tunnels.session err="failed to dial ngrok server with address \"connect.ngrok-agent.com:443\": dial tcp: lookup connect.ngrok-agent.com: no such host"
t=2026-06-17T11:44:06+0100 lvl=eror msg="failed to reconnect session" obj=tunnels.session err="failed to dial ngrok server with address \"connect.ngrok-agent.com:443\": dial tcp: lookup connect.ngrok-agent.com: no such host"
t=2026-06-17T11:44:36+0100 lvl=eror msg="failed to reconnect session" obj=tunnels.session err="failed to dial ngrok server with address \"connect.ngrok-agent.com:443\": dial tcp: lookup connect.ngrok-agent.com: no such host"
t=2026-06-17T11:45:06+0100 lvl=eror msg="failed to reconnect session" obj=tunnels.session err="failed to dial ngrok server with address \"connect.ngrok-agent.com:443\": dial tcp: lookup connect.ngrok-agent.com: no such host"
t=2026-06-17T11:45:36+0100 lvl=eror msg="failed to reconnect session" obj=tunnels.session err="failed to dial ngrok server with address \"connect.ngrok-agent.com:443\": dial tcp: lookup connect.ngrok-agent.com: no such host"
t=2026-06-17T11:46:06+0100 lvl=eror msg="failed to reconnect session" obj=tunnels.session err="failed to dial ngrok server with address \"connect.ngrok-agent.com:443\": dial tcp: lookup connect.ngrok-agent.com: no such host"
t=2026-06-17T11:46:36+0100 lvl=eror msg="failed to reconnect session" obj=tunnels.session err="failed to dial ngrok server with address \"connect.ngrok-agent.com:443\": dial tcp: lookup connect.ngrok-agent.com: no such host"
t=2026-06-17T11:47:06+0100 lvl=eror msg="failed to reconnect session" obj=tunnels.session err="failed to dial ngrok server with address \"connect.ngrok-agent.com:443\": dial tcp: lookup connect.ngrok-agent.com: no such host"
t=2026-06-17T11:47:36+0100 lvl=eror msg="failed to reconnect session" obj=tunnels.session err="failed to dial ngrok server with address \"connect.ngrok-agent.com:443\": dial tcp: lookup connect.ngrok-agent.com: no such host"
t=2026-06-17T11:48:06+0100 lvl=eror msg="failed to reconnect session" obj=tunnels.session err="failed to dial ngrok server with address \"connect.ngrok-agent.com:443\": dial tcp: lookup connect.ngrok-agent.com: no such host"
t=2026-06-17T11:48:36+0100 lvl=eror msg="failed to reconnect session" obj=tunnels.session err="failed to dial ngrok server with address \"connect.ngrok-agent.com:443\": dial tcp: lookup connect.ngrok-agent.com: no such host"
t=2026-06-17T11:49:06+0100 lvl=eror msg="failed to reconnect session" obj=tunnels.session err="failed to dial ngrok server with address \"connect.ngrok-agent.com:443\": dial tcp: lookup connect.ngrok-agent.com: no such host"
t=2026-06-17T11:49:36+0100 lvl=eror msg="failed to reconnect session" obj=tunnels.session err="failed to dial ngrok server with address \"connect.ngrok-agent.com:443\": dial tcp: lookup connect.ngrok-agent.com: no such host"
t=2026-06-17T11:50:06+0100 lvl=eror msg="failed to reconnect session" obj=tunnels.session err="failed to dial ngrok server with address \"connect.ngrok-agent.com:443\": dial tcp: lookup connect.ngrok-agent.com: no such host"
t=2026-06-17T11:50:36+0100 lvl=eror msg="failed to reconnect session" obj=tunnels.session err="failed to dial ngrok server with address \"connect.ngrok-agent.com:443\": dial tcp: lookup connect.ngrok-agent.com: no such host"
t=2026-06-17T11:51:06+0100 lvl=eror msg="failed to reconnect session" obj=tunnels.session err="failed to dial ngrok server with address \"connect.ngrok-agent.com:443\": dial tcp: lookup connect.ngrok-agent.com: no such host"
t=2026-06-17T11:51:36+0100 lvl=eror msg="failed to reconnect session" obj=tunnels.session err="failed to dial ngrok server with address \"connect.ngrok-agent.com:443\": dial tcp: lookup connect.ngrok-agent.com: no such host"
t=2026-06-17T11:52:06+0100 lvl=eror msg="failed to reconnect session" obj=tunnels.session err="failed to dial ngrok server with address \"connect.ngrok-agent.com:443\": dial tcp: lookup connect.ngrok-agent.com: no such host"
t=2026-06-17T11:52:36+0100 lvl=eror msg="failed to reconnect session" obj=tunnels.session err="failed to dial ngrok server with address \"connect.ngrok-agent.com:443\": dial tcp: lookup connect.ngrok-agent.com: no such host"
t=2026-06-17T11:53:06+0100 lvl=eror msg="failed to reconnect session" obj=tunnels.session err="failed to dial ngrok server with address \"connect.ngrok-agent.com:443\": dial tcp: lookup connect.ngrok-agent.com: no such host"
t=2026-06-17T11:53:36+0100 lvl=eror msg="failed to reconnect session" obj=tunnels.session err="failed to dial ngrok server with address \"connect.ngrok-agent.com:443\": dial tcp: lookup connect.ngrok-agent.com: no such host"
t=2026-06-17T11:54:06+0100 lvl=eror msg="failed to reconnect session" obj=tunnels.session err="failed to dial ngrok server with address \"connect.ngrok-agent.com:443\": dial tcp: lookup connect.ngrok-agent.com: no such host"
t=2026-06-17T11:54:36+0100 lvl=eror msg="failed to reconnect session" obj=tunnels.session err="failed to dial ngrok server with address \"connect.ngrok-agent.com:443\": dial tcp: lookup connect.ngrok-agent.com: no such host"
t=2026-06-17T11:55:06+0100 lvl=eror msg="failed to reconnect session" obj=tunnels.session err="failed to dial ngrok server with address \"connect.ngrok-agent.com:443\": dial tcp: lookup connect.ngrok-agent.com: no such host"
t=2026-06-17T11:55:36+0100 lvl=eror msg="failed to reconnect session" obj=tunnels.session err="failed to dial ngrok server with address \"connect.ngrok-agent.com:443\": dial tcp: lookup connect.ngrok-agent.com: no such host"
t=2026-06-17T11:56:06+0100 lvl=eror msg="failed to reconnect session" obj=tunnels.session err="failed to dial ngrok server with address \"connect.ngrok-agent.com:443\": dial tcp: lookup connect.ngrok-agent.com: no such host"
t=2026-06-17T11:56:36+0100 lvl=eror msg="failed to reconnect session" obj=tunnels.session err="failed to dial ngrok server with address \"connect.ngrok-agent.com:443\": dial tcp: lookup connect.ngrok-agent.com: no such host"
t=2026-06-17T11:57:06+0100 lvl=eror msg="failed to reconnect session" obj=tunnels.session err="failed to dial ngrok server with address \"connect.ngrok-agent.com:443\": dial tcp: lookup connect.ngrok-agent.com: no such host"
t=2026-06-17T11:57:36+0100 lvl=eror msg="failed to reconnect session" obj=tunnels.session err="failed to dial ngrok server with address \"connect.ngrok-agent.com:443\": dial tcp: lookup connect.ngrok-agent.com: no such host"
t=2026-06-17T11:58:06+0100 lvl=eror msg="failed to reconnect session" obj=tunnels.session err="failed to dial ngrok server with address \"connect.ngrok-agent.com:443\": dial tcp: lookup connect.ngrok-agent.com: no such host"
t=2026-06-17T11:58:36+0100 lvl=eror msg="failed to reconnect session" obj=tunnels.session err="failed to dial ngrok server with address \"connect.ngrok-agent.com:443\": dial tcp: lookup connect.ngrok-agent.com: no such host"
t=2026-06-17T11:59:06+0100 lvl=eror msg="failed to reconnect session" obj=tunnels.session err="failed to dial ngrok server with address \"connect.ngrok-agent.com:443\": dial tcp: lookup connect.ngrok-agent.com: no such host"
t=2026-06-17T11:59:36+0100 lvl=eror msg="failed to reconnect session" obj=tunnels.session err="failed to dial ngrok server with address \"connect.ngrok-agent.com:443\": dial tcp: lookup connect.ngrok-agent.com: no such host"
t=2026-06-17T12:00:06+0100 lvl=eror msg="failed to reconnect session" obj=tunnels.session err="failed to dial ngrok server with address \"connect.ngrok-agent.com:443\": dial tcp: lookup connect.ngrok-agent.com: no such host"
t=2026-06-17T12:00:36+0100 lvl=eror msg="failed to reconnect session" obj=tunnels.session err="failed to dial ngrok server with address \"connect.ngrok-agent.com:443\": dial tcp: lookup connect.ngrok-agent.com: no such host"
t=2026-06-17T12:01:06+0100 lvl=eror msg="failed to reconnect session" obj=tunnels.session err="failed to dial ngrok server with address \"connect.ngrok-agent.com:443\": dial tcp: lookup connect.ngrok-agent.com: no such host"
t=2026-06-17T12:01:36+0100 lvl=eror msg="failed to reconnect session" obj=tunnels.session err="failed to dial ngrok server with address \"connect.ngrok-agent.com:443\": dial tcp: lookup connect.ngrok-agent.com: no such host"
t=2026-06-17T12:02:06+0100 lvl=eror msg="failed to reconnect session" obj=tunnels.session err="failed to dial ngrok server with address \"connect.ngrok-agent.com:443\": dial tcp: lookup connect.ngrok-agent.com: no such host"
t=2026-06-17T12:02:36+0100 lvl=eror msg="failed to reconnect session" obj=tunnels.session err="failed to dial ngrok server with address \"connect.ngrok-agent.com:443\": dial tcp: lookup connect.ngrok-agent.com: no such host"
t=2026-06-17T12:03:06+0100 lvl=eror msg="failed to reconnect session" obj=tunnels.session err="failed to dial ngrok server with address \"connect.ngrok-agent.com:443\": dial tcp: lookup connect.ngrok-agent.com: no such host"
t=2026-06-17T12:03:36+0100 lvl=eror msg="failed to reconnect session" obj=tunnels.session err="failed to dial ngrok server with address \"connect.ngrok-agent.com:443\": dial tcp: lookup connect.ngrok-agent.com: no such host"
t=2026-06-17T12:04:06+0100 lvl=eror msg="failed to reconnect session" obj=tunnels.session err="failed to dial ngrok server with address \"connect.ngrok-agent.com:443\": dial tcp: lookup connect.ngrok-agent.com: no such host"
t=2026-06-17T12:04:36+0100 lvl=eror msg="failed to reconnect session" obj=tunnels.session err="failed to dial ngrok server with address \"connect.ngrok-agent.com:443\": dial tcp: lookup connect.ngrok-agent.com: no such host"
t=2026-06-17T12:05:06+0100 lvl=eror msg="failed to reconnect session" obj=tunnels.session err="failed to dial ngrok server with address \"connect.ngrok-agent.com:443\": dial tcp: lookup connect.ngrok-agent.com: no such host"
t=2026-06-17T12:05:36+0100 lvl=eror msg="failed to reconnect session" obj=tunnels.session err="failed to dial ngrok server with address \"connect.ngrok-agent.com:443\": dial tcp: lookup connect.ngrok-agent.com: no such host"
t=2026-06-17T12:06:06+0100 lvl=eror msg="failed to reconnect session" obj=tunnels.session err="failed to dial ngrok server with address \"connect.ngrok-agent.com:443\": dial tcp: lookup connect.ngrok-agent.com: no such host"
t=2026-06-17T12:06:36+0100 lvl=eror msg="failed to reconnect session" obj=tunnels.session err="failed to dial ngrok server with address \"connect.ngrok-agent.com:443\": dial tcp: lookup connect.ngrok-agent.com: no such host"
t=2026-06-17T12:07:07+0100 lvl=eror msg="failed to reconnect session" obj=tunnels.session err="failed to dial ngrok server with address \"connect.ngrok-agent.com:443\": dial tcp: lookup connect.ngrok-agent.com: no such host"
t=2026-06-17T12:07:37+0100 lvl=eror msg="failed to reconnect session" obj=tunnels.session err="failed to dial ngrok server with address \"connect.ngrok-agent.com:443\": dial tcp: lookup connect.ngrok-agent.com: no such host"
t=2026-06-17T12:08:07+0100 lvl=eror msg="failed to reconnect session" obj=tunnels.session err="failed to dial ngrok server with address \"connect.ngrok-agent.com:443\": dial tcp: lookup connect.ngrok-agent.com: no such host"
t=2026-06-17T12:08:37+0100 lvl=eror msg="failed to reconnect session" obj=tunnels.session err="failed to dial ngrok server with address \"connect.ngrok-agent.com:443\": dial tcp: lookup connect.ngrok-agent.com: no such host"
t=2026-06-17T12:09:07+0100 lvl=eror msg="failed to reconnect session" obj=tunnels.session err="failed to dial ngrok server with address \"connect.ngrok-agent.com:443\": dial tcp: lookup connect.ngrok-agent.com: no such host"
t=2026-06-17T12:09:37+0100 lvl=eror msg="failed to reconnect session" obj=tunnels.session err="failed to dial ngrok server with address \"connect.ngrok-agent.com:443\": dial tcp: lookup connect.ngrok-agent.com: no such host"
t=2026-06-17T12:10:07+0100 lvl=eror msg="failed to reconnect session" obj=tunnels.session err="failed to dial ngrok server with address \"connect.ngrok-agent.com:443\": dial tcp: lookup connect.ngrok-agent.com: no such host"
t=2026-06-17T12:10:37+0100 lvl=eror msg="failed to reconnect session" obj=tunnels.session err="failed to dial ngrok server with address \"connect.ngrok-agent.com:443\": dial tcp: lookup connect.ngrok-agent.com: no such host"
t=2026-06-17T12:11:07+0100 lvl=eror msg="failed to reconnect session" obj=tunnels.session err="failed to dial ngrok server with address \"connect.ngrok-agent.com:443\": dial tcp: lookup connect.ngrok-agent.com: no such host"
t=2026-06-17T12:11:37+0100 lvl=eror msg="failed to reconnect session" obj=tunnels.session err="failed to dial ngrok server with address \"connect.ngrok-agent.com:443\": dial tcp: lookup connect.ngrok-agent.com: no such host"
t=2026-06-17T12:12:07+0100 lvl=eror msg="failed to reconnect session" obj=tunnels.session err="failed to dial ngrok server with address \"connect.ngrok-agent.com:443\": dial tcp: lookup connect.ngrok-agent.com: no such host"
t=2026-06-17T12:12:37+0100 lvl=eror msg="failed to reconnect session" obj=tunnels.session err="failed to dial ngrok server with address \"connect.ngrok-agent.com:443\": dial tcp: lookup connect.ngrok-agent.com: no such host"
t=2026-06-17T12:13:07+0100 lvl=eror msg="failed to reconnect session" obj=tunnels.session err="failed to dial ngrok server with address \"connect.ngrok-agent.com:443\": dial tcp: lookup connect.ngrok-agent.com: no such host"
t=2026-06-17T12:13:37+0100 lvl=eror msg="failed to reconnect session" obj=tunnels.session err="failed to dial ngrok server with address \"connect.ngrok-agent.com:443\": dial tcp: lookup connect.ngrok-agent.com: no such host"
t=2026-06-17T12:14:07+0100 lvl=eror msg="failed to reconnect session" obj=tunnels.session err="failed to dial ngrok server with address \"connect.ngrok-agent.com:443\": dial tcp: lookup connect.ngrok-agent.com: no such host"
t=2026-06-17T12:14:37+0100 lvl=eror msg="failed to reconnect session" obj=tunnels.session err="failed to dial ngrok server with address \"connect.ngrok-agent.com:443\": dial tcp: lookup connect.ngrok-agent.com: no such host"
t=2026-06-17T12:15:07+0100 lvl=eror msg="failed to reconnect session" obj=tunnels.session err="failed to dial ngrok server with address \"connect.ngrok-agent.com:443\": dial tcp: lookup connect.ngrok-agent.com: no such host"
t=2026-06-17T12:15:37+0100 lvl=eror msg="failed to reconnect session" obj=tunnels.session err="failed to dial ngrok server with address \"connect.ngrok-agent.com:443\": dial tcp: lookup connect.ngrok-agent.com: no such host"
t=2026-06-17T12:16:07+0100 lvl=eror msg="failed to reconnect session" obj=tunnels.session err="failed to dial ngrok server with address \"connect.ngrok-agent.com:443\": dial tcp: lookup connect.ngrok-agent.com: no such host"
t=2026-06-17T12:16:37+0100 lvl=eror msg="failed to reconnect session" obj=tunnels.session err="failed to dial ngrok server with address \"connect.ngrok-agent.com:443\": dial tcp: lookup connect.ngrok-agent.com: no such host"
t=2026-06-17T12:17:07+0100 lvl=eror msg="failed to reconnect session" obj=tunnels.session err="failed to dial ngrok server with address \"connect.ngrok-agent.com:443\": dial tcp: lookup connect.ngrok-agent.com: no such host"
t=2026-06-17T12:17:37+0100 lvl=eror msg="failed to reconnect session" obj=tunnels.session err="failed to dial ngrok server with address \"connect.ngrok-agent.com:443\": dial tcp: lookup connect.ngrok-agent.com: no such host"
t=2026-06-17T12:18:07+0100 lvl=eror msg="failed to reconnect session" obj=tunnels.session err="failed to dial ngrok server with address \"connect.ngrok-agent.com:443\": dial tcp: lookup connect.ngrok-agent.com: no such host"
t=2026-06-17T12:18:37+0100 lvl=eror msg="failed to reconnect session" obj=tunnels.session err="failed to dial ngrok server with address \"connect.ngrok-agent.com:443\": dial tcp: lookup connect.ngrok-agent.com: no such host"
t=2026-06-17T12:19:07+0100 lvl=eror msg="failed to reconnect session" obj=tunnels.session err="failed to dial ngrok server with address \"connect.ngrok-agent.com:443\": dial tcp: lookup connect.ngrok-agent.com: no such host"
t=2026-06-17T12:19:37+0100 lvl=eror msg="failed to reconnect session" obj=tunnels.session err="failed to dial ngrok server with address \"connect.ngrok-agent.com:443\": dial tcp: lookup connect.ngrok-agent.com: no such host"
t=2026-06-17T12:20:07+0100 lvl=eror msg="failed to reconnect session" obj=tunnels.session err="failed to dial ngrok server with address \"connect.ngrok-agent.com:443\": dial tcp: lookup connect.ngrok-agent.com: no such host"
t=2026-06-17T12:20:37+0100 lvl=eror msg="failed to reconnect session" obj=tunnels.session err="failed to dial ngrok server with address \"connect.ngrok-agent.com:443\": dial tcp: lookup connect.ngrok-agent.com: no such host"
t=2026-06-17T12:21:07+0100 lvl=eror msg="failed to reconnect session" obj=tunnels.session err="failed to dial ngrok server with address \"connect.ngrok-agent.com:443\": dial tcp: lookup connect.ngrok-agent.com: no such host"
t=2026-06-17T12:21:37+0100 lvl=eror msg="failed to reconnect session" obj=tunnels.session err="failed to dial ngrok server with address \"connect.ngrok-agent.com:443\": dial tcp: lookup connect.ngrok-agent.com: no such host"
t=2026-06-17T12:22:07+0100 lvl=eror msg="failed to reconnect session" obj=tunnels.session err="failed to dial ngrok server with address \"connect.ngrok-agent.com:443\": dial tcp: lookup connect.ngrok-agent.com: no such host"
t=2026-06-17T12:22:37+0100 lvl=eror msg="failed to reconnect session" obj=tunnels.session err="failed to dial ngrok server with address \"connect.ngrok-agent.com:443\": dial tcp: lookup connect.ngrok-agent.com: no such host"
t=2026-06-17T12:23:07+0100 lvl=eror msg="failed to reconnect session" obj=tunnels.session err="failed to dial ngrok server with address \"connect.ngrok-agent.com:443\": dial tcp: lookup connect.ngrok-agent.com: no such host"
t=2026-06-17T12:23:37+0100 lvl=eror msg="failed to reconnect session" obj=tunnels.session err="failed to dial ngrok server with address \"connect.ngrok-agent.com:443\": dial tcp: lookup connect.ngrok-agent.com: no such host"
t=2026-06-17T12:24:07+0100 lvl=eror msg="failed to reconnect session" obj=tunnels.session err="failed to dial ngrok server with address \"connect.ngrok-agent.com:443\": dial tcp: lookup connect.ngrok-agent.com: no such host"
t=2026-06-17T12:24:37+0100 lvl=eror msg="failed to reconnect session" obj=tunnels.session err="failed to dial ngrok server with address \"connect.ngrok-agent.com:443\": dial tcp: lookup connect.ngrok-agent.com: no such host"
t=2026-06-17T12:25:07+0100 lvl=eror msg="failed to reconnect session" obj=tunnels.session err="failed to dial ngrok server with address \"connect.ngrok-agent.com:443\": dial tcp: lookup connect.ngrok-agent.com: no such host"
t=2026-06-17T12:25:37+0100 lvl=eror msg="failed to reconnect session" obj=tunnels.session err="failed to dial ngrok server with address \"connect.ngrok-agent.com:443\": dial tcp: lookup connect.ngrok-agent.com: no such host"
t=2026-06-17T12:26:07+0100 lvl=eror msg="failed to reconnect session" obj=tunnels.session err="failed to dial ngrok server with address \"connect.ngrok-agent.com:443\": dial tcp: lookup connect.ngrok-agent.com: no such host"
t=2026-06-17T12:26:37+0100 lvl=eror msg="failed to reconnect session" obj=tunnels.session err="failed to dial ngrok server with address \"connect.ngrok-agent.com:443\": dial tcp: lookup connect.ngrok-agent.com: no such host"
t=2026-06-17T12:27:07+0100 lvl=eror msg="failed to reconnect session" obj=tunnels.session err="failed to dial ngrok server with address \"connect.ngrok-agent.com:443\": dial tcp: lookup connect.ngrok-agent.com: no such host"
t=2026-06-17T12:27:37+0100 lvl=eror msg="failed to reconnect session" obj=tunnels.session err="failed to dial ngrok server with address \"connect.ngrok-agent.com:443\": dial tcp: lookup connect.ngrok-agent.com: no such host"
t=2026-06-17T12:28:07+0100 lvl=eror msg="failed to reconnect session" obj=tunnels.session err="failed to dial ngrok server with address \"connect.ngrok-agent.com:443\": dial tcp: lookup connect.ngrok-agent.com: no such host"
t=2026-06-17T12:28:37+0100 lvl=eror msg="failed to reconnect session" obj=tunnels.session err="failed to dial ngrok server with address \"connect.ngrok-agent.com:443\": dial tcp: lookup connect.ngrok-agent.com: no such host"
t=2026-06-17T12:29:07+0100 lvl=eror msg="failed to reconnect session" obj=tunnels.session err="failed to dial ngrok server with address \"connect.ngrok-agent.com:443\": dial tcp: lookup connect.ngrok-agent.com: no such host"
t=2026-06-17T12:29:37+0100 lvl=eror msg="failed to reconnect session" obj=tunnels.session err="failed to dial ngrok server with address \"connect.ngrok-agent.com:443\": dial tcp: lookup connect.ngrok-agent.com: no such host"
t=2026-06-17T12:30:07+0100 lvl=eror msg="failed to reconnect session" obj=tunnels.session err="failed to dial ngrok server with address \"connect.ngrok-agent.com:443\": dial tcp: lookup connect.ngrok-agent.com: no such host"
t=2026-06-17T12:30:37+0100 lvl=eror msg="failed to reconnect session" obj=tunnels.session err="failed to dial ngrok server with address \"connect.ngrok-agent.com:443\": dial tcp: lookup connect.ngrok-agent.com: no such host"
t=2026-06-17T12:31:07+0100 lvl=eror msg="failed to reconnect session" obj=tunnels.session err="failed to dial ngrok server with address \"connect.ngrok-agent.com:443\": dial tcp: lookup connect.ngrok-agent.com: no such host"
t=2026-06-17T12:31:37+0100 lvl=eror msg="failed to reconnect session" obj=tunnels.session err="failed to dial ngrok server with address \"connect.ngrok-agent.com:443\": dial tcp: lookup connect.ngrok-agent.com: no such host"
t=2026-06-17T12:32:07+0100 lvl=eror msg="failed to reconnect session" obj=tunnels.session err="failed to dial ngrok server with address \"connect.ngrok-agent.com:443\": dial tcp: lookup connect.ngrok-agent.com: no such host"
t=2026-06-17T12:32:37+0100 lvl=eror msg="failed to reconnect session" obj=tunnels.session err="failed to dial ngrok server with address \"connect.ngrok-agent.com:443\": dial tcp: lookup connect.ngrok-agent.com: no such host"
t=2026-06-17T12:33:07+0100 lvl=eror msg="failed to reconnect session" obj=tunnels.session err="failed to dial ngrok server with address \"connect.ngrok-agent.com:443\": dial tcp: lookup connect.ngrok-agent.com: no such host"
t=2026-06-17T12:33:37+0100 lvl=eror msg="failed to reconnect session" obj=tunnels.session err="failed to dial ngrok server with address \"connect.ngrok-agent.com:443\": dial tcp: lookup connect.ngrok-agent.com: no such host"
t=2026-06-17T12:34:07+0100 lvl=eror msg="failed to reconnect session" obj=tunnels.session err="failed to dial ngrok server with address \"connect.ngrok-agent.com:443\": dial tcp: lookup connect.ngrok-agent.com: no such host"
t=2026-06-17T12:34:37+0100 lvl=eror msg="failed to reconnect session" obj=tunnels.session err="failed to dial ngrok server with address \"connect.ngrok-agent.com:443\": dial tcp: lookup connect.ngrok-agent.com: no such host"
t=2026-06-17T12:35:07+0100 lvl=eror msg="failed to reconnect session" obj=tunnels.session err="failed to dial ngrok server with address \"connect.ngrok-agent.com:443\": dial tcp: lookup connect.ngrok-agent.com: no such host"
t=2026-06-17T12:35:37+0100 lvl=eror msg="failed to reconnect session" obj=tunnels.session err="failed to dial ngrok server with address \"connect.ngrok-agent.com:443\": dial tcp: lookup connect.ngrok-agent.com: no such host"
t=2026-06-17T12:36:07+0100 lvl=eror msg="failed to reconnect session" obj=tunnels.session err="failed to dial ngrok server with address \"connect.ngrok-agent.com:443\": dial tcp: lookup connect.ngrok-agent.com: no such host"
t=2026-06-17T12:36:37+0100 lvl=eror msg="failed to reconnect session" obj=tunnels.session err="failed to dial ngrok server with address \"connect.ngrok-agent.com:443\": dial tcp: lookup connect.ngrok-agent.com: no such host"
t=2026-06-17T12:37:07+0100 lvl=eror msg="failed to reconnect session" obj=tunnels.session err="failed to dial ngrok server with address \"connect.ngrok-agent.com:443\": dial tcp: lookup connect.ngrok-agent.com: no such host"
t=2026-06-17T12:37:37+0100 lvl=eror msg="failed to reconnect session" obj=tunnels.session err="failed to dial ngrok server with address \"connect.ngrok-agent.com:443\": dial tcp: lookup connect.ngrok-agent.com: no such host"
t=2026-06-17T12:38:07+0100 lvl=eror msg="failed to reconnect session" obj=tunnels.session err="failed to dial ngrok server with address \"connect.ngrok-agent.com:443\": dial tcp: lookup connect.ngrok-agent.com: no such host"
t=2026-06-17T12:38:37+0100 lvl=eror msg="failed to reconnect session" obj=tunnels.session err="failed to dial ngrok server with address \"connect.ngrok-agent.com:443\": dial tcp: lookup connect.ngrok-agent.com: no such host"
t=2026-06-17T12:39:07+0100 lvl=eror msg="failed to reconnect session" obj=tunnels.session err="failed to dial ngrok server with address \"connect.ngrok-agent.com:443\": dial tcp: lookup connect.ngrok-agent.com: no such host"
t=2026-06-17T12:39:37+0100 lvl=eror msg="failed to reconnect session" obj=tunnels.session err="failed to dial ngrok server with address \"connect.ngrok-agent.com:443\": dial tcp: lookup connect.ngrok-agent.com: no such host"
t=2026-06-17T12:40:07+0100 lvl=eror msg="failed to reconnect session" obj=tunnels.session err="failed to dial ngrok server with address \"connect.ngrok-agent.com:443\": dial tcp: lookup connect.ngrok-agent.com: no such host"
t=2026-06-17T12:40:37+0100 lvl=eror msg="failed to reconnect session" obj=tunnels.session err="failed to dial ngrok server with address \"connect.ngrok-agent.com:443\": dial tcp: lookup connect.ngrok-agent.com: no such host"
t=2026-06-17T12:41:07+0100 lvl=eror msg="failed to reconnect session" obj=tunnels.session err="failed to dial ngrok server with address \"connect.ngrok-agent.com:443\": dial tcp: lookup connect.ngrok-agent.com: no such host"
t=2026-06-17T12:41:37+0100 lvl=eror msg="failed to reconnect session" obj=tunnels.session err="failed to dial ngrok server with address \"connect.ngrok-agent.com:443\": dial tcp: lookup connect.ngrok-agent.com: no such host"
t=2026-06-17T12:42:07+0100 lvl=eror msg="failed to reconnect session" obj=tunnels.session err="failed to dial ngrok server with address \"connect.ngrok-agent.com:443\": dial tcp: lookup connect.ngrok-agent.com: no such host"
t=2026-06-17T12:42:37+0100 lvl=eror msg="failed to reconnect session" obj=tunnels.session err="failed to dial ngrok server with address \"connect.ngrok-agent.com:443\": dial tcp: lookup connect.ngrok-agent.com: no such host"
t=2026-06-17T12:43:07+0100 lvl=eror msg="failed to reconnect session" obj=tunnels.session err="failed to dial ngrok server with address \"connect.ngrok-agent.com:443\": dial tcp: lookup connect.ngrok-agent.com: no such host"
t=2026-06-17T12:43:37+0100 lvl=eror msg="failed to reconnect session" obj=tunnels.session err="failed to dial ngrok server with address \"connect.ngrok-agent.com:443\": dial tcp: lookup connect.ngrok-agent.com: no such host"
t=2026-06-17T12:44:07+0100 lvl=eror msg="failed to reconnect session" obj=tunnels.session err="failed to dial ngrok server with address \"connect.ngrok-agent.com:443\": dial tcp: lookup connect.ngrok-agent.com: no such host"
t=2026-06-17T12:44:37+0100 lvl=eror msg="failed to reconnect session" obj=tunnels.session err="failed to dial ngrok server with address \"connect.ngrok-agent.com:443\": dial tcp: lookup connect.ngrok-agent.com: no such host"
t=2026-06-17T12:45:07+0100 lvl=eror msg="failed to reconnect session" obj=tunnels.session err="failed to dial ngrok server with address \"connect.ngrok-agent.com:443\": dial tcp: lookup connect.ngrok-agent.com: no such host"
t=2026-06-17T12:45:37+0100 lvl=eror msg="failed to reconnect session" obj=tunnels.session err="failed to dial ngrok server with address \"connect.ngrok-agent.com:443\": dial tcp: lookup connect.ngrok-agent.com: no such host"
t=2026-06-17T12:46:07+0100 lvl=eror msg="failed to reconnect session" obj=tunnels.session err="failed to dial ngrok server with address \"connect.ngrok-agent.com:443\": dial tcp: lookup connect.ngrok-agent.com: no such host"
t=2026-06-17T12:46:37+0100 lvl=eror msg="failed to reconnect session" obj=tunnels.session err="failed to dial ngrok server with address \"connect.ngrok-agent.com:443\": dial tcp: lookup connect.ngrok-agent.com: no such host"
t=2026-06-17T12:47:07+0100 lvl=eror msg="failed to reconnect session" obj=tunnels.session err="failed to dial ngrok server with address \"connect.ngrok-agent.com:443\": dial tcp: lookup connect.ngrok-agent.com: no such host"
t=2026-06-17T12:47:37+0100 lvl=eror msg="failed to reconnect session" obj=tunnels.session err="failed to dial ngrok server with address \"connect.ngrok-agent.com:443\": dial tcp: lookup connect.ngrok-agent.com: no such host"
t=2026-06-17T12:48:07+0100 lvl=eror msg="failed to reconnect session" obj=tunnels.session err="failed to dial ngrok server with address \"connect.ngrok-agent.com:443\": dial tcp: lookup connect.ngrok-agent.com: no such host"
t=2026-06-17T12:48:37+0100 lvl=eror msg="failed to reconnect session" obj=tunnels.session err="failed to dial ngrok server with address \"connect.ngrok-agent.com:443\": dial tcp: lookup connect.ngrok-agent.com: no such host"
t=2026-06-17T12:49:07+0100 lvl=eror msg="failed to reconnect session" obj=tunnels.session err="failed to dial ngrok server with address \"connect.ngrok-agent.com:443\": dial tcp: lookup connect.ngrok-agent.com: no such host"
t=2026-06-17T12:49:37+0100 lvl=eror msg="failed to reconnect session" obj=tunnels.session err="failed to dial ngrok server with address \"connect.ngrok-agent.com:443\": dial tcp: lookup connect.ngrok-agent.com: no such host"
t=2026-06-17T12:50:07+0100 lvl=eror msg="failed to reconnect session" obj=tunnels.session err="failed to dial ngrok server with address \"connect.ngrok-agent.com:443\": dial tcp: lookup connect.ngrok-agent.com: no such host"
t=2026-06-17T12:50:37+0100 lvl=eror msg="failed to reconnect session" obj=tunnels.session err="failed to dial ngrok server with address \"connect.ngrok-agent.com:443\": dial tcp: lookup connect.ngrok-agent.com: no such host"
t=2026-06-17T12:51:07+0100 lvl=eror msg="failed to reconnect session" obj=tunnels.session err="failed to dial ngrok server with address \"connect.ngrok-agent.com:443\": dial tcp: lookup connect.ngrok-agent.com: no such host"
t=2026-06-17T12:51:37+0100 lvl=eror msg="failed to reconnect session" obj=tunnels.session err="failed to dial ngrok server with address \"connect.ngrok-agent.com:443\": dial tcp: lookup connect.ngrok-agent.com: no such host"
t=2026-06-17T12:52:07+0100 lvl=eror msg="failed to reconnect session" obj=tunnels.session err="failed to dial ngrok server with address \"connect.ngrok-agent.com:443\": dial tcp: lookup connect.ngrok-agent.com: no such host"
t=2026-06-17T12:52:37+0100 lvl=eror msg="failed to reconnect session" obj=tunnels.session err="failed to dial ngrok server with address \"connect.ngrok-agent.com:443\": dial tcp: lookup connect.ngrok-agent.com: no such host"
t=2026-06-17T12:53:07+0100 lvl=eror msg="failed to reconnect session" obj=tunnels.session err="failed to dial ngrok server with address \"connect.ngrok-agent.com:443\": dial tcp: lookup connect.ngrok-agent.com: no such host"
t=2026-06-17T12:53:37+0100 lvl=eror msg="failed to reconnect session" obj=tunnels.session err="failed to dial ngrok server with address \"connect.ngrok-agent.com:443\": dial tcp: lookup connect.ngrok-agent.com: no such host"
t=2026-06-17T12:54:07+0100 lvl=eror msg="failed to reconnect session" obj=tunnels.session err="failed to dial ngrok server with address \"connect.ngrok-agent.com:443\": dial tcp: lookup connect.ngrok-agent.com: no such host"
t=2026-06-17T12:54:37+0100 lvl=eror msg="failed to reconnect session" obj=tunnels.session err="failed to dial ngrok server with address \"connect.ngrok-agent.com:443\": dial tcp: lookup connect.ngrok-agent.com: no such host"
t=2026-06-17T12:55:07+0100 lvl=eror msg="failed to reconnect session" obj=tunnels.session err="failed to dial ngrok server with address \"connect.ngrok-agent.com:443\": dial tcp: lookup connect.ngrok-agent.com: no such host"
t=2026-06-17T12:55:37+0100 lvl=eror msg="failed to reconnect session" obj=tunnels.session err="failed to dial ngrok server with address \"connect.ngrok-agent.com:443\": dial tcp: lookup connect.ngrok-agent.com: no such host"
t=2026-06-17T12:56:07+0100 lvl=eror msg="failed to reconnect session" obj=tunnels.session err="failed to dial ngrok server with address \"connect.ngrok-agent.com:443\": dial tcp: lookup connect.ngrok-agent.com: no such host"
t=2026-06-17T12:56:37+0100 lvl=eror msg="failed to reconnect session" obj=tunnels.session err="failed to dial ngrok server with address \"connect.ngrok-agent.com:443\": dial tcp: lookup connect.ngrok-agent.com: no such host"
t=2026-06-17T12:57:07+0100 lvl=eror msg="failed to reconnect session" obj=tunnels.session err="failed to dial ngrok server with address \"connect.ngrok-agent.com:443\": dial tcp: lookup connect.ngrok-agent.com: no such host"
t=2026-06-17T12:57:37+0100 lvl=eror msg="failed to reconnect session" obj=tunnels.session err="failed to dial ngrok server with address \"connect.ngrok-agent.com:443\": dial tcp: lookup connect.ngrok-agent.com: no such host"
t=2026-06-17T12:58:07+0100 lvl=eror msg="failed to reconnect session" obj=tunnels.session err="failed to dial ngrok server with address \"connect.ngrok-agent.com:443\": dial tcp: lookup connect.ngrok-agent.com: no such host"
t=2026-06-17T12:58:37+0100 lvl=eror msg="failed to reconnect session" obj=tunnels.session err="failed to dial ngrok server with address \"connect.ngrok-agent.com:443\": dial tcp: lookup connect.ngrok-agent.com: no such host"
t=2026-06-17T12:59:07+0100 lvl=eror msg="failed to reconnect session" obj=tunnels.session err="failed to dial ngrok server with address \"connect.ngrok-agent.com:443\": dial tcp: lookup connect.ngrok-agent.com: no such host"
t=2026-06-17T12:59:37+0100 lvl=eror msg="failed to reconnect session" obj=tunnels.session err="failed to dial ngrok server with address \"connect.ngrok-agent.com:443\": dial tcp: lookup connect.ngrok-agent.com: no such host"
t=2026-06-17T13:00:07+0100 lvl=eror msg="failed to reconnect session" obj=tunnels.session err="failed to dial ngrok server with address \"connect.ngrok-agent.com:443\": dial tcp: lookup connect.ngrok-agent.com: no such host"
t=2026-06-17T13:02:06+0100 lvl=eror msg="failed to reconnect session" obj=tunnels.session err="failed to dial ngrok server with address \"connect.ngrok-agent.com:443\": dial tcp: lookup connect.ngrok-agent.com: no such host"
t=2026-06-17T13:07:06+0100 lvl=eror msg="failed to reconnect session" obj=tunnels.session err="failed to dial ngrok server with address \"connect.ngrok-agent.com:443\": dial tcp: lookup connect.ngrok-agent.com: no such host"
t=2026-06-17T13:22:09+0100 lvl=eror msg="failed to reconnect session" obj=tunnels.session err="failed to dial ngrok server with address \"connect.ngrok-agent.com:443\": dial tcp: lookup connect.ngrok-agent.com: no such host"
t=2026-06-17T13:40:00+0100 lvl=eror msg="failed to reconnect session" obj=tunnels.session err="failed to dial ngrok server with address \"connect.ngrok-agent.com:443\": dial tcp: lookup connect.ngrok-agent.com: no such host"
t=2026-06-17T13:40:30+0100 lvl=eror msg="failed to reconnect session" obj=tunnels.session err="failed to dial ngrok server with address \"connect.ngrok-agent.com:443\": dial tcp: lookup connect.ngrok-agent.com: no such host"
t=2026-06-17T13:41:00+0100 lvl=eror msg="failed to reconnect session" obj=tunnels.session err="failed to dial ngrok server with address \"connect.ngrok-agent.com:443\": dial tcp: lookup connect.ngrok-agent.com: no such host"
t=2026-06-17T13:41:30+0100 lvl=eror msg="failed to reconnect session" obj=tunnels.session err="failed to dial ngrok server with address \"connect.ngrok-agent.com:443\": dial tcp: lookup connect.ngrok-agent.com: no such host"
t=2026-06-17T13:42:00+0100 lvl=eror msg="failed to reconnect session" obj=tunnels.session err="failed to dial ngrok server with address \"connect.ngrok-agent.com:443\": dial tcp: lookup connect.ngrok-agent.com: no such host"
t=2026-06-17T13:42:30+0100 lvl=eror msg="failed to reconnect session" obj=tunnels.session err="failed to dial ngrok server with address \"connect.ngrok-agent.com:443\": dial tcp: lookup connect.ngrok-agent.com: no such host"
t=2026-06-17T13:43:10+0100 lvl=info msg="client session established" obj=tunnels.session
t=2026-06-17T13:43:10+0100 lvl=info msg="tunnel session started" obj=tunnels.session
t=2026-06-17T13:43:26+0100 lvl=eror msg="heartbeat timeout, terminating session" obj=tunnels.session obj=csess id=89c839687aff clientid=f7fbaa4785bf30af9af54496a18fd84a
t=2026-06-17T13:43:26+0100 lvl=eror msg="session closed, starting reconnect loop" obj=tunnels.session obj=csess id=e956ee608946 err="session closed"
t=2026-06-17T13:43:28+0100 lvl=info msg="client session established" obj=tunnels.session
t=2026-06-17T13:43:28+0100 lvl=info msg="tunnel session started" obj=tunnels.session
t=2026-06-17T13:59:36+0100 lvl=info msg="join connections" obj=join id=35c7bc5df9e3 l=[::1]:3001 r=[2a04:cec0:11c0:973:cd9:b9a8:4c17:90ad]:59439
t=2026-06-17T13:59:37+0100 lvl=info msg="join connections" obj=join id=ef0bf80589a3 l=[::1]:3001 r=[2a04:cec0:11c0:973:cd9:b9a8:4c17:90ad]:59439
t=2026-06-17T13:59:37+0100 lvl=info msg="join connections" obj=join id=a01a82cd4653 l=[::1]:3001 r=[2a04:cec0:11c0:973:cd9:b9a8:4c17:90ad]:59439
t=2026-06-17T13:59:37+0100 lvl=info msg="join connections" obj=join id=51a33c07ca75 l=[::1]:3001 r=[2a04:cec0:11c0:973:cd9:b9a8:4c17:90ad]:59439
t=2026-06-17T13:59:37+0100 lvl=info msg="join connections" obj=join id=7e687eff1ec2 l=[::1]:3001 r=[2a04:cec0:11c0:973:cd9:b9a8:4c17:90ad]:59439
t=2026-06-17T13:59:37+0100 lvl=info msg="join connections" obj=join id=1d272bcf6664 l=[::1]:3001 r=[2a04:cec0:11c0:973:cd9:b9a8:4c17:90ad]:59439
t=2026-06-17T13:59:37+0100 lvl=info msg="join connections" obj=join id=88af9e44a7fe l=[::1]:3001 r=[2a04:cec0:11c0:973:cd9:b9a8:4c17:90ad]:59439
t=2026-06-17T15:25:05+0100 lvl=eror msg="heartbeat timeout, terminating session" obj=tunnels.session obj=csess id=578f18df74a7 clientid=f7fbaa4785bf30af9af54496a18fd84a
t=2026-06-17T15:25:05+0100 lvl=eror msg="session closed, starting reconnect loop" obj=tunnels.session obj=csess id=e956ee608946 err="session closed"
t=2026-06-17T15:25:05+0100 lvl=eror msg="failed to reconnect session" obj=tunnels.session err="failed to dial ngrok server with address \"connect.ngrok-agent.com:443\": dial tcp: lookup connect.ngrok-agent.com: no such host"
t=2026-06-17T15:25:05+0100 lvl=eror msg="failed to reconnect session" obj=tunnels.session err="failed to dial ngrok server with address \"connect.ngrok-agent.com:443\": dial tcp: lookup connect.ngrok-agent.com: no such host"
t=2026-06-17T15:25:06+0100 lvl=eror msg="failed to reconnect session" obj=tunnels.session err="failed to dial ngrok server with address \"connect.ngrok-agent.com:443\": dial tcp: lookup connect.ngrok-agent.com: no such host"
t=2026-06-17T15:25:08+0100 lvl=eror msg="failed to reconnect session" obj=tunnels.session err="failed to dial ngrok server with address \"connect.ngrok-agent.com:443\": dial tcp: lookup connect.ngrok-agent.com: no such host"
t=2026-06-17T15:25:13+0100 lvl=info msg="client session established" obj=tunnels.session
t=2026-06-17T15:25:13+0100 lvl=info msg="tunnel session started" obj=tunnels.session
t=2026-06-17T15:28:21+0100 lvl=info msg="update available" obj=updater
t=2026-06-17T15:49:18+0100 lvl=eror msg="heartbeat timeout, terminating session" obj=tunnels.session obj=csess id=7a53cce55592 clientid=f7fbaa4785bf30af9af54496a18fd84a
t=2026-06-17T15:49:18+0100 lvl=eror msg="session closed, starting reconnect loop" obj=tunnels.session obj=csess id=e956ee608946 err="session closed"
t=2026-06-17T15:49:18+0100 lvl=eror msg="failed to reconnect session" obj=tunnels.session err="failed to dial ngrok server with address \"connect.ngrok-agent.com:443\": dial tcp: lookup connect.ngrok-agent.com: no such host"
t=2026-06-17T15:49:19+0100 lvl=eror msg="failed to reconnect session" obj=tunnels.session err="failed to dial ngrok server with address \"connect.ngrok-agent.com:443\": dial tcp: lookup connect.ngrok-agent.com: no such host"
t=2026-06-17T15:49:20+0100 lvl=eror msg="failed to reconnect session" obj=tunnels.session err="failed to dial ngrok server with address \"connect.ngrok-agent.com:443\": dial tcp: lookup connect.ngrok-agent.com: no such host"
t=2026-06-17T15:49:22+0100 lvl=eror msg="failed to reconnect session" obj=tunnels.session err="failed to dial ngrok server with address \"connect.ngrok-agent.com:443\": dial tcp: lookup connect.ngrok-agent.com: no such host"
t=2026-06-17T15:49:26+0100 lvl=eror msg="failed to reconnect session" obj=tunnels.session err="failed to dial ngrok server with address \"connect.ngrok-agent.com:443\": dial tcp: lookup connect.ngrok-agent.com: no such host"
t=2026-06-17T15:49:34+0100 lvl=eror msg="failed to reconnect session" obj=tunnels.session err="failed to dial ngrok server with address \"connect.ngrok-agent.com:443\": dial tcp: lookup connect.ngrok-agent.com: no such host"
t=2026-06-17T15:50:00+0100 lvl=eror msg="failed to reconnect session" obj=tunnels.session err="failed to dial ngrok server with address \"connect.ngrok-agent.com:443\": dial tcp 3.125.92.105:443: i/o timeout"
t=2026-06-17T15:50:56+0100 lvl=eror msg="heartbeat timeout, terminating session" obj=tunnels.session obj=csess id=9e7e075d6b3d
t=2026-06-17T15:50:56+0100 lvl=eror msg="failed to reconnect session" obj=tunnels.session err="failed to send authentication request: failed to fetch CRL. errors encountered: timed out fetching CRL"
t=2026-06-17T15:51:51+0100 lvl=info msg="client session established" obj=tunnels.session
t=2026-06-17T15:51:51+0100 lvl=info msg="tunnel session started" obj=tunnels.session
t=2026-06-17T15:54:38+0100 lvl=eror msg="heartbeat timeout, terminating session" obj=tunnels.session obj=csess id=dc7a5a46be96 clientid=f7fbaa4785bf30af9af54496a18fd84a
t=2026-06-17T15:54:38+0100 lvl=eror msg="session closed, starting reconnect loop" obj=tunnels.session obj=csess id=e956ee608946 err="session closed"
t=2026-06-17T15:54:56+0100 lvl=eror msg="failed to reconnect session" obj=tunnels.session err="failed to send authentication request: failed to fetch CRL. errors encountered: timed out fetching CRL"
t=2026-06-17T15:55:17+0100 lvl=eror msg="failed to reconnect session" obj=tunnels.session err="failed to send authentication request: EOF"
t=2026-06-17T15:55:26+0100 lvl=info msg="client session established" obj=tunnels.session
t=2026-06-17T15:55:26+0100 lvl=info msg="tunnel session started" obj=tunnels.session
t=2026-06-17T16:03:55+0100 lvl=eror msg="heartbeat timeout, terminating session" obj=tunnels.session obj=csess id=585fbaeeb13e clientid=f7fbaa4785bf30af9af54496a18fd84a
t=2026-06-17T16:03:55+0100 lvl=eror msg="session closed, starting reconnect loop" obj=tunnels.session obj=csess id=e956ee608946 err="session closed"
t=2026-06-17T16:04:05+0100 lvl=eror msg="failed to reconnect session" obj=tunnels.session err="failed to dial ngrok server with address \"connect.ngrok-agent.com:443\": dial tcp: lookup connect.ngrok-agent.com: i/o timeout"
t=2026-06-17T16:04:38+0100 lvl=eror msg="heartbeat timeout, terminating session" obj=tunnels.session obj=csess id=00be32af1c27
t=2026-06-17T16:04:38+0100 lvl=eror msg="failed to reconnect session" obj=tunnels.session err="failed to send authentication request: session closed"
t=2026-06-17T16:04:55+0100 lvl=info msg="client session established" obj=tunnels.session
t=2026-06-17T16:04:55+0100 lvl=info msg="tunnel session started" obj=tunnels.session
t=2026-06-17T16:05:28+0100 lvl=eror msg="heartbeat timeout, terminating session" obj=tunnels.session obj=csess id=50fbae818795 clientid=f7fbaa4785bf30af9af54496a18fd84a
t=2026-06-17T16:05:28+0100 lvl=eror msg="session closed, starting reconnect loop" obj=tunnels.session obj=csess id=e956ee608946 err="session closed"
t=2026-06-17T16:05:31+0100 lvl=info msg="client session established" obj=tunnels.session
t=2026-06-17T16:05:31+0100 lvl=info msg="tunnel session started" obj=tunnels.session
t=2026-06-17T16:17:06+0100 lvl=eror msg="heartbeat timeout, terminating session" obj=tunnels.session obj=csess id=50215e2e8e6d clientid=f7fbaa4785bf30af9af54496a18fd84a
t=2026-06-17T16:17:06+0100 lvl=eror msg="session closed, starting reconnect loop" obj=tunnels.session obj=csess id=e956ee608946 err="session closed"
t=2026-06-17T16:17:32+0100 lvl=eror msg="failed to reconnect session" obj=tunnels.session err="failed to send authentication request: failed to fetch CRL. errors encountered: timed out fetching CRL"
t=2026-06-17T16:17:43+0100 lvl=eror msg="failed to reconnect session" obj=tunnels.session err="failed to dial ngrok server with address \"connect.ngrok-agent.com:443\": dial tcp 3.123.83.158:443: i/o timeout"
t=2026-06-17T16:18:08+0100 lvl=eror msg="failed to reconnect session" obj=tunnels.session err="failed to send authentication request: session closed"
t=2026-06-17T16:18:20+0100 lvl=eror msg="failed to reconnect session" obj=tunnels.session err="failed to send authentication request: session closed"
t=2026-06-17T16:18:33+0100 lvl=info msg="client session established" obj=tunnels.session
t=2026-06-17T16:18:33+0100 lvl=info msg="tunnel session started" obj=tunnels.session
t=2026-06-17T16:59:51+0100 lvl=eror msg="session closed, starting reconnect loop" obj=tunnels.session obj=csess id=e956ee608946 err="read tcp 192.168.2.4:54764->52.28.187.147:443: read: can't assign requested address"
t=2026-06-17T16:59:51+0100 lvl=eror msg="failed to reconnect session" obj=tunnels.session err="failed to dial ngrok server with address \"connect.ngrok-agent.com:443\": dial tcp: lookup connect.ngrok-agent.com: no such host"
t=2026-06-17T16:59:52+0100 lvl=eror msg="failed to reconnect session" obj=tunnels.session err="failed to dial ngrok server with address \"connect.ngrok-agent.com:443\": dial tcp: lookup connect.ngrok-agent.com: no such host"
t=2026-06-17T16:59:53+0100 lvl=eror msg="failed to reconnect session" obj=tunnels.session err="failed to dial ngrok server with address \"connect.ngrok-agent.com:443\": dial tcp: lookup connect.ngrok-agent.com: no such host"
t=2026-06-17T16:59:54+0100 lvl=eror msg="heartbeat timeout, terminating session" obj=tunnels.session obj=csess id=fcf9dc6ffcd7 clientid=f7fbaa4785bf30af9af54496a18fd84a
t=2026-06-17T16:59:55+0100 lvl=eror msg="failed to reconnect session" obj=tunnels.session err="failed to dial ngrok server with address \"connect.ngrok-agent.com:443\": dial tcp: lookup connect.ngrok-agent.com: no such host"
t=2026-06-17T17:00:03+0100 lvl=info msg="client session established" obj=tunnels.session
t=2026-06-17T17:00:03+0100 lvl=info msg="tunnel session started" obj=tunnels.session
t=2026-06-17T21:31:31+0100 lvl=eror msg="heartbeat timeout, terminating session" obj=tunnels.session obj=csess id=c341c1f4f9ed clientid=f7fbaa4785bf30af9af54496a18fd84a
t=2026-06-17T21:31:32+0100 lvl=eror msg="session closed, starting reconnect loop" obj=tunnels.session obj=csess id=e956ee608946 err="session closed"
t=2026-06-17T21:31:32+0100 lvl=eror msg="failed to reconnect session" obj=tunnels.session err="failed to dial ngrok server with address \"connect.ngrok-agent.com:443\": dial tcp: lookup connect.ngrok-agent.com: no such host"
t=2026-06-17T21:31:33+0100 lvl=eror msg="failed to reconnect session" obj=tunnels.session err="failed to dial ngrok server with address \"connect.ngrok-agent.com:443\": dial tcp: lookup connect.ngrok-agent.com: no such host"
t=2026-06-17T21:31:34+0100 lvl=eror msg="failed to reconnect session" obj=tunnels.session err="failed to dial ngrok server with address \"connect.ngrok-agent.com:443\": dial tcp: lookup connect.ngrok-agent.com: no such host"
t=2026-06-17T21:31:36+0100 lvl=eror msg="failed to reconnect session" obj=tunnels.session err="failed to dial ngrok server with address \"connect.ngrok-agent.com:443\": dial tcp: lookup connect.ngrok-agent.com: no such host"
t=2026-06-17T21:31:40+0100 lvl=info msg="client session established" obj=tunnels.session
t=2026-06-17T21:31:40+0100 lvl=info msg="tunnel session started" obj=tunnels.session
t=2026-06-17T21:47:54+0100 lvl=eror msg="heartbeat timeout, terminating session" obj=tunnels.session obj=csess id=d934640e929c clientid=f7fbaa4785bf30af9af54496a18fd84a
t=2026-06-17T21:47:54+0100 lvl=eror msg="session closed, starting reconnect loop" obj=tunnels.session obj=csess id=e956ee608946 err="session closed"
t=2026-06-17T21:47:58+0100 lvl=info msg="client session established" obj=tunnels.session
t=2026-06-17T21:47:58+0100 lvl=info msg="tunnel session started" obj=tunnels.session
t=2026-06-17T21:50:32+0100 lvl=eror msg="heartbeat timeout, terminating session" obj=tunnels.session obj=csess id=bd3f75000573 clientid=f7fbaa4785bf30af9af54496a18fd84a
t=2026-06-17T21:50:32+0100 lvl=eror msg="session closed, starting reconnect loop" obj=tunnels.session obj=csess id=e956ee608946 err="session closed"
t=2026-06-17T21:50:33+0100 lvl=info msg="client session established" obj=tunnels.session
t=2026-06-17T21:50:33+0100 lvl=info msg="tunnel session started" obj=tunnels.session
t=2026-06-17T21:51:27+0100 lvl=eror msg="heartbeat timeout, terminating session" obj=tunnels.session obj=csess id=2e6963fc2606 clientid=f7fbaa4785bf30af9af54496a18fd84a
t=2026-06-17T21:51:27+0100 lvl=eror msg="session closed, starting reconnect loop" obj=tunnels.session obj=csess id=e956ee608946 err="session closed"
t=2026-06-17T21:51:38+0100 lvl=eror msg="failed to reconnect session" obj=tunnels.session err="failed to send authentication request: failed to fetch CRL. errors encountered: timed out fetching CRL"
t=2026-06-17T21:51:40+0100 lvl=info msg="client session established" obj=tunnels.session
t=2026-06-17T21:51:40+0100 lvl=info msg="tunnel session started" obj=tunnels.session
t=2026-06-17T22:16:18+0100 lvl=info msg="update available" obj=updater
t=2026-06-17T23:22:30+0100 lvl=eror msg="heartbeat timeout, terminating session" obj=tunnels.session obj=csess id=529d575e8887 clientid=f7fbaa4785bf30af9af54496a18fd84a
t=2026-06-17T23:22:30+0100 lvl=eror msg="session closed, starting reconnect loop" obj=tunnels.session obj=csess id=e956ee608946 err="session closed"
t=2026-06-17T23:22:30+0100 lvl=eror msg="failed to reconnect session" obj=tunnels.session err="failed to dial ngrok server with address \"connect.ngrok-agent.com:443\": dial tcp: lookup connect.ngrok-agent.com: no such host"
t=2026-06-17T23:22:31+0100 lvl=eror msg="failed to reconnect session" obj=tunnels.session err="failed to dial ngrok server with address \"connect.ngrok-agent.com:443\": dial tcp: lookup connect.ngrok-agent.com: no such host"
t=2026-06-17T23:22:32+0100 lvl=eror msg="failed to reconnect session" obj=tunnels.session err="failed to dial ngrok server with address \"connect.ngrok-agent.com:443\": dial tcp: lookup connect.ngrok-agent.com: no such host"
t=2026-06-17T23:22:34+0100 lvl=eror msg="failed to reconnect session" obj=tunnels.session err="failed to dial ngrok server with address \"connect.ngrok-agent.com:443\": dial tcp: lookup connect.ngrok-agent.com: no such host"
t=2026-06-17T23:22:48+0100 lvl=eror msg="failed to reconnect session" obj=tunnels.session err="failed to dial ngrok server with address \"connect.ngrok-agent.com:443\": dial tcp: lookup connect.ngrok-agent.com: i/o timeout"
t=2026-06-17T23:23:04+0100 lvl=eror msg="failed to reconnect session" obj=tunnels.session err="failed to dial ngrok server with address \"connect.ngrok-agent.com:443\": dial tcp: lookup connect.ngrok-agent.com: no such host"
t=2026-06-17T23:31:39+0100 lvl=eror msg="failed to reconnect session" obj=tunnels.session err="failed to dial ngrok server with address \"connect.ngrok-agent.com:443\": dial tcp: lookup connect.ngrok-agent.com: no such host"
t=2026-06-17T23:32:09+0100 lvl=eror msg="failed to reconnect session" obj=tunnels.session err="failed to dial ngrok server with address \"connect.ngrok-agent.com:443\": dial tcp: lookup connect.ngrok-agent.com: no such host"
t=2026-06-17T23:47:51+0100 lvl=eror msg="failed to reconnect session" obj=tunnels.session err="failed to dial ngrok server with address \"connect.ngrok-agent.com:443\": dial tcp: lookup connect.ngrok-agent.com: no such host"
t=2026-06-17T23:48:23+0100 lvl=info msg="client session established" obj=tunnels.session
t=2026-06-17T23:48:23+0100 lvl=info msg="tunnel session started" obj=tunnels.session
t=2026-06-18T00:02:27+0100 lvl=eror msg="heartbeat timeout, terminating session" obj=tunnels.session obj=csess id=0f7af28f323c clientid=f7fbaa4785bf30af9af54496a18fd84a
t=2026-06-18T00:02:27+0100 lvl=eror msg="session closed, starting reconnect loop" obj=tunnels.session obj=csess id=e956ee608946 err="session closed"
t=2026-06-18T00:02:27+0100 lvl=eror msg="failed to reconnect session" obj=tunnels.session err="failed to dial ngrok server with address \"connect.ngrok-agent.com:443\": dial tcp: lookup connect.ngrok-agent.com: no such host"
t=2026-06-18T00:02:27+0100 lvl=eror msg="failed to reconnect session" obj=tunnels.session err="failed to dial ngrok server with address \"connect.ngrok-agent.com:443\": dial tcp: lookup connect.ngrok-agent.com: no such host"
t=2026-06-18T00:02:28+0100 lvl=eror msg="failed to reconnect session" obj=tunnels.session err="failed to dial ngrok server with address \"connect.ngrok-agent.com:443\": dial tcp: lookup connect.ngrok-agent.com: no such host"
t=2026-06-18T00:02:30+0100 lvl=eror msg="failed to reconnect session" obj=tunnels.session err="failed to dial ngrok server with address \"connect.ngrok-agent.com:443\": dial tcp: lookup connect.ngrok-agent.com: no such host"
t=2026-06-18T00:02:34+0100 lvl=eror msg="failed to reconnect session" obj=tunnels.session err="failed to dial ngrok server with address \"connect.ngrok-agent.com:443\": dial tcp: lookup connect.ngrok-agent.com: no such host"
t=2026-06-18T00:02:42+0100 lvl=eror msg="failed to reconnect session" obj=tunnels.session err="failed to dial ngrok server with address \"connect.ngrok-agent.com:443\": dial tcp: lookup connect.ngrok-agent.com: no such host"
t=2026-06-18T00:02:58+0100 lvl=eror msg="failed to reconnect session" obj=tunnels.session err="failed to dial ngrok server with address \"connect.ngrok-agent.com:443\": dial tcp: lookup connect.ngrok-agent.com: no such host"
t=2026-06-18T00:03:28+0100 lvl=eror msg="failed to reconnect session" obj=tunnels.session err="failed to dial ngrok server with address \"connect.ngrok-agent.com:443\": dial tcp: lookup connect.ngrok-agent.com: no such host"
t=2026-06-18T00:03:58+0100 lvl=eror msg="failed to reconnect session" obj=tunnels.session err="failed to dial ngrok server with address \"connect.ngrok-agent.com:443\": dial tcp: lookup connect.ngrok-agent.com: no such host"
t=2026-06-18T00:04:28+0100 lvl=eror msg="failed to reconnect session" obj=tunnels.session err="failed to dial ngrok server with address \"connect.ngrok-agent.com:443\": dial tcp: lookup connect.ngrok-agent.com: no such host"
t=2026-06-18T00:04:58+0100 lvl=eror msg="failed to reconnect session" obj=tunnels.session err="failed to dial ngrok server with address \"connect.ngrok-agent.com:443\": dial tcp: lookup connect.ngrok-agent.com: no such host"
t=2026-06-18T00:05:28+0100 lvl=eror msg="failed to reconnect session" obj=tunnels.session err="failed to dial ngrok server with address \"connect.ngrok-agent.com:443\": dial tcp: lookup connect.ngrok-agent.com: no such host"
t=2026-06-18T00:05:58+0100 lvl=eror msg="failed to reconnect session" obj=tunnels.session err="failed to dial ngrok server with address \"connect.ngrok-agent.com:443\": dial tcp: lookup connect.ngrok-agent.com: no such host"
t=2026-06-18T00:06:28+0100 lvl=eror msg="failed to reconnect session" obj=tunnels.session err="failed to dial ngrok server with address \"connect.ngrok-agent.com:443\": dial tcp: lookup connect.ngrok-agent.com: no such host"
t=2026-06-18T00:06:58+0100 lvl=eror msg="failed to reconnect session" obj=tunnels.session err="failed to dial ngrok server with address \"connect.ngrok-agent.com:443\": dial tcp: lookup connect.ngrok-agent.com: no such host"
t=2026-06-18T00:07:29+0100 lvl=eror msg="failed to reconnect session" obj=tunnels.session err="failed to dial ngrok server with address \"connect.ngrok-agent.com:443\": dial tcp: lookup connect.ngrok-agent.com: no such host"
t=2026-06-18T00:07:59+0100 lvl=eror msg="failed to reconnect session" obj=tunnels.session err="failed to dial ngrok server with address \"connect.ngrok-agent.com:443\": dial tcp: lookup connect.ngrok-agent.com: no such host"
t=2026-06-18T00:08:29+0100 lvl=eror msg="failed to reconnect session" obj=tunnels.session err="failed to dial ngrok server with address \"connect.ngrok-agent.com:443\": dial tcp: lookup connect.ngrok-agent.com: no such host"
t=2026-06-18T00:08:59+0100 lvl=eror msg="failed to reconnect session" obj=tunnels.session err="failed to dial ngrok server with address \"connect.ngrok-agent.com:443\": dial tcp: lookup connect.ngrok-agent.com: no such host"
t=2026-06-18T00:09:29+0100 lvl=eror msg="failed to reconnect session" obj=tunnels.session err="failed to dial ngrok server with address \"connect.ngrok-agent.com:443\": dial tcp: lookup connect.ngrok-agent.com: no such host"
t=2026-06-18T00:09:59+0100 lvl=eror msg="failed to reconnect session" obj=tunnels.session err="failed to dial ngrok server with address \"connect.ngrok-agent.com:443\": dial tcp: lookup connect.ngrok-agent.com: no such host"
t=2026-06-18T00:10:29+0100 lvl=eror msg="failed to reconnect session" obj=tunnels.session err="failed to dial ngrok server with address \"connect.ngrok-agent.com:443\": dial tcp: lookup connect.ngrok-agent.com: no such host"
t=2026-06-18T00:10:59+0100 lvl=eror msg="failed to reconnect session" obj=tunnels.session err="failed to dial ngrok server with address \"connect.ngrok-agent.com:443\": dial tcp: lookup connect.ngrok-agent.com: no such host"
t=2026-06-18T00:11:29+0100 lvl=eror msg="failed to reconnect session" obj=tunnels.session err="failed to dial ngrok server with address \"connect.ngrok-agent.com:443\": dial tcp: lookup connect.ngrok-agent.com: no such host"
t=2026-06-18T00:11:59+0100 lvl=eror msg="failed to reconnect session" obj=tunnels.session err="failed to dial ngrok server with address \"connect.ngrok-agent.com:443\": dial tcp: lookup connect.ngrok-agent.com: no such host"
t=2026-06-18T00:12:29+0100 lvl=eror msg="failed to reconnect session" obj=tunnels.session err="failed to dial ngrok server with address \"connect.ngrok-agent.com:443\": dial tcp: lookup connect.ngrok-agent.com: no such host"
t=2026-06-18T00:12:59+0100 lvl=eror msg="failed to reconnect session" obj=tunnels.session err="failed to dial ngrok server with address \"connect.ngrok-agent.com:443\": dial tcp: lookup connect.ngrok-agent.com: no such host"
t=2026-06-18T00:13:29+0100 lvl=eror msg="failed to reconnect session" obj=tunnels.session err="failed to dial ngrok server with address \"connect.ngrok-agent.com:443\": dial tcp: lookup connect.ngrok-agent.com: no such host"
t=2026-06-18T00:13:59+0100 lvl=eror msg="failed to reconnect session" obj=tunnels.session err="failed to dial ngrok server with address \"connect.ngrok-agent.com:443\": dial tcp: lookup connect.ngrok-agent.com: no such host"
t=2026-06-18T00:14:29+0100 lvl=eror msg="failed to reconnect session" obj=tunnels.session err="failed to dial ngrok server with address \"connect.ngrok-agent.com:443\": dial tcp: lookup connect.ngrok-agent.com: no such host"
t=2026-06-18T00:14:59+0100 lvl=eror msg="failed to reconnect session" obj=tunnels.session err="failed to dial ngrok server with address \"connect.ngrok-agent.com:443\": dial tcp: lookup connect.ngrok-agent.com: no such host"
t=2026-06-18T00:15:29+0100 lvl=eror msg="failed to reconnect session" obj=tunnels.session err="failed to dial ngrok server with address \"connect.ngrok-agent.com:443\": dial tcp: lookup connect.ngrok-agent.com: no such host"
t=2026-06-18T00:15:59+0100 lvl=eror msg="failed to reconnect session" obj=tunnels.session err="failed to dial ngrok server with address \"connect.ngrok-agent.com:443\": dial tcp: lookup connect.ngrok-agent.com: no such host"
t=2026-06-18T00:16:29+0100 lvl=eror msg="failed to reconnect session" obj=tunnels.session err="failed to dial ngrok server with address \"connect.ngrok-agent.com:443\": dial tcp: lookup connect.ngrok-agent.com: no such host"
t=2026-06-18T00:16:59+0100 lvl=eror msg="failed to reconnect session" obj=tunnels.session err="failed to dial ngrok server with address \"connect.ngrok-agent.com:443\": dial tcp: lookup connect.ngrok-agent.com: no such host"
t=2026-06-18T00:17:29+0100 lvl=eror msg="failed to reconnect session" obj=tunnels.session err="failed to dial ngrok server with address \"connect.ngrok-agent.com:443\": dial tcp: lookup connect.ngrok-agent.com: no such host"
t=2026-06-18T00:17:59+0100 lvl=eror msg="failed to reconnect session" obj=tunnels.session err="failed to dial ngrok server with address \"connect.ngrok-agent.com:443\": dial tcp: lookup connect.ngrok-agent.com: no such host"
t=2026-06-18T00:18:29+0100 lvl=eror msg="failed to reconnect session" obj=tunnels.session err="failed to dial ngrok server with address \"connect.ngrok-agent.com:443\": dial tcp: lookup connect.ngrok-agent.com: no such host"
t=2026-06-18T00:18:59+0100 lvl=eror msg="failed to reconnect session" obj=tunnels.session err="failed to dial ngrok server with address \"connect.ngrok-agent.com:443\": dial tcp: lookup connect.ngrok-agent.com: no such host"
t=2026-06-18T00:19:29+0100 lvl=eror msg="failed to reconnect session" obj=tunnels.session err="failed to dial ngrok server with address \"connect.ngrok-agent.com:443\": dial tcp: lookup connect.ngrok-agent.com: no such host"
t=2026-06-18T00:19:59+0100 lvl=eror msg="failed to reconnect session" obj=tunnels.session err="failed to dial ngrok server with address \"connect.ngrok-agent.com:443\": dial tcp: lookup connect.ngrok-agent.com: no such host"
t=2026-06-18T00:20:29+0100 lvl=eror msg="failed to reconnect session" obj=tunnels.session err="failed to dial ngrok server with address \"connect.ngrok-agent.com:443\": dial tcp: lookup connect.ngrok-agent.com: no such host"
t=2026-06-18T00:20:59+0100 lvl=eror msg="failed to reconnect session" obj=tunnels.session err="failed to dial ngrok server with address \"connect.ngrok-agent.com:443\": dial tcp: lookup connect.ngrok-agent.com: no such host"
t=2026-06-18T00:21:29+0100 lvl=eror msg="failed to reconnect session" obj=tunnels.session err="failed to dial ngrok server with address \"connect.ngrok-agent.com:443\": dial tcp: lookup connect.ngrok-agent.com: no such host"
t=2026-06-18T00:21:59+0100 lvl=eror msg="failed to reconnect session" obj=tunnels.session err="failed to dial ngrok server with address \"connect.ngrok-agent.com:443\": dial tcp: lookup connect.ngrok-agent.com: no such host"
t=2026-06-18T00:22:29+0100 lvl=eror msg="failed to reconnect session" obj=tunnels.session err="failed to dial ngrok server with address \"connect.ngrok-agent.com:443\": dial tcp: lookup connect.ngrok-agent.com: no such host"
t=2026-06-18T00:22:59+0100 lvl=eror msg="failed to reconnect session" obj=tunnels.session err="failed to dial ngrok server with address \"connect.ngrok-agent.com:443\": dial tcp: lookup connect.ngrok-agent.com: no such host"
t=2026-06-18T00:23:29+0100 lvl=eror msg="failed to reconnect session" obj=tunnels.session err="failed to dial ngrok server with address \"connect.ngrok-agent.com:443\": dial tcp: lookup connect.ngrok-agent.com: no such host"
t=2026-06-18T00:23:59+0100 lvl=eror msg="failed to reconnect session" obj=tunnels.session err="failed to dial ngrok server with address \"connect.ngrok-agent.com:443\": dial tcp: lookup connect.ngrok-agent.com: no such host"
t=2026-06-18T00:24:29+0100 lvl=eror msg="failed to reconnect session" obj=tunnels.session err="failed to dial ngrok server with address \"connect.ngrok-agent.com:443\": dial tcp: lookup connect.ngrok-agent.com: no such host"
t=2026-06-18T00:24:59+0100 lvl=eror msg="failed to reconnect session" obj=tunnels.session err="failed to dial ngrok server with address \"connect.ngrok-agent.com:443\": dial tcp: lookup connect.ngrok-agent.com: no such host"
t=2026-06-18T00:25:29+0100 lvl=eror msg="failed to reconnect session" obj=tunnels.session err="failed to dial ngrok server with address \"connect.ngrok-agent.com:443\": dial tcp: lookup connect.ngrok-agent.com: no such host"
t=2026-06-18T00:25:59+0100 lvl=eror msg="failed to reconnect session" obj=tunnels.session err="failed to dial ngrok server with address \"connect.ngrok-agent.com:443\": dial tcp: lookup connect.ngrok-agent.com: no such host"
t=2026-06-18T00:26:29+0100 lvl=eror msg="failed to reconnect session" obj=tunnels.session err="failed to dial ngrok server with address \"connect.ngrok-agent.com:443\": dial tcp: lookup connect.ngrok-agent.com: no such host"
t=2026-06-18T00:26:59+0100 lvl=eror msg="failed to reconnect session" obj=tunnels.session err="failed to dial ngrok server with address \"connect.ngrok-agent.com:443\": dial tcp: lookup connect.ngrok-agent.com: no such host"
t=2026-06-18T00:27:29+0100 lvl=eror msg="failed to reconnect session" obj=tunnels.session err="failed to dial ngrok server with address \"connect.ngrok-agent.com:443\": dial tcp: lookup connect.ngrok-agent.com: no such host"
t=2026-06-18T00:27:59+0100 lvl=eror msg="failed to reconnect session" obj=tunnels.session err="failed to dial ngrok server with address \"connect.ngrok-agent.com:443\": dial tcp: lookup connect.ngrok-agent.com: no such host"
t=2026-06-18T00:28:29+0100 lvl=eror msg="failed to reconnect session" obj=tunnels.session err="failed to dial ngrok server with address \"connect.ngrok-agent.com:443\": dial tcp: lookup connect.ngrok-agent.com: no such host"
t=2026-06-18T00:28:59+0100 lvl=eror msg="failed to reconnect session" obj=tunnels.session err="failed to dial ngrok server with address \"connect.ngrok-agent.com:443\": dial tcp: lookup connect.ngrok-agent.com: no such host"
t=2026-06-18T00:29:29+0100 lvl=eror msg="failed to reconnect session" obj=tunnels.session err="failed to dial ngrok server with address \"connect.ngrok-agent.com:443\": dial tcp: lookup connect.ngrok-agent.com: no such host"
t=2026-06-18T00:29:59+0100 lvl=eror msg="failed to reconnect session" obj=tunnels.session err="failed to dial ngrok server with address \"connect.ngrok-agent.com:443\": dial tcp: lookup connect.ngrok-agent.com: no such host"
t=2026-06-18T00:30:29+0100 lvl=eror msg="failed to reconnect session" obj=tunnels.session err="failed to dial ngrok server with address \"connect.ngrok-agent.com:443\": dial tcp: lookup connect.ngrok-agent.com: no such host"
t=2026-06-18T00:30:59+0100 lvl=eror msg="failed to reconnect session" obj=tunnels.session err="failed to dial ngrok server with address \"connect.ngrok-agent.com:443\": dial tcp: lookup connect.ngrok-agent.com: no such host"
t=2026-06-18T00:31:29+0100 lvl=eror msg="failed to reconnect session" obj=tunnels.session err="failed to dial ngrok server with address \"connect.ngrok-agent.com:443\": dial tcp: lookup connect.ngrok-agent.com: no such host"
t=2026-06-18T00:31:59+0100 lvl=eror msg="failed to reconnect session" obj=tunnels.session err="failed to dial ngrok server with address \"connect.ngrok-agent.com:443\": dial tcp: lookup connect.ngrok-agent.com: no such host"
t=2026-06-18T00:32:29+0100 lvl=eror msg="failed to reconnect session" obj=tunnels.session err="failed to dial ngrok server with address \"connect.ngrok-agent.com:443\": dial tcp: lookup connect.ngrok-agent.com: no such host"
t=2026-06-18T00:32:59+0100 lvl=eror msg="failed to reconnect session" obj=tunnels.session err="failed to dial ngrok server with address \"connect.ngrok-agent.com:443\": dial tcp: lookup connect.ngrok-agent.com: no such host"
t=2026-06-18T00:33:29+0100 lvl=eror msg="failed to reconnect session" obj=tunnels.session err="failed to dial ngrok server with address \"connect.ngrok-agent.com:443\": dial tcp: lookup connect.ngrok-agent.com: no such host"
t=2026-06-18T00:33:59+0100 lvl=eror msg="failed to reconnect session" obj=tunnels.session err="failed to dial ngrok server with address \"connect.ngrok-agent.com:443\": dial tcp: lookup connect.ngrok-agent.com: no such host"
t=2026-06-18T00:34:29+0100 lvl=eror msg="failed to reconnect session" obj=tunnels.session err="failed to dial ngrok server with address \"connect.ngrok-agent.com:443\": dial tcp: lookup connect.ngrok-agent.com: no such host"
t=2026-06-18T00:34:59+0100 lvl=eror msg="failed to reconnect session" obj=tunnels.session err="failed to dial ngrok server with address \"connect.ngrok-agent.com:443\": dial tcp: lookup connect.ngrok-agent.com: no such host"
t=2026-06-18T00:35:29+0100 lvl=eror msg="failed to reconnect session" obj=tunnels.session err="failed to dial ngrok server with address \"connect.ngrok-agent.com:443\": dial tcp: lookup connect.ngrok-agent.com: no such host"
t=2026-06-18T00:35:59+0100 lvl=eror msg="failed to reconnect session" obj=tunnels.session err="failed to dial ngrok server with address \"connect.ngrok-agent.com:443\": dial tcp: lookup connect.ngrok-agent.com: no such host"
t=2026-06-18T00:36:29+0100 lvl=eror msg="failed to reconnect session" obj=tunnels.session err="failed to dial ngrok server with address \"connect.ngrok-agent.com:443\": dial tcp: lookup connect.ngrok-agent.com: no such host"
t=2026-06-18T00:36:59+0100 lvl=eror msg="failed to reconnect session" obj=tunnels.session err="failed to dial ngrok server with address \"connect.ngrok-agent.com:443\": dial tcp: lookup connect.ngrok-agent.com: no such host"
t=2026-06-18T00:37:29+0100 lvl=eror msg="failed to reconnect session" obj=tunnels.session err="failed to dial ngrok server with address \"connect.ngrok-agent.com:443\": dial tcp: lookup connect.ngrok-agent.com: no such host"
t=2026-06-18T00:37:59+0100 lvl=eror msg="failed to reconnect session" obj=tunnels.session err="failed to dial ngrok server with address \"connect.ngrok-agent.com:443\": dial tcp: lookup connect.ngrok-agent.com: no such host"
t=2026-06-18T00:38:29+0100 lvl=eror msg="failed to reconnect session" obj=tunnels.session err="failed to dial ngrok server with address \"connect.ngrok-agent.com:443\": dial tcp: lookup connect.ngrok-agent.com: no such host"
t=2026-06-18T00:38:59+0100 lvl=eror msg="failed to reconnect session" obj=tunnels.session err="failed to dial ngrok server with address \"connect.ngrok-agent.com:443\": dial tcp: lookup connect.ngrok-agent.com: no such host"
t=2026-06-18T00:39:29+0100 lvl=eror msg="failed to reconnect session" obj=tunnels.session err="failed to dial ngrok server with address \"connect.ngrok-agent.com:443\": dial tcp: lookup connect.ngrok-agent.com: no such host"
t=2026-06-18T00:40:01+0100 lvl=info msg="client session established" obj=tunnels.session
t=2026-06-18T00:40:01+0100 lvl=info msg="tunnel session started" obj=tunnels.session
t=2026-06-18T00:44:55+0100 lvl=eror msg="heartbeat timeout, terminating session" obj=tunnels.session obj=csess id=fc6cc1806e25 clientid=f7fbaa4785bf30af9af54496a18fd84a
t=2026-06-18T00:44:55+0100 lvl=eror msg="session closed, starting reconnect loop" obj=tunnels.session obj=csess id=e956ee608946 err="session closed"
t=2026-06-18T00:44:57+0100 lvl=info msg="client session established" obj=tunnels.session
t=2026-06-18T00:44:57+0100 lvl=info msg="tunnel session started" obj=tunnels.session
t=2026-06-18T01:25:41+0100 lvl=info msg="join connections" obj=join id=e737b7e729eb l=[::1]:3001 r=[2a01:e0a:2df:12f0:644a:583e:940c:1965]:58965
t=2026-06-18T01:25:41+0100 lvl=info msg="join connections" obj=join id=1604ebd74d39 l=[::1]:3001 r=[2a01:e0a:2df:12f0:644a:583e:940c:1965]:58965
t=2026-06-18T01:25:41+0100 lvl=info msg="join connections" obj=join id=aa79e5e7c9e1 l=[::1]:3001 r=[2a01:e0a:2df:12f0:644a:583e:940c:1965]:58965
t=2026-06-18T04:28:40+0100 lvl=eror msg="heartbeat timeout, terminating session" obj=tunnels.session obj=csess id=1597e9eedf17 clientid=f7fbaa4785bf30af9af54496a18fd84a
t=2026-06-18T04:28:40+0100 lvl=eror msg="session closed, starting reconnect loop" obj=tunnels.session obj=csess id=e956ee608946 err="session closed"
t=2026-06-18T04:28:46+0100 lvl=info msg="client session established" obj=tunnels.session
t=2026-06-18T04:28:46+0100 lvl=info msg="tunnel session started" obj=tunnels.session
t=2026-06-18T04:48:11+0100 lvl=eror msg="heartbeat timeout, terminating session" obj=tunnels.session obj=csess id=13cd90cc94af clientid=f7fbaa4785bf30af9af54496a18fd84a
t=2026-06-18T04:48:11+0100 lvl=eror msg="session closed, starting reconnect loop" obj=tunnels.session obj=csess id=e956ee608946 err="session closed"
t=2026-06-18T04:48:18+0100 lvl=info msg="client session established" obj=tunnels.session
t=2026-06-18T04:48:18+0100 lvl=info msg="tunnel session started" obj=tunnels.session
t=2026-06-18T05:04:06+0100 lvl=eror msg="heartbeat timeout, terminating session" obj=tunnels.session obj=csess id=a3be378c4978 clientid=f7fbaa4785bf30af9af54496a18fd84a
t=2026-06-18T05:04:06+0100 lvl=eror msg="session closed, starting reconnect loop" obj=tunnels.session obj=csess id=e956ee608946 err="session closed"
t=2026-06-18T05:04:07+0100 lvl=info msg="client session established" obj=tunnels.session
t=2026-06-18T05:04:07+0100 lvl=info msg="tunnel session started" obj=tunnels.session
t=2026-06-18T05:22:32+0100 lvl=eror msg="heartbeat timeout, terminating session" obj=tunnels.session obj=csess id=5c478a840fdd clientid=f7fbaa4785bf30af9af54496a18fd84a
t=2026-06-18T05:22:32+0100 lvl=eror msg="session closed, starting reconnect loop" obj=tunnels.session obj=csess id=e956ee608946 err="session closed"
t=2026-06-18T05:23:00+0100 lvl=info msg="client session established" obj=tunnels.session
t=2026-06-18T05:23:00+0100 lvl=info msg="tunnel session started" obj=tunnels.session
t=2026-06-18T05:23:41+0100 lvl=eror msg="session closed, starting reconnect loop" obj=tunnels.session obj=csess id=e956ee608946 err="read EOF from remote peer"
t=2026-06-18T05:23:42+0100 lvl=info msg="client session established" obj=tunnels.session
t=2026-06-18T05:23:42+0100 lvl=info msg="tunnel session started" obj=tunnels.session
t=2026-06-18T05:24:10+0100 lvl=eror msg="session closed, starting reconnect loop" obj=tunnels.session obj=csess id=e956ee608946 err="read EOF from remote peer"
t=2026-06-18T05:24:12+0100 lvl=info msg="client session established" obj=tunnels.session
t=2026-06-18T05:24:12+0100 lvl=info msg="tunnel session started" obj=tunnels.session
t=2026-06-18T05:24:13+0100 lvl=eror msg="heartbeat timeout, terminating session" obj=tunnels.session obj=csess id=e6103d96aae8 clientid=f7fbaa4785bf30af9af54496a18fd84a
t=2026-06-18T05:42:39+0100 lvl=eror msg="heartbeat timeout, terminating session" obj=tunnels.session obj=csess id=4c9df5ec0df3 clientid=f7fbaa4785bf30af9af54496a18fd84a
t=2026-06-18T05:42:44+0100 lvl=eror msg="heartbeat timeout, terminating session" obj=tunnels.session obj=csess id=e1a14e083555 clientid=f7fbaa4785bf30af9af54496a18fd84a
t=2026-06-18T05:42:44+0100 lvl=eror msg="session closed, starting reconnect loop" obj=tunnels.session obj=csess id=e956ee608946 err="session closed"
t=2026-06-18T05:42:45+0100 lvl=info msg="client session established" obj=tunnels.session
t=2026-06-18T05:42:45+0100 lvl=info msg="tunnel session started" obj=tunnels.session
t=2026-06-18T05:43:17+0100 lvl=eror msg="session closed, starting reconnect loop" obj=tunnels.session obj=csess id=e956ee608946 err="read EOF from remote peer"
t=2026-06-18T05:43:18+0100 lvl=info msg="client session established" obj=tunnels.session
t=2026-06-18T05:43:18+0100 lvl=info msg="tunnel session started" obj=tunnels.session
t=2026-06-18T05:43:51+0100 lvl=eror msg="session closed, starting reconnect loop" obj=tunnels.session obj=csess id=e956ee608946 err="read EOF from remote peer"
t=2026-06-18T05:43:52+0100 lvl=info msg="client session established" obj=tunnels.session
t=2026-06-18T05:43:52+0100 lvl=info msg="tunnel session started" obj=tunnels.session
t=2026-06-18T05:44:23+0100 lvl=eror msg="heartbeat timeout, terminating session" obj=tunnels.session obj=csess id=fdc4079b9463 clientid=f7fbaa4785bf30af9af54496a18fd84a
t=2026-06-18T05:44:57+0100 lvl=eror msg="heartbeat timeout, terminating session" obj=tunnels.session obj=csess id=2425cdf93497 clientid=f7fbaa4785bf30af9af54496a18fd84a
t=2026-06-18T06:02:20+0100 lvl=eror msg="heartbeat timeout, terminating session" obj=tunnels.session obj=csess id=c79a8d7a85c4 clientid=f7fbaa4785bf30af9af54496a18fd84a
t=2026-06-18T06:02:20+0100 lvl=eror msg="session closed, starting reconnect loop" obj=tunnels.session obj=csess id=e956ee608946 err="session closed"
t=2026-06-18T06:03:37+0100 lvl=eror msg="heartbeat timeout, terminating session" obj=tunnels.session obj=csess id=0c23e4797bf2
t=2026-06-18T06:03:37+0100 lvl=eror msg="failed to reconnect session" obj=tunnels.session err="failed to send authentication request: session closed"
t=2026-06-18T06:04:14+0100 lvl=info msg="client session established" obj=tunnels.session
t=2026-06-18T06:04:14+0100 lvl=eror msg="session closed, starting reconnect loop" obj=tunnels.session obj=csess id=e956ee608946 err="read EOF from remote peer"
t=2026-06-18T06:04:14+0100 lvl=info msg="tunnel session started" obj=tunnels.session
t=2026-06-18T06:05:17+0100 lvl=eror msg="heartbeat timeout, terminating session" obj=tunnels.session obj=csess id=73d91353a9f0 clientid=f7fbaa4785bf30af9af54496a18fd84a
t=2026-06-18T06:14:04+0100 lvl=eror msg="heartbeat timeout, terminating session" obj=tunnels.session obj=csess id=b8481b6d2bfa
t=2026-06-18T06:14:04+0100 lvl=eror msg="failed to reconnect session" obj=tunnels.session err="failed to send authentication request: session closed"
t=2026-06-18T06:14:06+0100 lvl=info msg="client session established" obj=tunnels.session
t=2026-06-18T06:14:06+0100 lvl=info msg="tunnel session started" obj=tunnels.session
t=2026-06-18T06:34:09+0100 lvl=eror msg="heartbeat timeout, terminating session" obj=tunnels.session obj=csess id=6814dd26ef7b clientid=f7fbaa4785bf30af9af54496a18fd84a
t=2026-06-18T06:34:09+0100 lvl=eror msg="session closed, starting reconnect loop" obj=tunnels.session obj=csess id=e956ee608946 err="session closed"
t=2026-06-18T06:34:10+0100 lvl=info msg="client session established" obj=tunnels.session
t=2026-06-18T06:34:10+0100 lvl=info msg="tunnel session started" obj=tunnels.session
t=2026-06-18T06:50:23+0100 lvl=eror msg="heartbeat timeout, terminating session" obj=tunnels.session obj=csess id=3229fd047c0c clientid=f7fbaa4785bf30af9af54496a18fd84a
t=2026-06-18T06:50:23+0100 lvl=eror msg="session closed, starting reconnect loop" obj=tunnels.session obj=csess id=e956ee608946 err="session closed"
t=2026-06-18T06:50:24+0100 lvl=info msg="client session established" obj=tunnels.session
t=2026-06-18T06:50:24+0100 lvl=info msg="tunnel session started" obj=tunnels.session
t=2026-06-18T07:06:14+0100 lvl=eror msg="heartbeat timeout, terminating session" obj=tunnels.session obj=csess id=b1b290c9140b clientid=f7fbaa4785bf30af9af54496a18fd84a
t=2026-06-18T07:06:14+0100 lvl=eror msg="session closed, starting reconnect loop" obj=tunnels.session obj=csess id=e956ee608946 err="session closed"
t=2026-06-18T07:06:15+0100 lvl=info msg="client session established" obj=tunnels.session
t=2026-06-18T07:06:15+0100 lvl=info msg="tunnel session started" obj=tunnels.session
t=2026-06-18T07:15:44+0100 lvl=eror msg="heartbeat timeout, terminating session" obj=tunnels.session obj=csess id=80f0c335652d clientid=f7fbaa4785bf30af9af54496a18fd84a
t=2026-06-18T07:15:44+0100 lvl=eror msg="session closed, starting reconnect loop" obj=tunnels.session obj=csess id=e956ee608946 err="session closed"
t=2026-06-18T07:16:12+0100 lvl=eror msg="failed to reconnect session" obj=tunnels.session err="failed to send authentication request: session closed"
t=2026-06-18T07:16:14+0100 lvl=info msg="client session established" obj=tunnels.session
t=2026-06-18T07:16:14+0100 lvl=info msg="tunnel session started" obj=tunnels.session
t=2026-06-18T07:16:47+0100 lvl=eror msg="session closed, starting reconnect loop" obj=tunnels.session obj=csess id=e956ee608946 err="read EOF from remote peer"
t=2026-06-18T07:16:48+0100 lvl=info msg="client session established" obj=tunnels.session
t=2026-06-18T07:16:48+0100 lvl=info msg="tunnel session started" obj=tunnels.session
t=2026-06-18T07:17:16+0100 lvl=eror msg="session closed, starting reconnect loop" obj=tunnels.session obj=csess id=e956ee608946 err="read EOF from remote peer"
t=2026-06-18T07:17:17+0100 lvl=info msg="client session established" obj=tunnels.session
t=2026-06-18T07:17:17+0100 lvl=info msg="tunnel session started" obj=tunnels.session
t=2026-06-18T07:34:46+0100 lvl=eror msg="heartbeat timeout, terminating session" obj=tunnels.session obj=csess id=a623eaaa73a3 clientid=f7fbaa4785bf30af9af54496a18fd84a
t=2026-06-18T07:34:57+0100 lvl=eror msg="heartbeat timeout, terminating session" obj=tunnels.session obj=csess id=0b6ca27c4779 clientid=f7fbaa4785bf30af9af54496a18fd84a
t=2026-06-18T07:35:01+0100 lvl=eror msg="heartbeat timeout, terminating session" obj=tunnels.session obj=csess id=5024299365a6 clientid=f7fbaa4785bf30af9af54496a18fd84a
t=2026-06-18T07:35:01+0100 lvl=eror msg="session closed, starting reconnect loop" obj=tunnels.session obj=csess id=e956ee608946 err="session closed"
t=2026-06-18T07:35:03+0100 lvl=info msg="client session established" obj=tunnels.session
t=2026-06-18T07:35:03+0100 lvl=info msg="tunnel session started" obj=tunnels.session
t=2026-06-18T08:01:49+0100 lvl=eror msg="session closed, starting reconnect loop" obj=tunnels.session obj=csess id=e956ee608946 err="read tcp 192.168.0.32:59505->3.123.83.158:443: read: can't assign requested address"
t=2026-06-18T08:01:49+0100 lvl=eror msg="failed to reconnect session" obj=tunnels.session err="failed to dial ngrok server with address \"connect.ngrok-agent.com:443\": dial tcp: lookup connect.ngrok-agent.com: no such host"
t=2026-06-18T08:01:49+0100 lvl=eror msg="failed to reconnect session" obj=tunnels.session err="failed to dial ngrok server with address \"connect.ngrok-agent.com:443\": dial tcp: lookup connect.ngrok-agent.com: no such host"
t=2026-06-18T08:01:50+0100 lvl=eror msg="failed to reconnect session" obj=tunnels.session err="failed to dial ngrok server with address \"connect.ngrok-agent.com:443\": dial tcp: lookup connect.ngrok-agent.com: no such host"
t=2026-06-18T08:01:52+0100 lvl=eror msg="heartbeat timeout, terminating session" obj=tunnels.session obj=csess id=cdb702e85695 clientid=f7fbaa4785bf30af9af54496a18fd84a
t=2026-06-18T08:01:53+0100 lvl=eror msg="failed to reconnect session" obj=tunnels.session err="failed to dial ngrok server with address \"connect.ngrok-agent.com:443\": dial tcp: lookup connect.ngrok-agent.com: no such host"
t=2026-06-18T08:16:03+0100 lvl=eror msg="failed to reconnect session" obj=tunnels.session err="failed to dial ngrok server with address \"connect.ngrok-agent.com:443\": dial tcp: lookup connect.ngrok-agent.com: no such host"
t=2026-06-18T08:16:11+0100 lvl=eror msg="failed to reconnect session" obj=tunnels.session err="failed to dial ngrok server with address \"connect.ngrok-agent.com:443\": dial tcp: lookup connect.ngrok-agent.com: no such host"
t=2026-06-18T08:34:25+0100 lvl=eror msg="failed to reconnect session" obj=tunnels.session err="failed to dial ngrok server with address \"connect.ngrok-agent.com:443\": dial tcp: lookup connect.ngrok-agent.com: no such host"
t=2026-06-18T08:52:42+0100 lvl=eror msg="failed to reconnect session" obj=tunnels.session err="failed to dial ngrok server with address \"connect.ngrok-agent.com:443\": dial tcp: lookup connect.ngrok-agent.com: no such host"
t=2026-06-18T09:49:35+0100 lvl=eror msg="failed to reconnect session" obj=tunnels.session err="failed to dial ngrok server with address \"connect.ngrok-agent.com:443\": dial tcp: lookup connect.ngrok-agent.com: no such host"
t=2026-06-18T10:06:43+0100 lvl=eror msg="failed to reconnect session" obj=tunnels.session err="failed to dial ngrok server with address \"connect.ngrok-agent.com:443\": dial tcp: lookup connect.ngrok-agent.com: no such host"
t=2026-06-18T10:11:19+0100 lvl=info msg="client session established" obj=tunnels.session
t=2026-06-18T10:11:19+0100 lvl=info msg="tunnel session started" obj=tunnels.session
t=2026-06-18T10:19:26+0100 lvl=eror msg="heartbeat timeout, terminating session" obj=tunnels.session obj=csess id=9091620f344a clientid=f7fbaa4785bf30af9af54496a18fd84a
t=2026-06-18T10:19:26+0100 lvl=eror msg="session closed, starting reconnect loop" obj=tunnels.session obj=csess id=e956ee608946 err="session closed"
t=2026-06-18T10:19:27+0100 lvl=info msg="client session established" obj=tunnels.session
t=2026-06-18T10:19:27+0100 lvl=info msg="tunnel session started" obj=tunnels.session
t=2026-06-18T10:41:24+0100 lvl=info msg="update available" obj=updater
t=2026-06-18T11:00:08+0100 lvl=info msg="join connections" obj=join id=16fc8ef7f99a l=[::1]:3001 r=105.96.54.170:44613
t=2026-06-18T11:00:09+0100 lvl=info msg="join connections" obj=join id=a2a38b737196 l=[::1]:3001 r=105.96.54.170:44613
t=2026-06-18T11:00:09+0100 lvl=info msg="join connections" obj=join id=d1da598965a5 l=[::1]:3001 r=105.96.54.170:44613
t=2026-06-18T11:00:09+0100 lvl=info msg="join connections" obj=join id=028b579de10d l=[::1]:3001 r=105.96.54.170:44613
t=2026-06-18T11:00:09+0100 lvl=info msg="join connections" obj=join id=3e7a35f6337b l=[::1]:3001 r=105.96.54.170:44613
t=2026-06-18T11:00:09+0100 lvl=info msg="join connections" obj=join id=f70f0566ec0e l=[::1]:3001 r=105.96.54.170:44613
t=2026-06-18T11:00:09+0100 lvl=info msg="join connections" obj=join id=38183473167b l=[::1]:3001 r=105.96.54.170:44613
t=2026-06-18T11:00:09+0100 lvl=info msg="join connections" obj=join id=5dd4161abc6e l=[::1]:3001 r=105.96.54.170:44613
t=2026-06-18T11:00:09+0100 lvl=info msg="join connections" obj=join id=bc7c2ef17258 l=[::1]:3001 r=105.96.54.170:44613
t=2026-06-18T11:00:09+0100 lvl=info msg="join connections" obj=join id=c87b74053c58 l=[::1]:3001 r=105.96.54.170:44613
t=2026-06-18T11:00:39+0100 lvl=info msg="join connections" obj=join id=58326a7471e0 l=[::1]:3001 r=105.96.54.170:44613
t=2026-06-18T11:18:51+0100 lvl=info msg="join connections" obj=join id=723acb55f4c3 l=[::1]:3001 r=213.41.153.200:51412
t=2026-06-18T11:18:51+0100 lvl=info msg="join connections" obj=join id=ca41c1213561 l=[::1]:3001 r=213.41.153.200:51412
t=2026-06-18T11:18:51+0100 lvl=info msg="join connections" obj=join id=559edaf2b1cc l=[::1]:3001 r=213.41.153.200:51412
t=2026-06-18T11:18:52+0100 lvl=info msg="join connections" obj=join id=82084ee11b77 l=[::1]:3001 r=213.41.153.200:51412
t=2026-06-18T11:18:52+0100 lvl=info msg="join connections" obj=join id=71f6312f9f59 l=[::1]:3001 r=213.41.153.200:51412
t=2026-06-18T11:18:52+0100 lvl=info msg="join connections" obj=join id=0583e07982a9 l=[::1]:3001 r=213.41.153.200:51412
t=2026-06-18T11:18:52+0100 lvl=info msg="join connections" obj=join id=146c089934bf l=[::1]:3001 r=213.41.153.200:51412
t=2026-06-18T11:19:06+0100 lvl=info msg="join connections" obj=join id=734aba9ea3e4 l=[::1]:3001 r=213.41.153.200:51412
t=2026-06-18T11:20:50+0100 lvl=info msg="join connections" obj=join id=6de93c24c461 l=[::1]:3001 r=213.41.153.200:51412
t=2026-06-18T11:20:50+0100 lvl=info msg="join connections" obj=join id=09140b1610cd l=[::1]:3001 r=213.41.153.200:51412
t=2026-06-18T11:20:50+0100 lvl=info msg="join connections" obj=join id=2a756e569b23 l=[::1]:3001 r=213.41.153.200:51412
t=2026-06-18T11:20:50+0100 lvl=info msg="join connections" obj=join id=8b5cb33ea45c l=[::1]:3001 r=213.41.153.200:51412
t=2026-06-18T11:20:50+0100 lvl=info msg="join connections" obj=join id=56eec413124f l=[::1]:3001 r=213.41.153.200:51412
t=2026-06-18T11:20:50+0100 lvl=info msg="join connections" obj=join id=966ef6c70d74 l=[::1]:3001 r=213.41.153.200:51412
t=2026-06-18T11:20:50+0100 lvl=info msg="join connections" obj=join id=082de3094107 l=[::1]:3001 r=213.41.153.200:51412
t=2026-06-18T11:20:50+0100 lvl=info msg="join connections" obj=join id=ab5de33887e9 l=[::1]:3001 r=213.41.153.200:51412
t=2026-06-18T11:20:50+0100 lvl=info msg="join connections" obj=join id=64299d934106 l=[::1]:3001 r=213.41.153.200:51412
t=2026-06-18T11:20:50+0100 lvl=info msg="join connections" obj=join id=526630bd3d32 l=[::1]:3001 r=213.41.153.200:51412
t=2026-06-18T11:20:50+0100 lvl=info msg="join connections" obj=join id=e698de2a5024 l=[::1]:3001 r=213.41.153.200:51412
t=2026-06-18T11:20:50+0100 lvl=info msg="join connections" obj=join id=4247317b28c0 l=[::1]:3001 r=213.41.153.200:51412
t=2026-06-18T11:20:50+0100 lvl=info msg="join connections" obj=join id=9a56ef1107c5 l=[::1]:3001 r=213.41.153.200:51412
t=2026-06-18T11:20:50+0100 lvl=info msg="join connections" obj=join id=a0f34d4dcafc l=[::1]:3001 r=213.41.153.200:51412
t=2026-06-18T11:20:50+0100 lvl=info msg="join connections" obj=join id=05d4f430a771 l=[::1]:3001 r=213.41.153.200:51412
t=2026-06-18T11:20:50+0100 lvl=info msg="join connections" obj=join id=abb36e69c8b7 l=[::1]:3001 r=213.41.153.200:51412
t=2026-06-18T11:20:51+0100 lvl=info msg="join connections" obj=join id=d5f7a794cbe3 l=[::1]:3001 r=213.41.153.200:51412
t=2026-06-18T11:21:05+0100 lvl=info msg="join connections" obj=join id=3e050745ac80 l=[::1]:3001 r=213.41.153.200:51412
t=2026-06-18T11:21:05+0100 lvl=info msg="join connections" obj=join id=32e200ee6332 l=[::1]:3001 r=213.41.153.200:51412
t=2026-06-18T11:21:05+0100 lvl=info msg="join connections" obj=join id=8e5cc9ac2732 l=[::1]:3001 r=213.41.153.200:51412
t=2026-06-18T11:21:05+0100 lvl=info msg="join connections" obj=join id=762675b193e7 l=[::1]:3001 r=213.41.153.200:51412
t=2026-06-18T11:21:05+0100 lvl=info msg="join connections" obj=join id=6beeab6e84a0 l=[::1]:3001 r=213.41.153.200:51412
t=2026-06-18T11:21:05+0100 lvl=info msg="join connections" obj=join id=f7323477fc7a l=[::1]:3001 r=213.41.153.200:51412
t=2026-06-18T11:21:05+0100 lvl=info msg="join connections" obj=join id=6921fca13d1c l=[::1]:3001 r=213.41.153.200:51412
t=2026-06-18T11:21:05+0100 lvl=info msg="join connections" obj=join id=17648b1579f5 l=[::1]:3001 r=213.41.153.200:51412
t=2026-06-18T11:21:05+0100 lvl=info msg="join connections" obj=join id=5825f0e544c5 l=[::1]:3001 r=213.41.153.200:51412
t=2026-06-18T11:21:05+0100 lvl=info msg="join connections" obj=join id=33a6ada43027 l=[::1]:3001 r=213.41.153.200:51412
t=2026-06-18T11:21:26+0100 lvl=info msg="join connections" obj=join id=e4687a7e2b47 l=[::1]:3001 r=213.41.153.200:51412
t=2026-06-18T11:21:28+0100 lvl=info msg="join connections" obj=join id=8328285231b8 l=[::1]:3001 r=213.41.153.200:51412
t=2026-06-18T11:21:28+0100 lvl=info msg="join connections" obj=join id=41855f0bf1d4 l=[::1]:3001 r=213.41.153.200:51412
t=2026-06-18T11:21:28+0100 lvl=info msg="join connections" obj=join id=7a3c43b521e6 l=[::1]:3001 r=213.41.153.200:51412
t=2026-06-18T11:21:28+0100 lvl=info msg="join connections" obj=join id=2b0b5d0c6ab9 l=[::1]:3001 r=213.41.153.200:51412
t=2026-06-18T11:21:28+0100 lvl=info msg="join connections" obj=join id=baa45b7ea0dd l=[::1]:3001 r=213.41.153.200:51412
t=2026-06-18T11:21:28+0100 lvl=info msg="join connections" obj=join id=d741857906fa l=[::1]:3001 r=213.41.153.200:51412
t=2026-06-18T11:21:28+0100 lvl=info msg="join connections" obj=join id=8e85634026f2 l=[::1]:3001 r=213.41.153.200:51412
t=2026-06-18T11:21:28+0100 lvl=info msg="join connections" obj=join id=576f2869e085 l=[::1]:3001 r=213.41.153.200:51412
t=2026-06-18T11:21:28+0100 lvl=info msg="join connections" obj=join id=1491891e6123 l=[::1]:3001 r=213.41.153.200:51412
t=2026-06-18T12:56:31+0100 lvl=info msg="join connections" obj=join id=96fb648e1cf2 l=[::1]:3001 r=213.41.153.200:52199
t=2026-06-18T12:57:11+0100 lvl=info msg="join connections" obj=join id=4bcb1423b94b l=[::1]:3001 r=213.41.153.200:52199
t=2026-06-18T12:57:11+0100 lvl=info msg="join connections" obj=join id=92127c51fd56 l=[::1]:3001 r=213.41.153.200:52199
t=2026-06-18T12:57:18+0100 lvl=info msg="join connections" obj=join id=c86c76ef92ac l=[::1]:3001 r=213.41.153.200:52199
t=2026-06-18T12:57:25+0100 lvl=info msg="join connections" obj=join id=c21ebfeb0f47 l=[::1]:3001 r=213.41.153.200:52199
t=2026-06-18T12:57:25+0100 lvl=info msg="join connections" obj=join id=f321e0fa1ae0 l=[::1]:3001 r=213.41.153.200:52199
t=2026-06-18T12:57:31+0100 lvl=info msg="join connections" obj=join id=fd0c768715fd l=[::1]:3001 r=213.41.153.200:52199
t=2026-06-18T12:57:32+0100 lvl=info msg="join connections" obj=join id=487f9209b4a1 l=[::1]:3001 r=213.41.153.200:52199
t=2026-06-18T12:57:32+0100 lvl=info msg="join connections" obj=join id=8b23bdc11772 l=[::1]:3001 r=213.41.153.200:52199
t=2026-06-18T12:57:32+0100 lvl=info msg="join connections" obj=join id=484c7f448071 l=[::1]:3001 r=213.41.153.200:52199
t=2026-06-18T12:57:32+0100 lvl=info msg="join connections" obj=join id=94c56bef4c04 l=[::1]:3001 r=213.41.153.200:52199
t=2026-06-18T12:57:32+0100 lvl=info msg="join connections" obj=join id=f5360c545dae l=[::1]:3001 r=213.41.153.200:52199
t=2026-06-18T12:57:32+0100 lvl=info msg="join connections" obj=join id=900a7b3cd701 l=[::1]:3001 r=213.41.153.200:52199
t=2026-06-18T12:57:32+0100 lvl=info msg="join connections" obj=join id=2cb04eaa17d6 l=[::1]:3001 r=213.41.153.200:52199
t=2026-06-18T12:57:32+0100 lvl=info msg="join connections" obj=join id=7dc97222ecac l=[::1]:3001 r=213.41.153.200:52199
t=2026-06-18T12:57:32+0100 lvl=info msg="join connections" obj=join id=667ed536ab10 l=[::1]:3001 r=213.41.153.200:52199
t=2026-06-18T12:57:32+0100 lvl=info msg="join connections" obj=join id=8c7b77c8fa56 l=[::1]:3001 r=213.41.153.200:52199
t=2026-06-18T12:57:32+0100 lvl=info msg="join connections" obj=join id=982f48833585 l=[::1]:3001 r=213.41.153.200:52199
t=2026-06-18T12:57:32+0100 lvl=info msg="join connections" obj=join id=27e25af48adb l=[::1]:3001 r=213.41.153.200:52199
t=2026-06-18T12:57:32+0100 lvl=info msg="join connections" obj=join id=5190667a9db2 l=[::1]:3001 r=213.41.153.200:52199
t=2026-06-18T12:57:32+0100 lvl=info msg="join connections" obj=join id=bdda4a026042 l=[::1]:3001 r=213.41.153.200:52199
t=2026-06-18T12:57:32+0100 lvl=info msg="join connections" obj=join id=5fde2100df53 l=[::1]:3001 r=213.41.153.200:52199
t=2026-06-18T12:57:32+0100 lvl=info msg="join connections" obj=join id=e7e6f2c31380 l=[::1]:3001 r=213.41.153.200:52199
t=2026-06-18T12:57:32+0100 lvl=info msg="join connections" obj=join id=b73eeb3333ac l=[::1]:3001 r=213.41.153.200:52199
t=2026-06-18T12:57:32+0100 lvl=info msg="join connections" obj=join id=222f25c5e0bd l=[::1]:3001 r=213.41.153.200:52199
t=2026-06-18T12:57:32+0100 lvl=info msg="join connections" obj=join id=bb859774069f l=[::1]:3001 r=213.41.153.200:52199
t=2026-06-18T12:59:07+0100 lvl=info msg="join connections" obj=join id=7e2e7d66c66b l=[::1]:3001 r=213.41.153.200:52199
t=2026-06-18T12:59:07+0100 lvl=info msg="join connections" obj=join id=59dfc0a4c840 l=[::1]:3001 r=213.41.153.200:52199
t=2026-06-18T12:59:07+0100 lvl=info msg="join connections" obj=join id=8025aba8b6d6 l=[::1]:3001 r=213.41.153.200:52199
t=2026-06-18T12:59:07+0100 lvl=info msg="join connections" obj=join id=995837900455 l=[::1]:3001 r=213.41.153.200:52199
t=2026-06-18T12:59:07+0100 lvl=info msg="join connections" obj=join id=0acb23cb7c77 l=[::1]:3001 r=213.41.153.200:52199
t=2026-06-18T12:59:07+0100 lvl=info msg="join connections" obj=join id=7f008b256d0e l=[::1]:3001 r=213.41.153.200:52199
t=2026-06-18T12:59:07+0100 lvl=info msg="join connections" obj=join id=98df790d1773 l=[::1]:3001 r=213.41.153.200:52199
t=2026-06-18T12:59:07+0100 lvl=info msg="join connections" obj=join id=df51da15c63a l=[::1]:3001 r=213.41.153.200:52199
t=2026-06-18T12:59:07+0100 lvl=info msg="join connections" obj=join id=e5364dcc9795 l=[::1]:3001 r=213.41.153.200:52199
t=2026-06-18T12:59:07+0100 lvl=info msg="join connections" obj=join id=7f3fc69e4605 l=[::1]:3001 r=213.41.153.200:52199
t=2026-06-18T12:59:07+0100 lvl=info msg="join connections" obj=join id=645397cbd522 l=[::1]:3001 r=213.41.153.200:52199
t=2026-06-18T12:59:07+0100 lvl=info msg="join connections" obj=join id=1b9b63c387e8 l=[::1]:3001 r=213.41.153.200:52199
t=2026-06-18T12:59:15+0100 lvl=info msg="join connections" obj=join id=aca92afa5d91 l=[::1]:3001 r=213.41.153.200:52199
t=2026-06-18T12:59:15+0100 lvl=info msg="join connections" obj=join id=135e76ac2808 l=[::1]:3001 r=213.41.153.200:52199
t=2026-06-18T12:59:15+0100 lvl=info msg="join connections" obj=join id=e00afbb1c875 l=[::1]:3001 r=213.41.153.200:52199
t=2026-06-18T12:59:15+0100 lvl=info msg="join connections" obj=join id=3bdad26609f0 l=[::1]:3001 r=213.41.153.200:52199
t=2026-06-18T12:59:15+0100 lvl=info msg="join connections" obj=join id=b8641e97540f l=[::1]:3001 r=213.41.153.200:52199
t=2026-06-18T12:59:15+0100 lvl=info msg="join connections" obj=join id=ceb5673ecbca l=[::1]:3001 r=213.41.153.200:52199
t=2026-06-18T12:59:15+0100 lvl=info msg="join connections" obj=join id=fe41b24508c9 l=[::1]:3001 r=213.41.153.200:52199
t=2026-06-18T12:59:15+0100 lvl=info msg="join connections" obj=join id=2091dd3717f5 l=[::1]:3001 r=213.41.153.200:52199
t=2026-06-18T12:59:15+0100 lvl=info msg="join connections" obj=join id=4e2b6186d0da l=[::1]:3001 r=213.41.153.200:52199
t=2026-06-18T12:59:15+0100 lvl=info msg="join connections" obj=join id=540fc93a1757 l=[::1]:3001 r=213.41.153.200:52199
t=2026-06-18T12:59:17+0100 lvl=info msg="join connections" obj=join id=c65072f709ff l=[::1]:3001 r=213.41.153.200:52199
t=2026-06-18T12:59:17+0100 lvl=info msg="join connections" obj=join id=2d8d8a26d581 l=[::1]:3001 r=213.41.153.200:52199
t=2026-06-18T12:59:17+0100 lvl=info msg="join connections" obj=join id=5b25c6b64506 l=[::1]:3001 r=213.41.153.200:52199
t=2026-06-18T12:59:17+0100 lvl=info msg="join connections" obj=join id=0a13b30a5980 l=[::1]:3001 r=213.41.153.200:52199
t=2026-06-18T12:59:17+0100 lvl=info msg="join connections" obj=join id=7f548193fe11 l=[::1]:3001 r=213.41.153.200:52199
t=2026-06-18T12:59:17+0100 lvl=info msg="join connections" obj=join id=8cd49c3de891 l=[::1]:3001 r=213.41.153.200:52199
t=2026-06-18T12:59:17+0100 lvl=info msg="join connections" obj=join id=b6956acf976f l=[::1]:3001 r=213.41.153.200:52199
t=2026-06-18T12:59:17+0100 lvl=info msg="join connections" obj=join id=1af38416429d l=[::1]:3001 r=213.41.153.200:52199
t=2026-06-18T12:59:17+0100 lvl=info msg="join connections" obj=join id=a3b77c2e0a44 l=[::1]:3001 r=213.41.153.200:52199
t=2026-06-18T12:59:17+0100 lvl=info msg="join connections" obj=join id=8753faf2edb9 l=[::1]:3001 r=213.41.153.200:52199
t=2026-06-18T12:59:18+0100 lvl=info msg="join connections" obj=join id=03abc3d717fe l=[::1]:3001 r=213.41.153.200:52199
t=2026-06-18T12:59:18+0100 lvl=info msg="join connections" obj=join id=6dc6145790b3 l=[::1]:3001 r=213.41.153.200:52199
t=2026-06-18T12:59:18+0100 lvl=info msg="join connections" obj=join id=f9355fe708b3 l=[::1]:3001 r=213.41.153.200:52199
t=2026-06-18T12:59:18+0100 lvl=info msg="join connections" obj=join id=02e353c3b9a5 l=[::1]:3001 r=213.41.153.200:52199
t=2026-06-18T12:59:18+0100 lvl=info msg="join connections" obj=join id=1d9ecdd4e254 l=[::1]:3001 r=213.41.153.200:52199
t=2026-06-18T12:59:18+0100 lvl=info msg="join connections" obj=join id=75fed6827e4c l=[::1]:3001 r=213.41.153.200:52199
t=2026-06-18T12:59:18+0100 lvl=info msg="join connections" obj=join id=4550896eaac8 l=[::1]:3001 r=213.41.153.200:52199
t=2026-06-18T12:59:18+0100 lvl=info msg="join connections" obj=join id=3e073e79294a l=[::1]:3001 r=213.41.153.200:52199
t=2026-06-18T12:59:18+0100 lvl=info msg="join connections" obj=join id=b7c250342eee l=[::1]:3001 r=213.41.153.200:52199
t=2026-06-18T12:59:33+0100 lvl=info msg="join connections" obj=join id=d8fb9a27fdd7 l=[::1]:3001 r=213.41.153.200:52199
t=2026-06-18T12:59:33+0100 lvl=info msg="join connections" obj=join id=54bfbff27674 l=[::1]:3001 r=213.41.153.200:52199
t=2026-06-18T12:59:33+0100 lvl=info msg="join connections" obj=join id=8ede0d3580c0 l=[::1]:3001 r=213.41.153.200:52199
t=2026-06-18T12:59:33+0100 lvl=info msg="join connections" obj=join id=e4dc806a1eb0 l=[::1]:3001 r=213.41.153.200:52199
t=2026-06-18T12:59:33+0100 lvl=info msg="join connections" obj=join id=f578171d30d2 l=[::1]:3001 r=213.41.153.200:52199
t=2026-06-18T12:59:33+0100 lvl=info msg="join connections" obj=join id=8f49c9a1ca6c l=[::1]:3001 r=213.41.153.200:52199
t=2026-06-18T12:59:33+0100 lvl=info msg="join connections" obj=join id=a2c3e1b3c021 l=[::1]:3001 r=213.41.153.200:52199
t=2026-06-18T12:59:33+0100 lvl=info msg="join connections" obj=join id=d224e3f37c77 l=[::1]:3001 r=213.41.153.200:52199
t=2026-06-18T12:59:33+0100 lvl=info msg="join connections" obj=join id=d3ca45858b04 l=[::1]:3001 r=213.41.153.200:52199
t=2026-06-18T12:59:33+0100 lvl=info msg="join connections" obj=join id=b64a2085a181 l=[::1]:3001 r=213.41.153.200:52199
t=2026-06-18T12:59:33+0100 lvl=info msg="join connections" obj=join id=43bb8c1997e0 l=[::1]:3001 r=213.41.153.200:52199
t=2026-06-18T13:01:45+0100 lvl=info msg="join connections" obj=join id=06203ab4c553 l=[::1]:3001 r=213.41.153.200:52199
t=2026-06-18T13:01:45+0100 lvl=info msg="join connections" obj=join id=5ae3aa56bcd1 l=[::1]:3001 r=213.41.153.200:52199
t=2026-06-18T13:01:45+0100 lvl=info msg="join connections" obj=join id=df21a64e3b1d l=[::1]:3001 r=213.41.153.200:52199
t=2026-06-18T13:01:45+0100 lvl=info msg="join connections" obj=join id=4cc5aa488509 l=[::1]:3001 r=213.41.153.200:52199
t=2026-06-18T13:01:45+0100 lvl=info msg="join connections" obj=join id=e6fdda22a8d9 l=[::1]:3001 r=213.41.153.200:52199
t=2026-06-18T13:01:45+0100 lvl=info msg="join connections" obj=join id=20e308bdce30 l=[::1]:3001 r=213.41.153.200:52199
t=2026-06-18T13:01:45+0100 lvl=info msg="join connections" obj=join id=f6c73356bf6f l=[::1]:3001 r=213.41.153.200:52199
t=2026-06-18T13:01:45+0100 lvl=info msg="join connections" obj=join id=8d1b29b1e918 l=[::1]:3001 r=213.41.153.200:52199
t=2026-06-18T13:01:45+0100 lvl=info msg="join connections" obj=join id=f87e31d97680 l=[::1]:3001 r=213.41.153.200:52199
t=2026-06-18T13:01:45+0100 lvl=info msg="join connections" obj=join id=8ff2b7bfb837 l=[::1]:3001 r=213.41.153.200:52199
t=2026-06-18T13:01:45+0100 lvl=info msg="join connections" obj=join id=f97b6454cde3 l=[::1]:3001 r=213.41.153.200:52199
t=2026-06-18T13:01:47+0100 lvl=info msg="join connections" obj=join id=7ddffabbd85b l=[::1]:3001 r=213.41.153.200:52199
t=2026-06-18T13:01:47+0100 lvl=info msg="join connections" obj=join id=c1f96c20e33d l=[::1]:3001 r=213.41.153.200:52199
t=2026-06-18T13:01:48+0100 lvl=info msg="join connections" obj=join id=d6a50c583b7c l=[::1]:3001 r=213.41.153.200:52199
t=2026-06-18T13:01:48+0100 lvl=info msg="join connections" obj=join id=f02ba773b484 l=[::1]:3001 r=213.41.153.200:52199
t=2026-06-18T13:01:48+0100 lvl=info msg="join connections" obj=join id=7be478c4c633 l=[::1]:3001 r=213.41.153.200:52199
t=2026-06-18T13:01:48+0100 lvl=info msg="join connections" obj=join id=0a91752eaa41 l=[::1]:3001 r=213.41.153.200:52199
t=2026-06-18T13:01:48+0100 lvl=info msg="join connections" obj=join id=eed931f8ff9d l=[::1]:3001 r=213.41.153.200:52199
t=2026-06-18T13:01:48+0100 lvl=info msg="join connections" obj=join id=ff77ee62a124 l=[::1]:3001 r=213.41.153.200:52199
t=2026-06-18T13:01:52+0100 lvl=info msg="join connections" obj=join id=1cb506596e0b l=[::1]:3001 r=213.41.153.200:52199
t=2026-06-18T13:01:52+0100 lvl=info msg="join connections" obj=join id=e234cf6c6dfd l=[::1]:3001 r=213.41.153.200:52199
t=2026-06-18T13:01:52+0100 lvl=info msg="join connections" obj=join id=a3156a0e6709 l=[::1]:3001 r=213.41.153.200:52199
t=2026-06-18T13:01:52+0100 lvl=info msg="join connections" obj=join id=a0850f2f9fee l=[::1]:3001 r=213.41.153.200:52199
t=2026-06-18T13:01:52+0100 lvl=info msg="join connections" obj=join id=7c4389f79cca l=[::1]:3001 r=213.41.153.200:52199
t=2026-06-18T13:01:52+0100 lvl=info msg="join connections" obj=join id=0d8692a23b32 l=[::1]:3001 r=213.41.153.200:52199
t=2026-06-18T13:01:52+0100 lvl=info msg="join connections" obj=join id=1434cad43af0 l=[::1]:3001 r=213.41.153.200:52199
t=2026-06-18T13:01:52+0100 lvl=info msg="join connections" obj=join id=d470ad468a6c l=[::1]:3001 r=213.41.153.200:52199
t=2026-06-18T13:01:52+0100 lvl=info msg="join connections" obj=join id=ea87238eecb9 l=[::1]:3001 r=213.41.153.200:52199
t=2026-06-18T13:01:52+0100 lvl=info msg="join connections" obj=join id=dd915835e396 l=[::1]:3001 r=213.41.153.200:52199
t=2026-06-18T13:01:52+0100 lvl=info msg="join connections" obj=join id=01be62904e86 l=[::1]:3001 r=213.41.153.200:52199
t=2026-06-18T13:01:52+0100 lvl=info msg="join connections" obj=join id=28ea8a628520 l=[::1]:3001 r=213.41.153.200:52199
t=2026-06-18T13:01:52+0100 lvl=info msg="join connections" obj=join id=13580e4bc72b l=[::1]:3001 r=213.41.153.200:52199
t=2026-06-18T13:01:52+0100 lvl=info msg="join connections" obj=join id=326285ee0bef l=[::1]:3001 r=213.41.153.200:52199
t=2026-06-18T13:01:52+0100 lvl=info msg="join connections" obj=join id=c3278536e1c1 l=[::1]:3001 r=213.41.153.200:52199
t=2026-06-18T13:01:52+0100 lvl=info msg="join connections" obj=join id=cb979bc1e27d l=[::1]:3001 r=213.41.153.200:52199
t=2026-06-18T13:01:52+0100 lvl=info msg="join connections" obj=join id=3928db5ce294 l=[::1]:3001 r=213.41.153.200:52199
t=2026-06-18T13:01:52+0100 lvl=info msg="join connections" obj=join id=6edb9e156709 l=[::1]:3001 r=213.41.153.200:52199
t=2026-06-18T13:53:25+0100 lvl=eror msg="session closed, starting reconnect loop" obj=tunnels.session obj=csess id=e956ee608946 err="read EOF from remote peer"
t=2026-06-18T13:53:27+0100 lvl=info msg="client session established" obj=tunnels.session
t=2026-06-18T13:53:27+0100 lvl=info msg="tunnel session started" obj=tunnels.session
t=2026-06-18T13:53:51+0100 lvl=eror msg="heartbeat timeout, terminating session" obj=tunnels.session obj=csess id=989c2ec94a83 clientid=f7fbaa4785bf30af9af54496a18fd84a
t=2026-06-18T14:17:33+0100 lvl=info msg="join connections" obj=join id=fe2123718740 l=[::1]:3001 r=213.41.153.200:52245
t=2026-06-18T14:17:33+0100 lvl=info msg="join connections" obj=join id=ecc6a2240b53 l=[::1]:3001 r=213.41.153.200:52245
t=2026-06-18T14:17:33+0100 lvl=info msg="join connections" obj=join id=da56cd5d3a0c l=[::1]:3001 r=213.41.153.200:52245
t=2026-06-18T14:17:33+0100 lvl=info msg="join connections" obj=join id=905ac36e70a0 l=[::1]:3001 r=213.41.153.200:52245
t=2026-06-18T14:17:33+0100 lvl=info msg="join connections" obj=join id=cdec6aaaff1c l=[::1]:3001 r=213.41.153.200:52245
t=2026-06-18T14:17:33+0100 lvl=info msg="join connections" obj=join id=892b733f3f17 l=[::1]:3001 r=213.41.153.200:52245
t=2026-06-18T14:17:33+0100 lvl=info msg="join connections" obj=join id=eb9534d448a7 l=[::1]:3001 r=213.41.153.200:52245
t=2026-06-18T14:17:33+0100 lvl=info msg="join connections" obj=join id=04bdb995af2b l=[::1]:3001 r=213.41.153.200:52245
t=2026-06-18T14:17:33+0100 lvl=info msg="join connections" obj=join id=a2a8b982291f l=[::1]:3001 r=213.41.153.200:52245
t=2026-06-18T14:17:33+0100 lvl=info msg="join connections" obj=join id=683c3ffd835d l=[::1]:3001 r=213.41.153.200:52245
t=2026-06-18T14:17:33+0100 lvl=info msg="join connections" obj=join id=063e0c0a6c03 l=[::1]:3001 r=213.41.153.200:52245
t=2026-06-18T14:18:46+0100 lvl=info msg="join connections" obj=join id=754f1d9249ab l=[::1]:3001 r=213.41.153.200:62070
t=2026-06-18T14:18:47+0100 lvl=info msg="join connections" obj=join id=bbd7f5870b78 l=[::1]:3001 r=213.41.153.200:62070
t=2026-06-18T14:18:47+0100 lvl=info msg="join connections" obj=join id=fb868c1a23af l=[::1]:3001 r=213.41.153.200:62070
t=2026-06-18T14:18:47+0100 lvl=info msg="join connections" obj=join id=82926e5d1bef l=[::1]:3001 r=213.41.153.200:62070
t=2026-06-18T14:18:47+0100 lvl=info msg="join connections" obj=join id=e6d5522fca2b l=[::1]:3001 r=213.41.153.200:62070
t=2026-06-18T14:18:47+0100 lvl=info msg="join connections" obj=join id=ca4266ebb4c4 l=[::1]:3001 r=213.41.153.200:62070
t=2026-06-18T14:18:47+0100 lvl=info msg="join connections" obj=join id=a973d4655143 l=[::1]:3001 r=213.41.153.200:62070
t=2026-06-18T14:18:47+0100 lvl=info msg="join connections" obj=join id=73981febe9f1 l=[::1]:3001 r=213.41.153.200:62070
t=2026-06-18T14:18:47+0100 lvl=info msg="join connections" obj=join id=090928003b27 l=[::1]:3001 r=213.41.153.200:62070
t=2026-06-18T14:18:47+0100 lvl=info msg="join connections" obj=join id=44fc7957437f l=[::1]:3001 r=213.41.153.200:62070
t=2026-06-18T14:19:02+0100 lvl=info msg="join connections" obj=join id=6f6641c9d6cb l=[::1]:3001 r=213.41.153.200:62070
t=2026-06-18T14:20:34+0100 lvl=info msg="join connections" obj=join id=629f3090c97d l=[::1]:3001 r=213.41.153.200:62070
t=2026-06-18T14:20:34+0100 lvl=info msg="join connections" obj=join id=86b4c6f66e4e l=[::1]:3001 r=213.41.153.200:62070
t=2026-06-18T14:20:34+0100 lvl=info msg="join connections" obj=join id=97d4c1be8be0 l=[::1]:3001 r=213.41.153.200:62070
t=2026-06-18T14:20:34+0100 lvl=info msg="join connections" obj=join id=19dad2a846ab l=[::1]:3001 r=213.41.153.200:62070
t=2026-06-18T14:20:34+0100 lvl=info msg="join connections" obj=join id=b3f0da2e3527 l=[::1]:3001 r=213.41.153.200:62070
t=2026-06-18T14:20:34+0100 lvl=info msg="join connections" obj=join id=79bf854be337 l=[::1]:3001 r=213.41.153.200:62070
t=2026-06-18T14:20:34+0100 lvl=info msg="join connections" obj=join id=afa2c939b074 l=[::1]:3001 r=213.41.153.200:62070
t=2026-06-18T14:20:34+0100 lvl=info msg="join connections" obj=join id=012e2d0f2ea1 l=[::1]:3001 r=213.41.153.200:62070
t=2026-06-18T14:20:34+0100 lvl=info msg="join connections" obj=join id=3276ab8b7277 l=[::1]:3001 r=213.41.153.200:62070
t=2026-06-18T14:20:34+0100 lvl=info msg="join connections" obj=join id=12671cbffd24 l=[::1]:3001 r=213.41.153.200:62070
t=2026-06-18T14:20:34+0100 lvl=info msg="join connections" obj=join id=f5594c0091c0 l=[::1]:3001 r=213.41.153.200:62070
t=2026-06-18T14:20:34+0100 lvl=info msg="join connections" obj=join id=71abd223685a l=[::1]:3001 r=213.41.153.200:62070
t=2026-06-18T14:20:34+0100 lvl=info msg="join connections" obj=join id=11bb3ca2088b l=[::1]:3001 r=213.41.153.200:62070
t=2026-06-18T14:20:34+0100 lvl=info msg="join connections" obj=join id=f7d89f1d9388 l=[::1]:3001 r=213.41.153.200:62070
t=2026-06-18T14:20:34+0100 lvl=info msg="join connections" obj=join id=eb345ecf6bce l=[::1]:3001 r=213.41.153.200:62070
t=2026-06-18T14:20:34+0100 lvl=info msg="join connections" obj=join id=7dbf9bbadc51 l=[::1]:3001 r=213.41.153.200:62070
t=2026-06-18T14:20:34+0100 lvl=info msg="join connections" obj=join id=81da8f413ffc l=[::1]:3001 r=213.41.153.200:62070
t=2026-06-18T14:20:34+0100 lvl=info msg="join connections" obj=join id=bc1ac3ca3f65 l=[::1]:3001 r=213.41.153.200:62070
t=2026-06-18T14:21:18+0100 lvl=info msg="join connections" obj=join id=914ef628ac34 l=[::1]:3001 r=213.41.153.200:62070
t=2026-06-18T14:21:19+0100 lvl=info msg="join connections" obj=join id=47c3edf263ae l=[::1]:3001 r=213.41.153.200:62070
t=2026-06-18T14:21:19+0100 lvl=info msg="join connections" obj=join id=dbba11956f00 l=[::1]:3001 r=213.41.153.200:62070
t=2026-06-18T14:21:19+0100 lvl=info msg="join connections" obj=join id=0dfdadf3f9cc l=[::1]:3001 r=213.41.153.200:62070
t=2026-06-18T14:21:19+0100 lvl=info msg="join connections" obj=join id=d35f5cff56c8 l=[::1]:3001 r=213.41.153.200:62070
t=2026-06-18T14:21:19+0100 lvl=info msg="join connections" obj=join id=b2e129d08645 l=[::1]:3001 r=213.41.153.200:62070
t=2026-06-18T14:21:19+0100 lvl=info msg="join connections" obj=join id=f1de3f5043a2 l=[::1]:3001 r=213.41.153.200:62070
t=2026-06-18T14:21:19+0100 lvl=info msg="join connections" obj=join id=a149f6d2d03b l=[::1]:3001 r=213.41.153.200:62070
t=2026-06-18T14:21:19+0100 lvl=info msg="join connections" obj=join id=e9a64a66f36a l=[::1]:3001 r=213.41.153.200:62070
t=2026-06-18T14:21:19+0100 lvl=info msg="join connections" obj=join id=03ed20a5f649 l=[::1]:3001 r=213.41.153.200:62070
t=2026-06-18T14:21:19+0100 lvl=info msg="join connections" obj=join id=1e5acd02fe49 l=[::1]:3001 r=213.41.153.200:62070
t=2026-06-18T14:21:19+0100 lvl=info msg="join connections" obj=join id=e14ab4467a00 l=[::1]:3001 r=213.41.153.200:62070
t=2026-06-18T14:21:40+0100 lvl=info msg="join connections" obj=join id=8714b1189940 l=[::1]:3001 r=213.41.153.200:62070
t=2026-06-18T14:21:41+0100 lvl=info msg="join connections" obj=join id=ab5f895fc53e l=[::1]:3001 r=213.41.153.200:62070
t=2026-06-18T14:21:41+0100 lvl=info msg="join connections" obj=join id=bf0278969bc2 l=[::1]:3001 r=213.41.153.200:62070
t=2026-06-18T14:21:41+0100 lvl=info msg="join connections" obj=join id=fbad43839cec l=[::1]:3001 r=213.41.153.200:62070
t=2026-06-18T14:21:41+0100 lvl=info msg="join connections" obj=join id=f849efcb0411 l=[::1]:3001 r=213.41.153.200:62070
t=2026-06-18T14:21:41+0100 lvl=info msg="join connections" obj=join id=f40a4234ca1e l=[::1]:3001 r=213.41.153.200:62070
t=2026-06-18T14:21:41+0100 lvl=info msg="join connections" obj=join id=a52d08c59838 l=[::1]:3001 r=213.41.153.200:62070
t=2026-06-18T14:21:41+0100 lvl=info msg="join connections" obj=join id=f5b255c2543e l=[::1]:3001 r=213.41.153.200:62070
t=2026-06-18T14:21:41+0100 lvl=info msg="join connections" obj=join id=ab276c18a2b8 l=[::1]:3001 r=213.41.153.200:62070
t=2026-06-18T14:21:41+0100 lvl=info msg="join connections" obj=join id=0f370cd7cbb8 l=[::1]:3001 r=213.41.153.200:62070
t=2026-06-18T14:21:41+0100 lvl=info msg="join connections" obj=join id=66248a90b274 l=[::1]:3001 r=213.41.153.200:62070
t=2026-06-18T14:21:55+0100 lvl=info msg="join connections" obj=join id=5463fb330c00 l=[::1]:3001 r=213.41.153.200:62070
t=2026-06-18T14:21:56+0100 lvl=info msg="join connections" obj=join id=bcabcc665218 l=[::1]:3001 r=213.41.153.200:62070
t=2026-06-18T14:21:56+0100 lvl=info msg="join connections" obj=join id=a19432c7d237 l=[::1]:3001 r=213.41.153.200:62070
t=2026-06-18T14:21:56+0100 lvl=info msg="join connections" obj=join id=1dbf3b536d21 l=[::1]:3001 r=213.41.153.200:62070
t=2026-06-18T14:21:56+0100 lvl=info msg="join connections" obj=join id=36f8d596bc98 l=[::1]:3001 r=213.41.153.200:62070
t=2026-06-18T14:21:56+0100 lvl=info msg="join connections" obj=join id=6df185978ad3 l=[::1]:3001 r=213.41.153.200:62070
t=2026-06-18T14:21:56+0100 lvl=info msg="join connections" obj=join id=ba5e18729304 l=[::1]:3001 r=213.41.153.200:62070
t=2026-06-18T14:21:56+0100 lvl=info msg="join connections" obj=join id=95476019b841 l=[::1]:3001 r=213.41.153.200:62070
t=2026-06-18T14:21:56+0100 lvl=info msg="join connections" obj=join id=97b19f098be3 l=[::1]:3001 r=213.41.153.200:62070
t=2026-06-18T14:21:56+0100 lvl=info msg="join connections" obj=join id=6c980a5ce544 l=[::1]:3001 r=213.41.153.200:62070
t=2026-06-18T14:22:01+0100 lvl=info msg="join connections" obj=join id=cad187594bb9 l=[::1]:3001 r=213.41.153.200:62070
t=2026-06-18T14:22:01+0100 lvl=info msg="join connections" obj=join id=ccce9bd3f7cb l=[::1]:3001 r=213.41.153.200:62070
t=2026-06-18T14:22:01+0100 lvl=info msg="join connections" obj=join id=d3fba4836be7 l=[::1]:3001 r=213.41.153.200:62070
t=2026-06-18T14:22:01+0100 lvl=info msg="join connections" obj=join id=e6f58581176d l=[::1]:3001 r=213.41.153.200:62070
t=2026-06-18T14:22:01+0100 lvl=info msg="join connections" obj=join id=00decf039b26 l=[::1]:3001 r=213.41.153.200:62070
t=2026-06-18T14:22:01+0100 lvl=info msg="join connections" obj=join id=347512693c42 l=[::1]:3001 r=213.41.153.200:62070
t=2026-06-18T14:22:01+0100 lvl=info msg="join connections" obj=join id=a34f11299b6c l=[::1]:3001 r=213.41.153.200:62070
t=2026-06-18T14:22:01+0100 lvl=info msg="join connections" obj=join id=3258691074e9 l=[::1]:3001 r=213.41.153.200:62070
t=2026-06-18T14:22:01+0100 lvl=info msg="join connections" obj=join id=015144da1196 l=[::1]:3001 r=213.41.153.200:62070
t=2026-06-18T14:22:21+0100 lvl=info msg="join connections" obj=join id=fd2ce299d43c l=[::1]:3001 r=213.41.153.200:62070
t=2026-06-18T14:22:21+0100 lvl=info msg="join connections" obj=join id=6631a2544277 l=[::1]:3001 r=213.41.153.200:62070
t=2026-06-18T14:22:21+0100 lvl=info msg="join connections" obj=join id=3e61a01388a3 l=[::1]:3001 r=213.41.153.200:62070
t=2026-06-18T14:22:21+0100 lvl=info msg="join connections" obj=join id=8ae215186a8d l=[::1]:3001 r=213.41.153.200:62070
t=2026-06-18T14:22:21+0100 lvl=info msg="join connections" obj=join id=e2a291f2a01d l=[::1]:3001 r=213.41.153.200:62070
t=2026-06-18T14:22:21+0100 lvl=info msg="join connections" obj=join id=45021126aa75 l=[::1]:3001 r=213.41.153.200:62070
t=2026-06-18T14:22:21+0100 lvl=info msg="join connections" obj=join id=eb101d38e3c3 l=[::1]:3001 r=213.41.153.200:62070
t=2026-06-18T14:22:21+0100 lvl=info msg="join connections" obj=join id=51c3dc09cfcb l=[::1]:3001 r=213.41.153.200:62070
t=2026-06-18T14:22:21+0100 lvl=info msg="join connections" obj=join id=ab84ce83b3be l=[::1]:3001 r=213.41.153.200:62070
t=2026-06-18T14:22:21+0100 lvl=info msg="join connections" obj=join id=9d0cc167957b l=[::1]:3001 r=213.41.153.200:62070
t=2026-06-18T14:22:21+0100 lvl=info msg="join connections" obj=join id=5f7af8fef567 l=[::1]:3001 r=213.41.153.200:62070
t=2026-06-18T14:22:21+0100 lvl=info msg="join connections" obj=join id=f5f3f49eeed4 l=[::1]:3001 r=213.41.153.200:62070
t=2026-06-18T14:22:21+0100 lvl=info msg="join connections" obj=join id=602a67f3a241 l=[::1]:3001 r=213.41.153.200:62070
t=2026-06-18T14:22:21+0100 lvl=info msg="join connections" obj=join id=43f423c64c31 l=[::1]:3001 r=213.41.153.200:62070
t=2026-06-18T14:22:21+0100 lvl=info msg="join connections" obj=join id=6b69c855afc5 l=[::1]:3001 r=213.41.153.200:62070
t=2026-06-18T14:22:21+0100 lvl=info msg="join connections" obj=join id=9123691edcc0 l=[::1]:3001 r=213.41.153.200:62070
t=2026-06-18T14:22:21+0100 lvl=info msg="join connections" obj=join id=f21c722a45b6 l=[::1]:3001 r=213.41.153.200:62070
t=2026-06-18T14:22:21+0100 lvl=info msg="join connections" obj=join id=c79d1f7b7b98 l=[::1]:3001 r=213.41.153.200:62070
t=2026-06-18T14:22:21+0100 lvl=info msg="join connections" obj=join id=6574bd90a866 l=[::1]:3001 r=213.41.153.200:62070
t=2026-06-18T14:22:21+0100 lvl=info msg="join connections" obj=join id=9afc34b2727a l=[::1]:3001 r=213.41.153.200:62070
t=2026-06-18T14:22:30+0100 lvl=info msg="join connections" obj=join id=99dfe028d27f l=[::1]:3001 r=213.41.153.200:62070
t=2026-06-18T14:22:31+0100 lvl=info msg="join connections" obj=join id=8a0ac0e2c530 l=[::1]:3001 r=213.41.153.200:62070
t=2026-06-18T14:22:31+0100 lvl=info msg="join connections" obj=join id=60ecf9e8c4e2 l=[::1]:3001 r=213.41.153.200:62070
t=2026-06-18T14:22:31+0100 lvl=info msg="join connections" obj=join id=dd7d508a94d3 l=[::1]:3001 r=213.41.153.200:62070
t=2026-06-18T14:22:31+0100 lvl=info msg="join connections" obj=join id=6407f7292db7 l=[::1]:3001 r=213.41.153.200:62070
t=2026-06-18T14:22:31+0100 lvl=info msg="join connections" obj=join id=7aad8da22a93 l=[::1]:3001 r=213.41.153.200:62070
t=2026-06-18T14:22:31+0100 lvl=info msg="join connections" obj=join id=497668e4782f l=[::1]:3001 r=213.41.153.200:62070
t=2026-06-18T14:22:31+0100 lvl=info msg="join connections" obj=join id=5b0a7e1e81b4 l=[::1]:3001 r=213.41.153.200:62070
t=2026-06-18T14:22:31+0100 lvl=info msg="join connections" obj=join id=c6277587bce7 l=[::1]:3001 r=213.41.153.200:62070
t=2026-06-18T14:22:31+0100 lvl=info msg="join connections" obj=join id=117c295c6ef1 l=[::1]:3001 r=213.41.153.200:62070
t=2026-06-18T15:15:24+0100 lvl=eror msg="heartbeat timeout, terminating session" obj=tunnels.session obj=csess id=de5f75c45923 clientid=f7fbaa4785bf30af9af54496a18fd84a
t=2026-06-18T15:15:24+0100 lvl=eror msg="session closed, starting reconnect loop" obj=tunnels.session obj=csess id=e956ee608946 err="session closed"
t=2026-06-18T15:15:25+0100 lvl=info msg="client session established" obj=tunnels.session
t=2026-06-18T15:15:25+0100 lvl=info msg="tunnel session started" obj=tunnels.session
t=2026-06-18T15:18:20+0100 lvl=eror msg="heartbeat timeout, terminating session" obj=tunnels.session obj=csess id=9fc7e1256098 clientid=f7fbaa4785bf30af9af54496a18fd84a
t=2026-06-18T15:18:20+0100 lvl=eror msg="session closed, starting reconnect loop" obj=tunnels.session obj=csess id=e956ee608946 err="session closed"
t=2026-06-18T15:18:21+0100 lvl=info msg="client session established" obj=tunnels.session
t=2026-06-18T15:18:21+0100 lvl=info msg="tunnel session started" obj=tunnels.session
t=2026-06-18T15:55:08+0100 lvl=info msg="join connections" obj=join id=79823b8f7513 l=[::1]:3001 r=213.41.153.200:52412
t=2026-06-18T15:55:08+0100 lvl=info msg="join connections" obj=join id=a8104d2768f0 l=[::1]:3001 r=213.41.153.200:52412
t=2026-06-18T15:55:08+0100 lvl=info msg="join connections" obj=join id=87e3b4aa9429 l=[::1]:3001 r=213.41.153.200:52412
t=2026-06-18T15:55:11+0100 lvl=info msg="join connections" obj=join id=fdf7d48f2b4f l=[::1]:3001 r=213.41.153.200:52412
t=2026-06-18T15:55:11+0100 lvl=info msg="join connections" obj=join id=1ed6d04cfd81 l=[::1]:3001 r=213.41.153.200:52412
t=2026-06-18T15:55:11+0100 lvl=info msg="join connections" obj=join id=0e607464a994 l=[::1]:3001 r=213.41.153.200:52412
t=2026-06-18T15:55:11+0100 lvl=info msg="join connections" obj=join id=50a3831df572 l=[::1]:3001 r=213.41.153.200:52412
t=2026-06-18T15:55:11+0100 lvl=info msg="join connections" obj=join id=317067968d31 l=[::1]:3001 r=213.41.153.200:52412
t=2026-06-18T15:55:11+0100 lvl=info msg="join connections" obj=join id=e238a7e1af20 l=[::1]:3001 r=213.41.153.200:52412
t=2026-06-18T15:55:11+0100 lvl=info msg="join connections" obj=join id=1dd84c7f4f4a l=[::1]:3001 r=213.41.153.200:52412
t=2026-06-18T15:55:11+0100 lvl=info msg="join connections" obj=join id=d54d87885810 l=[::1]:3001 r=213.41.153.200:52412
t=2026-06-18T16:00:12+0100 lvl=info msg="join connections" obj=join id=cf311522c10c l=[::1]:3001 r=213.41.153.200:64765
t=2026-06-18T16:58:47+0100 lvl=info msg="update available" obj=updater
t=2026-06-18T16:59:33+0100 lvl=info msg="join connections" obj=join id=97029b8ae4ec l=[::1]:3001 r=105.96.54.170:44922
t=2026-06-18T16:59:33+0100 lvl=info msg="join connections" obj=join id=e254da4c7779 l=[::1]:3001 r=105.96.54.170:44922
t=2026-06-18T16:59:33+0100 lvl=info msg="join connections" obj=join id=8e72190cb177 l=[::1]:3001 r=105.96.54.170:44922
t=2026-06-18T16:59:33+0100 lvl=info msg="join connections" obj=join id=0511ea1add5d l=[::1]:3001 r=105.96.54.170:44922
t=2026-06-18T16:59:33+0100 lvl=info msg="join connections" obj=join id=11a458234294 l=[::1]:3001 r=105.96.54.170:44922
t=2026-06-18T16:59:33+0100 lvl=info msg="join connections" obj=join id=6697ecd7859d l=[::1]:3001 r=105.96.54.170:44922
t=2026-06-18T16:59:33+0100 lvl=info msg="join connections" obj=join id=d0a82821b7a8 l=[::1]:3001 r=105.96.54.170:44922
t=2026-06-18T16:59:33+0100 lvl=info msg="join connections" obj=join id=77342545b737 l=[::1]:3001 r=105.96.54.170:44922
t=2026-06-18T16:59:33+0100 lvl=info msg="join connections" obj=join id=6f1027161ad2 l=[::1]:3001 r=105.96.54.170:44922
t=2026-06-18T16:59:33+0100 lvl=info msg="join connections" obj=join id=454fc3f009a5 l=[::1]:3001 r=105.96.54.170:44922
t=2026-06-18T16:59:33+0100 lvl=info msg="join connections" obj=join id=93d7c3ac0a41 l=[::1]:3001 r=105.96.54.170:44922
t=2026-06-18T17:00:09+0100 lvl=info msg="join connections" obj=join id=d2d7a289059b l=[::1]:3001 r=213.41.153.200:52540
t=2026-06-18T17:00:17+0100 lvl=info msg="join connections" obj=join id=6a591dc6e581 l=[::1]:3001 r=213.41.153.200:52540
t=2026-06-18T17:00:41+0100 lvl=info msg="join connections" obj=join id=bfd42deb22e0 l=[::1]:3001 r=213.41.153.200:52540
t=2026-06-18T17:00:41+0100 lvl=info msg="join connections" obj=join id=a88ab9052e86 l=[::1]:3001 r=213.41.153.200:52540
t=2026-06-18T17:00:41+0100 lvl=info msg="join connections" obj=join id=5e415c667dcb l=[::1]:3001 r=213.41.153.200:52540
t=2026-06-18T17:00:41+0100 lvl=info msg="join connections" obj=join id=32e3285677d2 l=[::1]:3001 r=213.41.153.200:52540
t=2026-06-18T17:00:41+0100 lvl=info msg="join connections" obj=join id=1b2ae61895e5 l=[::1]:3001 r=213.41.153.200:52540
t=2026-06-18T17:00:41+0100 lvl=info msg="join connections" obj=join id=c7a6875e7d8d l=[::1]:3001 r=213.41.153.200:52540
t=2026-06-18T17:00:41+0100 lvl=info msg="join connections" obj=join id=a785df2a354c l=[::1]:3001 r=213.41.153.200:52540
t=2026-06-18T17:00:41+0100 lvl=info msg="join connections" obj=join id=f6c4ec9bb7b4 l=[::1]:3001 r=213.41.153.200:52540
t=2026-06-18T17:00:41+0100 lvl=info msg="join connections" obj=join id=56bd04730738 l=[::1]:3001 r=213.41.153.200:52540
t=2026-06-18T17:00:41+0100 lvl=info msg="join connections" obj=join id=c16d14996aa5 l=[::1]:3001 r=213.41.153.200:52540
t=2026-06-18T17:00:41+0100 lvl=info msg="join connections" obj=join id=c310417132f9 l=[::1]:3001 r=213.41.153.200:52540
t=2026-06-18T17:00:41+0100 lvl=info msg="join connections" obj=join id=7a012128acaa l=[::1]:3001 r=213.41.153.200:52540
t=2026-06-18T17:00:41+0100 lvl=info msg="join connections" obj=join id=f0c30765af5f l=[::1]:3001 r=213.41.153.200:52540
t=2026-06-18T17:00:41+0100 lvl=info msg="join connections" obj=join id=d3c58af540a5 l=[::1]:3001 r=213.41.153.200:52540
t=2026-06-18T17:00:41+0100 lvl=info msg="join connections" obj=join id=e7b6d0f51d1f l=[::1]:3001 r=213.41.153.200:52540
t=2026-06-18T17:00:41+0100 lvl=info msg="join connections" obj=join id=553c550a3cd8 l=[::1]:3001 r=213.41.153.200:52540
t=2026-06-18T17:00:41+0100 lvl=info msg="join connections" obj=join id=be37ea92e97c l=[::1]:3001 r=213.41.153.200:52540
t=2026-06-18T17:00:41+0100 lvl=info msg="join connections" obj=join id=3c6a8c295b1c l=[::1]:3001 r=213.41.153.200:52540
t=2026-06-18T17:00:53+0100 lvl=info msg="join connections" obj=join id=e655cb953699 l=[::1]:3001 r=213.41.153.200:52540
t=2026-06-18T17:00:53+0100 lvl=info msg="join connections" obj=join id=518c7b63ab05 l=[::1]:3001 r=213.41.153.200:52540
t=2026-06-18T17:00:53+0100 lvl=info msg="join connections" obj=join id=cff7aee2e4ed l=[::1]:3001 r=213.41.153.200:52540
t=2026-06-18T17:00:54+0100 lvl=info msg="join connections" obj=join id=b23fdc1d98ab l=[::1]:3001 r=213.41.153.200:52540
t=2026-06-18T17:00:54+0100 lvl=info msg="join connections" obj=join id=95e7761587ec l=[::1]:3001 r=213.41.153.200:52540
t=2026-06-18T17:00:54+0100 lvl=info msg="join connections" obj=join id=2d08feae3232 l=[::1]:3001 r=213.41.153.200:52540
t=2026-06-18T17:00:54+0100 lvl=info msg="join connections" obj=join id=e98738b0583e l=[::1]:3001 r=213.41.153.200:52540
t=2026-06-18T17:00:54+0100 lvl=info msg="join connections" obj=join id=e2ff31436acb l=[::1]:3001 r=213.41.153.200:52540
t=2026-06-18T17:00:54+0100 lvl=info msg="join connections" obj=join id=fbec8fa5414f l=[::1]:3001 r=213.41.153.200:52540
t=2026-06-18T17:00:54+0100 lvl=info msg="join connections" obj=join id=82996b384aed l=[::1]:3001 r=213.41.153.200:52540
t=2026-06-18T17:01:06+0100 lvl=info msg="join connections" obj=join id=ab18a33be98e l=[::1]:3001 r=213.41.153.200:52540
t=2026-06-18T17:01:06+0100 lvl=info msg="join connections" obj=join id=0c0e243ee8f9 l=[::1]:3001 r=213.41.153.200:52540
t=2026-06-18T17:01:06+0100 lvl=info msg="join connections" obj=join id=e99c7c405ba5 l=[::1]:3001 r=213.41.153.200:52540
t=2026-06-18T17:01:06+0100 lvl=info msg="join connections" obj=join id=309a43c10bc8 l=[::1]:3001 r=213.41.153.200:52540
t=2026-06-18T17:01:06+0100 lvl=info msg="join connections" obj=join id=4950b12c3a5c l=[::1]:3001 r=213.41.153.200:52540
t=2026-06-18T17:01:06+0100 lvl=info msg="join connections" obj=join id=759383695715 l=[::1]:3001 r=213.41.153.200:52540
t=2026-06-18T17:01:06+0100 lvl=info msg="join connections" obj=join id=1a85e0054804 l=[::1]:3001 r=213.41.153.200:52540
t=2026-06-18T17:01:06+0100 lvl=info msg="join connections" obj=join id=51ec6b81386c l=[::1]:3001 r=213.41.153.200:52540
t=2026-06-18T17:01:06+0100 lvl=info msg="join connections" obj=join id=11c76dc7273d l=[::1]:3001 r=213.41.153.200:52540
t=2026-06-18T17:01:06+0100 lvl=info msg="join connections" obj=join id=0815166c777c l=[::1]:3001 r=213.41.153.200:52540
t=2026-06-18T17:01:06+0100 lvl=info msg="join connections" obj=join id=eb589a91a280 l=[::1]:3001 r=213.41.153.200:52540
t=2026-06-18T17:01:06+0100 lvl=info msg="join connections" obj=join id=a6b2df426376 l=[::1]:3001 r=213.41.153.200:52540
t=2026-06-18T17:01:06+0100 lvl=info msg="join connections" obj=join id=9102d53c9157 l=[::1]:3001 r=213.41.153.200:52540
t=2026-06-18T17:01:06+0100 lvl=info msg="join connections" obj=join id=54ced2b1a84d l=[::1]:3001 r=213.41.153.200:52540
t=2026-06-18T17:01:06+0100 lvl=info msg="join connections" obj=join id=c3766cd967ab l=[::1]:3001 r=213.41.153.200:52540
t=2026-06-18T17:01:06+0100 lvl=info msg="join connections" obj=join id=ae4c6e6df5c2 l=[::1]:3001 r=213.41.153.200:52540
t=2026-06-18T17:01:06+0100 lvl=info msg="join connections" obj=join id=dc49de89c38e l=[::1]:3001 r=213.41.153.200:52540
t=2026-06-18T17:01:06+0100 lvl=info msg="join connections" obj=join id=af3eff941234 l=[::1]:3001 r=213.41.153.200:52540
t=2026-06-18T17:01:06+0100 lvl=info msg="join connections" obj=join id=a79154aef4a7 l=[::1]:3001 r=213.41.153.200:52540
t=2026-06-18T17:01:06+0100 lvl=info msg="join connections" obj=join id=0e51a9c523c2 l=[::1]:3001 r=213.41.153.200:52540
t=2026-06-18T17:02:13+0100 lvl=info msg="join connections" obj=join id=eb93f9024a44 l=[::1]:3001 r=213.41.153.200:52540
t=2026-06-18T17:02:13+0100 lvl=info msg="join connections" obj=join id=c45071478fe3 l=[::1]:3001 r=213.41.153.200:52540
t=2026-06-18T17:02:13+0100 lvl=info msg="join connections" obj=join id=9e2d336ae4a3 l=[::1]:3001 r=213.41.153.200:52540
t=2026-06-18T17:02:13+0100 lvl=info msg="join connections" obj=join id=e9ece2404442 l=[::1]:3001 r=213.41.153.200:52540
t=2026-06-18T17:02:13+0100 lvl=info msg="join connections" obj=join id=df32bd0f6ed7 l=[::1]:3001 r=213.41.153.200:52540
t=2026-06-18T17:02:13+0100 lvl=info msg="join connections" obj=join id=9f138466cf8b l=[::1]:3001 r=213.41.153.200:52540
t=2026-06-18T17:02:13+0100 lvl=info msg="join connections" obj=join id=8af8006026d5 l=[::1]:3001 r=213.41.153.200:52540
t=2026-06-18T17:02:13+0100 lvl=info msg="join connections" obj=join id=a2b253014a13 l=[::1]:3001 r=213.41.153.200:52540
t=2026-06-18T17:02:13+0100 lvl=info msg="join connections" obj=join id=e368485946ca l=[::1]:3001 r=213.41.153.200:52540
t=2026-06-18T17:02:13+0100 lvl=info msg="join connections" obj=join id=311be01dc501 l=[::1]:3001 r=213.41.153.200:52540
t=2026-06-18T17:02:22+0100 lvl=info msg="join connections" obj=join id=465e5b44f54d l=[::1]:3001 r=213.41.153.200:52540
t=2026-06-18T17:02:22+0100 lvl=info msg="join connections" obj=join id=48941413ee21 l=[::1]:3001 r=213.41.153.200:52540
t=2026-06-18T17:02:36+0100 lvl=info msg="join connections" obj=join id=36c2088bcbc0 l=[::1]:3001 r=213.41.153.200:52540
t=2026-06-18T17:03:02+0100 lvl=info msg="join connections" obj=join id=504d10a1ce25 l=[::1]:3001 r=213.41.153.200:52540
t=2026-06-18T17:03:02+0100 lvl=info msg="join connections" obj=join id=358cf22837e9 l=[::1]:3001 r=213.41.153.200:52540
t=2026-06-18T17:32:16+0100 lvl=eror msg="heartbeat timeout, terminating session" obj=tunnels.session obj=csess id=15e6bdd26f74 clientid=f7fbaa4785bf30af9af54496a18fd84a
t=2026-06-18T17:32:16+0100 lvl=eror msg="session closed, starting reconnect loop" obj=tunnels.session obj=csess id=e956ee608946 err="session closed"
t=2026-06-18T17:32:16+0100 lvl=eror msg="failed to reconnect session" obj=tunnels.session err="failed to dial ngrok server with address \"connect.ngrok-agent.com:443\": dial tcp: lookup connect.ngrok-agent.com: no such host"
t=2026-06-18T17:32:17+0100 lvl=eror msg="failed to reconnect session" obj=tunnels.session err="failed to dial ngrok server with address \"connect.ngrok-agent.com:443\": dial tcp: lookup connect.ngrok-agent.com: no such host"
t=2026-06-18T17:32:18+0100 lvl=eror msg="failed to reconnect session" obj=tunnels.session err="failed to dial ngrok server with address \"connect.ngrok-agent.com:443\": dial tcp: lookup connect.ngrok-agent.com: no such host"
t=2026-06-18T17:32:20+0100 lvl=eror msg="failed to reconnect session" obj=tunnels.session err="failed to dial ngrok server with address \"connect.ngrok-agent.com:443\": dial tcp: lookup connect.ngrok-agent.com: no such host"
t=2026-06-18T17:32:24+0100 lvl=eror msg="failed to reconnect session" obj=tunnels.session err="failed to dial ngrok server with address \"connect.ngrok-agent.com:443\": dial tcp: lookup connect.ngrok-agent.com: no such host"
t=2026-06-18T17:32:32+0100 lvl=eror msg="failed to reconnect session" obj=tunnels.session err="failed to dial ngrok server with address \"connect.ngrok-agent.com:443\": dial tcp: lookup connect.ngrok-agent.com: no such host"
t=2026-06-18T17:32:48+0100 lvl=eror msg="failed to reconnect session" obj=tunnels.session err="failed to dial ngrok server with address \"connect.ngrok-agent.com:443\": dial tcp: lookup connect.ngrok-agent.com: no such host"
t=2026-06-18T17:33:18+0100 lvl=eror msg="failed to reconnect session" obj=tunnels.session err="failed to dial ngrok server with address \"connect.ngrok-agent.com:443\": dial tcp: lookup connect.ngrok-agent.com: no such host"
t=2026-06-18T17:33:48+0100 lvl=eror msg="failed to reconnect session" obj=tunnels.session err="failed to dial ngrok server with address \"connect.ngrok-agent.com:443\": dial tcp: lookup connect.ngrok-agent.com: no such host"
t=2026-06-18T17:34:18+0100 lvl=eror msg="failed to reconnect session" obj=tunnels.session err="failed to dial ngrok server with address \"connect.ngrok-agent.com:443\": dial tcp: lookup connect.ngrok-agent.com: no such host"
t=2026-06-18T17:34:48+0100 lvl=eror msg="failed to reconnect session" obj=tunnels.session err="failed to dial ngrok server with address \"connect.ngrok-agent.com:443\": dial tcp: lookup connect.ngrok-agent.com: no such host"
t=2026-06-18T17:35:18+0100 lvl=eror msg="failed to reconnect session" obj=tunnels.session err="failed to dial ngrok server with address \"connect.ngrok-agent.com:443\": dial tcp: lookup connect.ngrok-agent.com: no such host"
t=2026-06-18T17:35:48+0100 lvl=eror msg="failed to reconnect session" obj=tunnels.session err="failed to dial ngrok server with address \"connect.ngrok-agent.com:443\": dial tcp: lookup connect.ngrok-agent.com: no such host"
t=2026-06-18T17:36:18+0100 lvl=eror msg="failed to reconnect session" obj=tunnels.session err="failed to dial ngrok server with address \"connect.ngrok-agent.com:443\": dial tcp: lookup connect.ngrok-agent.com: no such host"
t=2026-06-18T17:36:48+0100 lvl=eror msg="failed to reconnect session" obj=tunnels.session err="failed to dial ngrok server with address \"connect.ngrok-agent.com:443\": dial tcp: lookup connect.ngrok-agent.com: no such host"
t=2026-06-18T17:37:18+0100 lvl=eror msg="failed to reconnect session" obj=tunnels.session err="failed to dial ngrok server with address \"connect.ngrok-agent.com:443\": dial tcp: lookup connect.ngrok-agent.com: no such host"
t=2026-06-18T17:37:48+0100 lvl=eror msg="failed to reconnect session" obj=tunnels.session err="failed to dial ngrok server with address \"connect.ngrok-agent.com:443\": dial tcp: lookup connect.ngrok-agent.com: no such host"
t=2026-06-18T17:38:18+0100 lvl=eror msg="failed to reconnect session" obj=tunnels.session err="failed to dial ngrok server with address \"connect.ngrok-agent.com:443\": dial tcp: lookup connect.ngrok-agent.com: no such host"
t=2026-06-18T17:38:48+0100 lvl=eror msg="failed to reconnect session" obj=tunnels.session err="failed to dial ngrok server with address \"connect.ngrok-agent.com:443\": dial tcp: lookup connect.ngrok-agent.com: no such host"
t=2026-06-18T17:39:18+0100 lvl=eror msg="failed to reconnect session" obj=tunnels.session err="failed to dial ngrok server with address \"connect.ngrok-agent.com:443\": dial tcp: lookup connect.ngrok-agent.com: no such host"
t=2026-06-18T17:39:48+0100 lvl=eror msg="failed to reconnect session" obj=tunnels.session err="failed to dial ngrok server with address \"connect.ngrok-agent.com:443\": dial tcp: lookup connect.ngrok-agent.com: no such host"
t=2026-06-18T17:40:18+0100 lvl=eror msg="failed to reconnect session" obj=tunnels.session err="failed to dial ngrok server with address \"connect.ngrok-agent.com:443\": dial tcp: lookup connect.ngrok-agent.com: no such host"
t=2026-06-18T17:40:48+0100 lvl=eror msg="failed to reconnect session" obj=tunnels.session err="failed to dial ngrok server with address \"connect.ngrok-agent.com:443\": dial tcp: lookup connect.ngrok-agent.com: no such host"
t=2026-06-18T17:41:18+0100 lvl=eror msg="failed to reconnect session" obj=tunnels.session err="failed to dial ngrok server with address \"connect.ngrok-agent.com:443\": dial tcp: lookup connect.ngrok-agent.com: no such host"
t=2026-06-18T17:41:48+0100 lvl=eror msg="failed to reconnect session" obj=tunnels.session err="failed to dial ngrok server with address \"connect.ngrok-agent.com:443\": dial tcp: lookup connect.ngrok-agent.com: no such host"
t=2026-06-18T17:42:18+0100 lvl=eror msg="failed to reconnect session" obj=tunnels.session err="failed to dial ngrok server with address \"connect.ngrok-agent.com:443\": dial tcp: lookup connect.ngrok-agent.com: no such host"
t=2026-06-18T17:42:48+0100 lvl=eror msg="failed to reconnect session" obj=tunnels.session err="failed to dial ngrok server with address \"connect.ngrok-agent.com:443\": dial tcp: lookup connect.ngrok-agent.com: no such host"
t=2026-06-18T17:43:18+0100 lvl=eror msg="failed to reconnect session" obj=tunnels.session err="failed to dial ngrok server with address \"connect.ngrok-agent.com:443\": dial tcp: lookup connect.ngrok-agent.com: no such host"
t=2026-06-18T17:43:48+0100 lvl=eror msg="failed to reconnect session" obj=tunnels.session err="failed to dial ngrok server with address \"connect.ngrok-agent.com:443\": dial tcp: lookup connect.ngrok-agent.com: no such host"
t=2026-06-18T17:44:18+0100 lvl=eror msg="failed to reconnect session" obj=tunnels.session err="failed to dial ngrok server with address \"connect.ngrok-agent.com:443\": dial tcp: lookup connect.ngrok-agent.com: no such host"
t=2026-06-18T17:44:49+0100 lvl=info msg="client session established" obj=tunnels.session
t=2026-06-18T17:44:49+0100 lvl=info msg="tunnel session started" obj=tunnels.session
t=2026-06-18T18:49:24+0100 lvl=info msg="join connections" obj=join id=04a6c2ba6ec6 l=[::1]:3001 r=196.41.241.29:58777
t=2026-06-18T18:49:24+0100 lvl=info msg="join connections" obj=join id=46dcc574b5cc l=[::1]:3001 r=196.41.241.29:58777
t=2026-06-18T18:49:25+0100 lvl=info msg="join connections" obj=join id=a2722edb11d7 l=[::1]:3001 r=196.41.241.29:58777
t=2026-06-18T18:49:25+0100 lvl=info msg="join connections" obj=join id=9f302acbe43d l=[::1]:3001 r=196.41.241.29:58777
t=2026-06-18T18:49:25+0100 lvl=info msg="join connections" obj=join id=cfe8cbe0d320 l=[::1]:3001 r=196.41.241.29:58777
t=2026-06-18T18:49:25+0100 lvl=info msg="join connections" obj=join id=5cfa9ba3087c l=[::1]:3001 r=196.41.241.29:58777
t=2026-06-18T18:49:25+0100 lvl=info msg="join connections" obj=join id=17c2309da60d l=[::1]:3001 r=196.41.241.29:58777
t=2026-06-18T18:49:26+0100 lvl=info msg="join connections" obj=join id=520dfa03f772 l=[::1]:3001 r=196.41.241.29:58777
t=2026-06-18T18:49:31+0100 lvl=info msg="join connections" obj=join id=d92786ba5255 l=[::1]:3001 r=196.41.241.29:58777
t=2026-06-18T18:49:31+0100 lvl=info msg="join connections" obj=join id=599b52605013 l=[::1]:3001 r=196.41.241.29:58777
t=2026-06-18T18:49:31+0100 lvl=info msg="join connections" obj=join id=a7712dd249d2 l=[::1]:3001 r=196.41.241.29:58777
t=2026-06-18T18:49:31+0100 lvl=info msg="join connections" obj=join id=671b14a2c4f7 l=[::1]:3001 r=196.41.241.29:58777
t=2026-06-18T18:49:31+0100 lvl=info msg="join connections" obj=join id=03b2b2bff9da l=[::1]:3001 r=196.41.241.29:58777
t=2026-06-18T18:49:31+0100 lvl=info msg="join connections" obj=join id=00a4b2cd34ef l=[::1]:3001 r=196.41.241.29:58777
t=2026-06-18T18:49:31+0100 lvl=info msg="join connections" obj=join id=3299ad801892 l=[::1]:3001 r=196.41.241.29:58777
t=2026-06-18T18:49:31+0100 lvl=info msg="join connections" obj=join id=62992da9ce2f l=[::1]:3001 r=196.41.241.29:58777
t=2026-06-18T18:49:31+0100 lvl=info msg="join connections" obj=join id=48e9b5474595 l=[::1]:3001 r=196.41.241.29:58777
t=2026-06-18T18:49:31+0100 lvl=info msg="join connections" obj=join id=e308de413fd1 l=[::1]:3001 r=196.41.241.29:58777
t=2026-06-18T18:49:35+0100 lvl=info msg="join connections" obj=join id=3eae40502299 l=[::1]:3001 r=196.41.241.29:58777
t=2026-06-18T18:49:35+0100 lvl=info msg="join connections" obj=join id=1b36a3380188 l=[::1]:3001 r=196.41.241.29:58777
t=2026-06-18T18:49:35+0100 lvl=info msg="join connections" obj=join id=2c242e1453b2 l=[::1]:3001 r=196.41.241.29:58777
t=2026-06-18T18:49:35+0100 lvl=info msg="join connections" obj=join id=eff940524b06 l=[::1]:3001 r=196.41.241.29:58777
t=2026-06-18T18:49:42+0100 lvl=info msg="join connections" obj=join id=a4c363d7bb47 l=[::1]:3001 r=196.41.241.29:58777
t=2026-06-18T18:49:48+0100 lvl=info msg="join connections" obj=join id=f24a502d2ffb l=[::1]:3001 r=196.41.241.29:58777
t=2026-06-18T18:49:48+0100 lvl=info msg="join connections" obj=join id=34de4bcf8f18 l=[::1]:3001 r=196.41.241.29:58777
t=2026-06-18T18:49:48+0100 lvl=info msg="join connections" obj=join id=1893196f1d10 l=[::1]:3001 r=196.41.241.29:58777
t=2026-06-18T18:49:48+0100 lvl=info msg="join connections" obj=join id=9b1a0713153c l=[::1]:3001 r=196.41.241.29:58777
t=2026-06-18T18:49:48+0100 lvl=info msg="join connections" obj=join id=ebd37166a77c l=[::1]:3001 r=196.41.241.29:58777
t=2026-06-18T18:49:49+0100 lvl=info msg="join connections" obj=join id=3b212dcaf96f l=[::1]:3001 r=196.41.241.29:58777
t=2026-06-18T18:49:49+0100 lvl=info msg="join connections" obj=join id=f1d17225fda0 l=[::1]:3001 r=196.41.241.29:58777
t=2026-06-18T18:49:49+0100 lvl=info msg="join connections" obj=join id=81291d6243a2 l=[::1]:3001 r=196.41.241.29:58777
t=2026-06-18T18:49:49+0100 lvl=info msg="join connections" obj=join id=e36e99dcf4c1 l=[::1]:3001 r=196.41.241.29:58777
t=2026-06-18T18:49:50+0100 lvl=info msg="join connections" obj=join id=ec861c9ccf3a l=[::1]:3001 r=196.41.241.29:58777
t=2026-06-18T18:49:51+0100 lvl=info msg="join connections" obj=join id=9b8a9b38f95d l=[::1]:3001 r=196.41.241.29:58777
t=2026-06-18T18:49:51+0100 lvl=info msg="join connections" obj=join id=f43100e6a24f l=[::1]:3001 r=196.41.241.29:58777
t=2026-06-18T18:49:51+0100 lvl=info msg="join connections" obj=join id=001770ad3c23 l=[::1]:3001 r=196.41.241.29:58777
t=2026-06-18T18:49:51+0100 lvl=info msg="join connections" obj=join id=95ce6036a096 l=[::1]:3001 r=196.41.241.29:58777
t=2026-06-18T18:49:51+0100 lvl=info msg="join connections" obj=join id=97bc20bedd35 l=[::1]:3001 r=196.41.241.29:58777
t=2026-06-18T18:49:51+0100 lvl=info msg="join connections" obj=join id=ca953d8755b2 l=[::1]:3001 r=196.41.241.29:58777
t=2026-06-18T18:51:57+0100 lvl=info msg="join connections" obj=join id=4df4f7125cb5 l=[::1]:3001 r=196.41.241.29:58777
t=2026-06-18T18:51:58+0100 lvl=info msg="join connections" obj=join id=35910480ee56 l=[::1]:3001 r=196.41.241.29:58777
t=2026-06-18T18:51:58+0100 lvl=info msg="join connections" obj=join id=5bdbbef038fb l=[::1]:3001 r=196.41.241.29:58777
t=2026-06-18T18:51:58+0100 lvl=info msg="join connections" obj=join id=19a2038395c2 l=[::1]:3001 r=196.41.241.29:58777
t=2026-06-18T18:51:58+0100 lvl=info msg="join connections" obj=join id=6410e77514c8 l=[::1]:3001 r=196.41.241.29:58777
t=2026-06-18T18:51:58+0100 lvl=info msg="join connections" obj=join id=af7d0ce3eaa8 l=[::1]:3001 r=196.41.241.29:58777
t=2026-06-18T18:51:59+0100 lvl=info msg="join connections" obj=join id=652f801a8028 l=[::1]:3001 r=196.41.241.29:58777
t=2026-06-18T18:51:59+0100 lvl=info msg="join connections" obj=join id=4389c50d44db l=[::1]:3001 r=196.41.241.29:58777
t=2026-06-18T18:51:59+0100 lvl=info msg="join connections" obj=join id=1dc2f07ec0c9 l=[::1]:3001 r=196.41.241.29:58777
t=2026-06-18T18:51:59+0100 lvl=info msg="join connections" obj=join id=b30ac7c5dc77 l=[::1]:3001 r=196.41.241.29:58777
t=2026-06-18T18:52:00+0100 lvl=info msg="join connections" obj=join id=18db65b06bb1 l=[::1]:3001 r=196.41.241.29:58777
t=2026-06-18T18:52:04+0100 lvl=info msg="join connections" obj=join id=8a2a1eab5847 l=[::1]:3001 r=196.41.241.29:58951
t=2026-06-18T18:52:04+0100 lvl=info msg="join connections" obj=join id=5ddc13c7a1aa l=[::1]:3001 r=196.41.241.29:58777
t=2026-06-18T18:52:04+0100 lvl=info msg="join connections" obj=join id=64d5175a88d4 l=[::1]:3001 r=196.41.241.29:58951
t=2026-06-18T18:52:04+0100 lvl=info msg="join connections" obj=join id=5224a3589afe l=[::1]:3001 r=196.41.241.29:58777
t=2026-06-18T18:52:04+0100 lvl=info msg="join connections" obj=join id=b79f659d0d65 l=[::1]:3001 r=196.41.241.29:58951
t=2026-06-18T18:52:04+0100 lvl=info msg="join connections" obj=join id=9ab1b6de1fa2 l=[::1]:3001 r=196.41.241.29:58951
t=2026-06-18T18:52:04+0100 lvl=info msg="join connections" obj=join id=7c17763c845d l=[::1]:3001 r=196.41.241.29:58951
t=2026-06-18T18:52:04+0100 lvl=info msg="join connections" obj=join id=45b0a6400b36 l=[::1]:3001 r=196.41.241.29:58951
t=2026-06-18T18:52:04+0100 lvl=info msg="join connections" obj=join id=7e2200cc5370 l=[::1]:3001 r=196.41.241.29:58951
t=2026-06-18T18:52:04+0100 lvl=info msg="join connections" obj=join id=cd65f0516abf l=[::1]:3001 r=196.41.241.29:58951
t=2026-06-18T18:52:04+0100 lvl=info msg="join connections" obj=join id=f52e4c826b8a l=[::1]:3001 r=196.41.241.29:58951
t=2026-06-18T18:52:04+0100 lvl=info msg="join connections" obj=join id=c6af8b4aa307 l=[::1]:3001 r=196.41.241.29:58951
t=2026-06-18T18:52:04+0100 lvl=info msg="join connections" obj=join id=1347e01eaca8 l=[::1]:3001 r=196.41.241.29:58951
t=2026-06-18T18:52:04+0100 lvl=info msg="join connections" obj=join id=aa513ca908b1 l=[::1]:3001 r=196.41.241.29:58951
t=2026-06-18T18:52:04+0100 lvl=info msg="join connections" obj=join id=523c1fa0de0c l=[::1]:3001 r=196.41.241.29:58951
t=2026-06-18T18:52:04+0100 lvl=info msg="join connections" obj=join id=e69cea3a19c7 l=[::1]:3001 r=196.41.241.29:58951
t=2026-06-18T18:52:04+0100 lvl=info msg="join connections" obj=join id=26a7aa81790a l=[::1]:3001 r=196.41.241.29:58951
t=2026-06-18T19:48:25+0100 lvl=eror msg="heartbeat timeout, terminating session" obj=tunnels.session obj=csess id=aa207bdb8f5b clientid=f7fbaa4785bf30af9af54496a18fd84a
t=2026-06-18T19:48:25+0100 lvl=eror msg="session closed, starting reconnect loop" obj=tunnels.session obj=csess id=e956ee608946 err="session closed"
t=2026-06-18T19:48:25+0100 lvl=eror msg="failed to reconnect session" obj=tunnels.session err="failed to dial ngrok server with address \"connect.ngrok-agent.com:443\": dial tcp: lookup connect.ngrok-agent.com: no such host"
t=2026-06-18T19:48:26+0100 lvl=eror msg="failed to reconnect session" obj=tunnels.session err="failed to dial ngrok server with address \"connect.ngrok-agent.com:443\": dial tcp: lookup connect.ngrok-agent.com: no such host"
t=2026-06-18T19:48:27+0100 lvl=eror msg="failed to reconnect session" obj=tunnels.session err="failed to dial ngrok server with address \"connect.ngrok-agent.com:443\": dial tcp: lookup connect.ngrok-agent.com: no such host"
t=2026-06-18T19:48:29+0100 lvl=eror msg="failed to reconnect session" obj=tunnels.session err="failed to dial ngrok server with address \"connect.ngrok-agent.com:443\": dial tcp: lookup connect.ngrok-agent.com: no such host"
t=2026-06-18T19:52:57+0100 lvl=eror msg="failed to reconnect session" obj=tunnels.session err="failed to dial ngrok server with address \"connect.ngrok-agent.com:443\": dial tcp: lookup connect.ngrok-agent.com: no such host"
t=2026-06-18T19:53:05+0100 lvl=eror msg="failed to reconnect session" obj=tunnels.session err="failed to dial ngrok server with address \"connect.ngrok-agent.com:443\": dial tcp: lookup connect.ngrok-agent.com: no such host"
t=2026-06-18T19:54:55+0100 lvl=eror msg="failed to reconnect session" obj=tunnels.session err="failed to dial ngrok server with address \"connect.ngrok-agent.com:443\": dial tcp: lookup connect.ngrok-agent.com: no such host"
t=2026-06-18T20:12:12+0100 lvl=eror msg="failed to reconnect session" obj=tunnels.session err="failed to dial ngrok server with address \"connect.ngrok-agent.com:443\": dial tcp: lookup connect.ngrok-agent.com: no such host"
t=2026-06-18T20:17:02+0100 lvl=eror msg="failed to reconnect session" obj=tunnels.session err="failed to dial ngrok server with address \"connect.ngrok-agent.com:443\": dial tcp: lookup connect.ngrok-agent.com: no such host"
t=2026-06-18T20:18:52+0100 lvl=eror msg="failed to reconnect session" obj=tunnels.session err="failed to dial ngrok server with address \"connect.ngrok-agent.com:443\": dial tcp: lookup connect.ngrok-agent.com: no such host"
t=2026-06-18T20:19:23+0100 lvl=eror msg="failed to reconnect session" obj=tunnels.session err="failed to dial ngrok server with address \"connect.ngrok-agent.com:443\": dial tcp: lookup connect.ngrok-agent.com: no such host"
t=2026-06-18T20:19:54+0100 lvl=eror msg="failed to reconnect session" obj=tunnels.session err="failed to dial ngrok server with address \"connect.ngrok-agent.com:443\": dial tcp: lookup connect.ngrok-agent.com: no such host"
t=2026-06-18T20:20:24+0100 lvl=eror msg="failed to reconnect session" obj=tunnels.session err="failed to dial ngrok server with address \"connect.ngrok-agent.com:443\": dial tcp: lookup connect.ngrok-agent.com: no such host"
t=2026-06-18T20:20:55+0100 lvl=eror msg="failed to reconnect session" obj=tunnels.session err="failed to dial ngrok server with address \"connect.ngrok-agent.com:443\": dial tcp: lookup connect.ngrok-agent.com: no such host"
t=2026-06-18T20:21:26+0100 lvl=eror msg="failed to reconnect session" obj=tunnels.session err="failed to dial ngrok server with address \"connect.ngrok-agent.com:443\": dial tcp: lookup connect.ngrok-agent.com: no such host"
t=2026-06-18T20:21:56+0100 lvl=eror msg="failed to reconnect session" obj=tunnels.session err="failed to dial ngrok server with address \"connect.ngrok-agent.com:443\": dial tcp: lookup connect.ngrok-agent.com: no such host"
t=2026-06-18T20:22:27+0100 lvl=eror msg="failed to reconnect session" obj=tunnels.session err="failed to dial ngrok server with address \"connect.ngrok-agent.com:443\": dial tcp: lookup connect.ngrok-agent.com: no such host"
t=2026-06-18T20:22:58+0100 lvl=eror msg="failed to reconnect session" obj=tunnels.session err="failed to dial ngrok server with address \"connect.ngrok-agent.com:443\": dial tcp: lookup connect.ngrok-agent.com: no such host"
t=2026-06-18T20:23:28+0100 lvl=eror msg="failed to reconnect session" obj=tunnels.session err="failed to dial ngrok server with address \"connect.ngrok-agent.com:443\": dial tcp: lookup connect.ngrok-agent.com: no such host"
t=2026-06-18T20:23:59+0100 lvl=eror msg="failed to reconnect session" obj=tunnels.session err="failed to dial ngrok server with address \"connect.ngrok-agent.com:443\": dial tcp: lookup connect.ngrok-agent.com: no such host"
t=2026-06-18T20:24:29+0100 lvl=eror msg="failed to reconnect session" obj=tunnels.session err="failed to dial ngrok server with address \"connect.ngrok-agent.com:443\": dial tcp: lookup connect.ngrok-agent.com: no such host"
t=2026-06-18T20:24:59+0100 lvl=eror msg="failed to reconnect session" obj=tunnels.session err="failed to dial ngrok server with address \"connect.ngrok-agent.com:443\": dial tcp: lookup connect.ngrok-agent.com: no such host"
t=2026-06-18T20:25:29+0100 lvl=eror msg="failed to reconnect session" obj=tunnels.session err="failed to dial ngrok server with address \"connect.ngrok-agent.com:443\": dial tcp: lookup connect.ngrok-agent.com: no such host"
t=2026-06-18T20:26:35+0100 lvl=eror msg="failed to reconnect session" obj=tunnels.session err="failed to dial ngrok server with address \"connect.ngrok-agent.com:443\": dial tcp: lookup connect.ngrok-agent.com: no such host"
t=2026-06-18T20:27:06+0100 lvl=eror msg="failed to reconnect session" obj=tunnels.session err="failed to dial ngrok server with address \"connect.ngrok-agent.com:443\": dial tcp: lookup connect.ngrok-agent.com: no such host"
t=2026-06-18T20:27:37+0100 lvl=eror msg="failed to reconnect session" obj=tunnels.session err="failed to dial ngrok server with address \"connect.ngrok-agent.com:443\": dial tcp: lookup connect.ngrok-agent.com: no such host"
t=2026-06-18T20:28:08+0100 lvl=eror msg="failed to reconnect session" obj=tunnels.session err="failed to dial ngrok server with address \"connect.ngrok-agent.com:443\": dial tcp: lookup connect.ngrok-agent.com: no such host"
t=2026-06-18T20:28:38+0100 lvl=eror msg="failed to reconnect session" obj=tunnels.session err="failed to dial ngrok server with address \"connect.ngrok-agent.com:443\": dial tcp: lookup connect.ngrok-agent.com: no such host"
t=2026-06-18T20:29:09+0100 lvl=eror msg="failed to reconnect session" obj=tunnels.session err="failed to dial ngrok server with address \"connect.ngrok-agent.com:443\": dial tcp: lookup connect.ngrok-agent.com: no such host"
t=2026-06-18T20:29:40+0100 lvl=eror msg="failed to reconnect session" obj=tunnels.session err="failed to dial ngrok server with address \"connect.ngrok-agent.com:443\": dial tcp: lookup connect.ngrok-agent.com: no such host"
t=2026-06-18T20:30:10+0100 lvl=eror msg="failed to reconnect session" obj=tunnels.session err="failed to dial ngrok server with address \"connect.ngrok-agent.com:443\": dial tcp: lookup connect.ngrok-agent.com: no such host"
t=2026-06-18T20:30:41+0100 lvl=eror msg="failed to reconnect session" obj=tunnels.session err="failed to dial ngrok server with address \"connect.ngrok-agent.com:443\": dial tcp: lookup connect.ngrok-agent.com: no such host"
t=2026-06-18T20:31:14+0100 lvl=eror msg="failed to reconnect session" obj=tunnels.session err="failed to dial ngrok server with address \"connect.ngrok-agent.com:443\": dial tcp: lookup connect.ngrok-agent.com: no such host"
t=2026-06-18T20:31:49+0100 lvl=eror msg="failed to reconnect session" obj=tunnels.session err="failed to dial ngrok server with address \"connect.ngrok-agent.com:443\": dial tcp: lookup connect.ngrok-agent.com: no such host"
t=2026-06-18T20:32:22+0100 lvl=eror msg="failed to reconnect session" obj=tunnels.session err="failed to dial ngrok server with address \"connect.ngrok-agent.com:443\": dial tcp: lookup connect.ngrok-agent.com: no such host"
t=2026-06-18T20:32:57+0100 lvl=eror msg="failed to reconnect session" obj=tunnels.session err="failed to dial ngrok server with address \"connect.ngrok-agent.com:443\": dial tcp: lookup connect.ngrok-agent.com: no such host"
t=2026-06-18T20:33:29+0100 lvl=eror msg="failed to reconnect session" obj=tunnels.session err="failed to dial ngrok server with address \"connect.ngrok-agent.com:443\": dial tcp: lookup connect.ngrok-agent.com: no such host"
t=2026-06-18T20:34:06+0100 lvl=eror msg="failed to reconnect session" obj=tunnels.session err="failed to dial ngrok server with address \"connect.ngrok-agent.com:443\": dial tcp: lookup connect.ngrok-agent.com: no such host"
t=2026-06-18T20:34:36+0100 lvl=eror msg="failed to reconnect session" obj=tunnels.session err="failed to dial ngrok server with address \"connect.ngrok-agent.com:443\": dial tcp: lookup connect.ngrok-agent.com: no such host"
t=2026-06-18T20:35:41+0100 lvl=eror msg="failed to reconnect session" obj=tunnels.session err="failed to dial ngrok server with address \"connect.ngrok-agent.com:443\": dial tcp: lookup connect.ngrok-agent.com: no such host"
t=2026-06-18T20:36:17+0100 lvl=eror msg="failed to reconnect session" obj=tunnels.session err="failed to dial ngrok server with address \"connect.ngrok-agent.com:443\": dial tcp: lookup connect.ngrok-agent.com: no such host"
t=2026-06-18T20:37:28+0100 lvl=eror msg="failed to reconnect session" obj=tunnels.session err="failed to dial ngrok server with address \"connect.ngrok-agent.com:443\": dial tcp: lookup connect.ngrok-agent.com: no such host"
t=2026-06-18T20:38:02+0100 lvl=eror msg="failed to reconnect session" obj=tunnels.session err="failed to dial ngrok server with address \"connect.ngrok-agent.com:443\": dial tcp: lookup connect.ngrok-agent.com: no such host"
t=2026-06-18T20:39:43+0100 lvl=eror msg="failed to reconnect session" obj=tunnels.session err="failed to dial ngrok server with address \"connect.ngrok-agent.com:443\": dial tcp: lookup connect.ngrok-agent.com: no such host"
t=2026-06-18T20:40:14+0100 lvl=eror msg="failed to reconnect session" obj=tunnels.session err="failed to dial ngrok server with address \"connect.ngrok-agent.com:443\": dial tcp: lookup connect.ngrok-agent.com: no such host"
t=2026-06-18T20:40:44+0100 lvl=eror msg="failed to reconnect session" obj=tunnels.session err="failed to dial ngrok server with address \"connect.ngrok-agent.com:443\": dial tcp: lookup connect.ngrok-agent.com: no such host"
t=2026-06-18T20:41:17+0100 lvl=eror msg="failed to reconnect session" obj=tunnels.session err="failed to dial ngrok server with address \"connect.ngrok-agent.com:443\": dial tcp: lookup connect.ngrok-agent.com: no such host"
t=2026-06-18T20:43:03+0100 lvl=eror msg="failed to reconnect session" obj=tunnels.session err="failed to dial ngrok server with address \"connect.ngrok-agent.com:443\": dial tcp: lookup connect.ngrok-agent.com: no such host"
t=2026-06-18T20:43:35+0100 lvl=eror msg="failed to reconnect session" obj=tunnels.session err="failed to dial ngrok server with address \"connect.ngrok-agent.com:443\": dial tcp: lookup connect.ngrok-agent.com: no such host"
t=2026-06-18T20:44:06+0100 lvl=eror msg="failed to reconnect session" obj=tunnels.session err="failed to dial ngrok server with address \"connect.ngrok-agent.com:443\": dial tcp: lookup connect.ngrok-agent.com: no such host"
t=2026-06-18T20:44:36+0100 lvl=eror msg="failed to reconnect session" obj=tunnels.session err="failed to dial ngrok server with address \"connect.ngrok-agent.com:443\": dial tcp: lookup connect.ngrok-agent.com: no such host"
t=2026-06-18T21:02:54+0100 lvl=eror msg="failed to reconnect session" obj=tunnels.session err="failed to dial ngrok server with address \"connect.ngrok-agent.com:443\": dial tcp: lookup connect.ngrok-agent.com: no such host"
t=2026-06-18T21:04:50+0100 lvl=eror msg="failed to reconnect session" obj=tunnels.session err="failed to dial ngrok server with address \"connect.ngrok-agent.com:443\": dial tcp: lookup connect.ngrok-agent.com: no such host"
t=2026-06-18T21:05:59+0100 lvl=eror msg="failed to reconnect session" obj=tunnels.session err="failed to dial ngrok server with address \"connect.ngrok-agent.com:443\": dial tcp: lookup connect.ngrok-agent.com: no such host"
t=2026-06-18T21:06:30+0100 lvl=eror msg="failed to reconnect session" obj=tunnels.session err="failed to dial ngrok server with address \"connect.ngrok-agent.com:443\": dial tcp: lookup connect.ngrok-agent.com: no such host"
t=2026-06-18T21:07:45+0100 lvl=eror msg="failed to reconnect session" obj=tunnels.session err="failed to dial ngrok server with address \"connect.ngrok-agent.com:443\": dial tcp: lookup connect.ngrok-agent.com: no such host"
t=2026-06-18T21:26:29+0100 lvl=eror msg="failed to reconnect session" obj=tunnels.session err="failed to dial ngrok server with address \"connect.ngrok-agent.com:443\": dial tcp: lookup connect.ngrok-agent.com: no such host"
t=2026-06-18T21:28:59+0100 lvl=eror msg="failed to reconnect session" obj=tunnels.session err="failed to dial ngrok server with address \"connect.ngrok-agent.com:443\": dial tcp: lookup connect.ngrok-agent.com: no such host"
t=2026-06-18T21:30:51+0100 lvl=eror msg="failed to reconnect session" obj=tunnels.session err="failed to dial ngrok server with address \"connect.ngrok-agent.com:443\": dial tcp: lookup connect.ngrok-agent.com: no such host"
t=2026-06-18T21:32:00+0100 lvl=eror msg="failed to reconnect session" obj=tunnels.session err="failed to dial ngrok server with address \"connect.ngrok-agent.com:443\": dial tcp: lookup connect.ngrok-agent.com: no such host"
t=2026-06-18T21:32:31+0100 lvl=eror msg="failed to reconnect session" obj=tunnels.session err="failed to dial ngrok server with address \"connect.ngrok-agent.com:443\": dial tcp: lookup connect.ngrok-agent.com: no such host"
t=2026-06-18T21:33:01+0100 lvl=eror msg="failed to reconnect session" obj=tunnels.session err="failed to dial ngrok server with address \"connect.ngrok-agent.com:443\": dial tcp: lookup connect.ngrok-agent.com: no such host"
t=2026-06-18T21:36:57+0100 lvl=eror msg="failed to reconnect session" obj=tunnels.session err="failed to dial ngrok server with address \"connect.ngrok-agent.com:443\": dial tcp: lookup connect.ngrok-agent.com: no such host"
t=2026-06-18T21:38:17+0100 lvl=eror msg="failed to reconnect session" obj=tunnels.session err="failed to dial ngrok server with address \"connect.ngrok-agent.com:443\": dial tcp: lookup connect.ngrok-agent.com: no such host"
t=2026-06-18T21:39:18+0100 lvl=eror msg="failed to reconnect session" obj=tunnels.session err="failed to dial ngrok server with address \"connect.ngrok-agent.com:443\": dial tcp: lookup connect.ngrok-agent.com: no such host"
t=2026-06-18T21:44:40+0100 lvl=eror msg="failed to reconnect session" obj=tunnels.session err="failed to dial ngrok server with address \"connect.ngrok-agent.com:443\": dial tcp: lookup connect.ngrok-agent.com: no such host"
t=2026-06-18T22:03:05+0100 lvl=eror msg="failed to reconnect session" obj=tunnels.session err="failed to dial ngrok server with address \"connect.ngrok-agent.com:443\": dial tcp: lookup connect.ngrok-agent.com: no such host"
t=2026-06-18T22:08:01+0100 lvl=eror msg="failed to reconnect session" obj=tunnels.session err="failed to dial ngrok server with address \"connect.ngrok-agent.com:443\": dial tcp: lookup connect.ngrok-agent.com: no such host"
t=2026-06-18T22:18:28+0100 lvl=eror msg="failed to reconnect session" obj=tunnels.session err="failed to dial ngrok server with address \"connect.ngrok-agent.com:443\": dial tcp: lookup connect.ngrok-agent.com: no such host"
t=2026-06-18T22:18:58+0100 lvl=eror msg="failed to reconnect session" obj=tunnels.session err="failed to dial ngrok server with address \"connect.ngrok-agent.com:443\": dial tcp: lookup connect.ngrok-agent.com: no such host"
t=2026-06-18T22:19:29+0100 lvl=eror msg="failed to reconnect session" obj=tunnels.session err="failed to dial ngrok server with address \"connect.ngrok-agent.com:443\": dial tcp: lookup connect.ngrok-agent.com: no such host"
t=2026-06-18T22:30:04+0100 lvl=eror msg="failed to reconnect session" obj=tunnels.session err="failed to dial ngrok server with address \"connect.ngrok-agent.com:443\": dial tcp: lookup connect.ngrok-agent.com: no such host"
t=2026-06-18T22:30:34+0100 lvl=eror msg="failed to reconnect session" obj=tunnels.session err="failed to dial ngrok server with address \"connect.ngrok-agent.com:443\": dial tcp: lookup connect.ngrok-agent.com: no such host"
t=2026-06-18T22:31:04+0100 lvl=eror msg="failed to reconnect session" obj=tunnels.session err="failed to dial ngrok server with address \"connect.ngrok-agent.com:443\": dial tcp: lookup connect.ngrok-agent.com: no such host"
t=2026-06-18T22:31:34+0100 lvl=eror msg="failed to reconnect session" obj=tunnels.session err="failed to dial ngrok server with address \"connect.ngrok-agent.com:443\": dial tcp: lookup connect.ngrok-agent.com: no such host"
t=2026-06-18T22:32:04+0100 lvl=eror msg="failed to reconnect session" obj=tunnels.session err="failed to dial ngrok server with address \"connect.ngrok-agent.com:443\": dial tcp: lookup connect.ngrok-agent.com: no such host"
t=2026-06-18T22:32:34+0100 lvl=eror msg="failed to reconnect session" obj=tunnels.session err="failed to dial ngrok server with address \"connect.ngrok-agent.com:443\": dial tcp: lookup connect.ngrok-agent.com: no such host"
t=2026-06-18T22:33:04+0100 lvl=eror msg="failed to reconnect session" obj=tunnels.session err="failed to dial ngrok server with address \"connect.ngrok-agent.com:443\": dial tcp: lookup connect.ngrok-agent.com: no such host"
t=2026-06-18T22:33:34+0100 lvl=eror msg="failed to reconnect session" obj=tunnels.session err="failed to dial ngrok server with address \"connect.ngrok-agent.com:443\": dial tcp: lookup connect.ngrok-agent.com: no such host"
t=2026-06-18T22:34:07+0100 lvl=info msg="client session established" obj=tunnels.session
t=2026-06-18T22:34:07+0100 lvl=info msg="tunnel session started" obj=tunnels.session
t=2026-06-18T22:37:05+0100 lvl=eror msg="heartbeat timeout, terminating session" obj=tunnels.session obj=csess id=611b69bc4dc8 clientid=f7fbaa4785bf30af9af54496a18fd84a
t=2026-06-18T22:37:05+0100 lvl=eror msg="session closed, starting reconnect loop" obj=tunnels.session obj=csess id=e956ee608946 err="session closed"
t=2026-06-18T22:37:05+0100 lvl=eror msg="failed to reconnect session" obj=tunnels.session err="failed to dial ngrok server with address \"connect.ngrok-agent.com:443\": dial tcp: lookup connect.ngrok-agent.com: no such host"
t=2026-06-18T22:37:06+0100 lvl=eror msg="failed to reconnect session" obj=tunnels.session err="failed to dial ngrok server with address \"connect.ngrok-agent.com:443\": dial tcp: lookup connect.ngrok-agent.com: no such host"
t=2026-06-18T22:37:07+0100 lvl=eror msg="failed to reconnect session" obj=tunnels.session err="failed to dial ngrok server with address \"connect.ngrok-agent.com:443\": dial tcp: lookup connect.ngrok-agent.com: no such host"
t=2026-06-18T22:37:09+0100 lvl=eror msg="failed to reconnect session" obj=tunnels.session err="failed to dial ngrok server with address \"connect.ngrok-agent.com:443\": dial tcp: lookup connect.ngrok-agent.com: no such host"
t=2026-06-18T22:37:13+0100 lvl=eror msg="failed to reconnect session" obj=tunnels.session err="failed to dial ngrok server with address \"connect.ngrok-agent.com:443\": dial tcp: lookup connect.ngrok-agent.com: no such host"
t=2026-06-18T22:37:21+0100 lvl=eror msg="failed to reconnect session" obj=tunnels.session err="failed to dial ngrok server with address \"connect.ngrok-agent.com:443\": dial tcp: lookup connect.ngrok-agent.com: no such host"
t=2026-06-18T22:37:37+0100 lvl=eror msg="failed to reconnect session" obj=tunnels.session err="failed to dial ngrok server with address \"connect.ngrok-agent.com:443\": dial tcp: lookup connect.ngrok-agent.com: no such host"
t=2026-06-18T22:38:07+0100 lvl=eror msg="failed to reconnect session" obj=tunnels.session err="failed to dial ngrok server with address \"connect.ngrok-agent.com:443\": dial tcp: lookup connect.ngrok-agent.com: no such host"
t=2026-06-18T22:38:37+0100 lvl=eror msg="failed to reconnect session" obj=tunnels.session err="failed to dial ngrok server with address \"connect.ngrok-agent.com:443\": dial tcp: lookup connect.ngrok-agent.com: no such host"
t=2026-06-18T22:39:07+0100 lvl=eror msg="failed to reconnect session" obj=tunnels.session err="failed to dial ngrok server with address \"connect.ngrok-agent.com:443\": dial tcp: lookup connect.ngrok-agent.com: no such host"
t=2026-06-18T22:39:37+0100 lvl=eror msg="failed to reconnect session" obj=tunnels.session err="failed to dial ngrok server with address \"connect.ngrok-agent.com:443\": dial tcp: lookup connect.ngrok-agent.com: no such host"
t=2026-06-18T22:40:07+0100 lvl=eror msg="failed to reconnect session" obj=tunnels.session err="failed to dial ngrok server with address \"connect.ngrok-agent.com:443\": dial tcp: lookup connect.ngrok-agent.com: no such host"
t=2026-06-18T22:40:37+0100 lvl=eror msg="failed to reconnect session" obj=tunnels.session err="failed to dial ngrok server with address \"connect.ngrok-agent.com:443\": dial tcp: lookup connect.ngrok-agent.com: no such host"
t=2026-06-18T22:41:07+0100 lvl=eror msg="failed to reconnect session" obj=tunnels.session err="failed to dial ngrok server with address \"connect.ngrok-agent.com:443\": dial tcp: lookup connect.ngrok-agent.com: no such host"
t=2026-06-18T22:41:37+0100 lvl=eror msg="failed to reconnect session" obj=tunnels.session err="failed to dial ngrok server with address \"connect.ngrok-agent.com:443\": dial tcp: lookup connect.ngrok-agent.com: no such host"
t=2026-06-18T22:42:07+0100 lvl=eror msg="failed to reconnect session" obj=tunnels.session err="failed to dial ngrok server with address \"connect.ngrok-agent.com:443\": dial tcp: lookup connect.ngrok-agent.com: no such host"
t=2026-06-18T22:42:37+0100 lvl=eror msg="failed to reconnect session" obj=tunnels.session err="failed to dial ngrok server with address \"connect.ngrok-agent.com:443\": dial tcp: lookup connect.ngrok-agent.com: no such host"
t=2026-06-18T22:43:07+0100 lvl=eror msg="failed to reconnect session" obj=tunnels.session err="failed to dial ngrok server with address \"connect.ngrok-agent.com:443\": dial tcp: lookup connect.ngrok-agent.com: no such host"
t=2026-06-18T22:43:37+0100 lvl=eror msg="failed to reconnect session" obj=tunnels.session err="failed to dial ngrok server with address \"connect.ngrok-agent.com:443\": dial tcp: lookup connect.ngrok-agent.com: no such host"
t=2026-06-18T22:44:07+0100 lvl=eror msg="failed to reconnect session" obj=tunnels.session err="failed to dial ngrok server with address \"connect.ngrok-agent.com:443\": dial tcp: lookup connect.ngrok-agent.com: no such host"
t=2026-06-18T22:44:37+0100 lvl=eror msg="failed to reconnect session" obj=tunnels.session err="failed to dial ngrok server with address \"connect.ngrok-agent.com:443\": dial tcp: lookup connect.ngrok-agent.com: no such host"
t=2026-06-18T22:45:07+0100 lvl=eror msg="failed to reconnect session" obj=tunnels.session err="failed to dial ngrok server with address \"connect.ngrok-agent.com:443\": dial tcp: lookup connect.ngrok-agent.com: no such host"
t=2026-06-18T22:45:37+0100 lvl=eror msg="failed to reconnect session" obj=tunnels.session err="failed to dial ngrok server with address \"connect.ngrok-agent.com:443\": dial tcp: lookup connect.ngrok-agent.com: no such host"
t=2026-06-18T22:46:07+0100 lvl=eror msg="failed to reconnect session" obj=tunnels.session err="failed to dial ngrok server with address \"connect.ngrok-agent.com:443\": dial tcp: lookup connect.ngrok-agent.com: no such host"
t=2026-06-18T22:46:37+0100 lvl=eror msg="failed to reconnect session" obj=tunnels.session err="failed to dial ngrok server with address \"connect.ngrok-agent.com:443\": dial tcp: lookup connect.ngrok-agent.com: no such host"
t=2026-06-18T22:47:07+0100 lvl=eror msg="failed to reconnect session" obj=tunnels.session err="failed to dial ngrok server with address \"connect.ngrok-agent.com:443\": dial tcp: lookup connect.ngrok-agent.com: no such host"
t=2026-06-18T22:47:37+0100 lvl=eror msg="failed to reconnect session" obj=tunnels.session err="failed to dial ngrok server with address \"connect.ngrok-agent.com:443\": dial tcp: lookup connect.ngrok-agent.com: no such host"
t=2026-06-18T22:48:07+0100 lvl=eror msg="failed to reconnect session" obj=tunnels.session err="failed to dial ngrok server with address \"connect.ngrok-agent.com:443\": dial tcp: lookup connect.ngrok-agent.com: no such host"
t=2026-06-18T22:48:37+0100 lvl=eror msg="failed to reconnect session" obj=tunnels.session err="failed to dial ngrok server with address \"connect.ngrok-agent.com:443\": dial tcp: lookup connect.ngrok-agent.com: no such host"
t=2026-06-18T22:49:07+0100 lvl=eror msg="failed to reconnect session" obj=tunnels.session err="failed to dial ngrok server with address \"connect.ngrok-agent.com:443\": dial tcp: lookup connect.ngrok-agent.com: no such host"
t=2026-06-18T22:49:37+0100 lvl=eror msg="failed to reconnect session" obj=tunnels.session err="failed to dial ngrok server with address \"connect.ngrok-agent.com:443\": dial tcp: lookup connect.ngrok-agent.com: no such host"
t=2026-06-18T22:50:07+0100 lvl=eror msg="failed to reconnect session" obj=tunnels.session err="failed to dial ngrok server with address \"connect.ngrok-agent.com:443\": dial tcp: lookup connect.ngrok-agent.com: no such host"
t=2026-06-18T22:50:37+0100 lvl=eror msg="failed to reconnect session" obj=tunnels.session err="failed to dial ngrok server with address \"connect.ngrok-agent.com:443\": dial tcp: lookup connect.ngrok-agent.com: no such host"
t=2026-06-18T22:51:07+0100 lvl=eror msg="failed to reconnect session" obj=tunnels.session err="failed to dial ngrok server with address \"connect.ngrok-agent.com:443\": dial tcp: lookup connect.ngrok-agent.com: no such host"
t=2026-06-18T22:51:37+0100 lvl=eror msg="failed to reconnect session" obj=tunnels.session err="failed to dial ngrok server with address \"connect.ngrok-agent.com:443\": dial tcp: lookup connect.ngrok-agent.com: no such host"
t=2026-06-18T22:52:07+0100 lvl=eror msg="failed to reconnect session" obj=tunnels.session err="failed to dial ngrok server with address \"connect.ngrok-agent.com:443\": dial tcp: lookup connect.ngrok-agent.com: no such host"
t=2026-06-18T22:52:37+0100 lvl=eror msg="failed to reconnect session" obj=tunnels.session err="failed to dial ngrok server with address \"connect.ngrok-agent.com:443\": dial tcp: lookup connect.ngrok-agent.com: no such host"
t=2026-06-18T22:53:07+0100 lvl=eror msg="failed to reconnect session" obj=tunnels.session err="failed to dial ngrok server with address \"connect.ngrok-agent.com:443\": dial tcp: lookup connect.ngrok-agent.com: no such host"
t=2026-06-18T22:53:37+0100 lvl=eror msg="failed to reconnect session" obj=tunnels.session err="failed to dial ngrok server with address \"connect.ngrok-agent.com:443\": dial tcp: lookup connect.ngrok-agent.com: no such host"
t=2026-06-18T22:54:07+0100 lvl=eror msg="failed to reconnect session" obj=tunnels.session err="failed to dial ngrok server with address \"connect.ngrok-agent.com:443\": dial tcp: lookup connect.ngrok-agent.com: no such host"
t=2026-06-18T22:54:37+0100 lvl=eror msg="failed to reconnect session" obj=tunnels.session err="failed to dial ngrok server with address \"connect.ngrok-agent.com:443\": dial tcp: lookup connect.ngrok-agent.com: no such host"
t=2026-06-18T22:55:07+0100 lvl=eror msg="failed to reconnect session" obj=tunnels.session err="failed to dial ngrok server with address \"connect.ngrok-agent.com:443\": dial tcp: lookup connect.ngrok-agent.com: no such host"
t=2026-06-18T22:55:37+0100 lvl=eror msg="failed to reconnect session" obj=tunnels.session err="failed to dial ngrok server with address \"connect.ngrok-agent.com:443\": dial tcp: lookup connect.ngrok-agent.com: no such host"
t=2026-06-18T22:56:07+0100 lvl=eror msg="failed to reconnect session" obj=tunnels.session err="failed to dial ngrok server with address \"connect.ngrok-agent.com:443\": dial tcp: lookup connect.ngrok-agent.com: no such host"
t=2026-06-18T22:56:37+0100 lvl=eror msg="failed to reconnect session" obj=tunnels.session err="failed to dial ngrok server with address \"connect.ngrok-agent.com:443\": dial tcp: lookup connect.ngrok-agent.com: no such host"
t=2026-06-18T22:57:07+0100 lvl=eror msg="failed to reconnect session" obj=tunnels.session err="failed to dial ngrok server with address \"connect.ngrok-agent.com:443\": dial tcp: lookup connect.ngrok-agent.com: no such host"
t=2026-06-18T22:57:37+0100 lvl=eror msg="failed to reconnect session" obj=tunnels.session err="failed to dial ngrok server with address \"connect.ngrok-agent.com:443\": dial tcp: lookup connect.ngrok-agent.com: no such host"
t=2026-06-18T22:58:07+0100 lvl=eror msg="failed to reconnect session" obj=tunnels.session err="failed to dial ngrok server with address \"connect.ngrok-agent.com:443\": dial tcp: lookup connect.ngrok-agent.com: no such host"
t=2026-06-18T22:58:37+0100 lvl=eror msg="failed to reconnect session" obj=tunnels.session err="failed to dial ngrok server with address \"connect.ngrok-agent.com:443\": dial tcp: lookup connect.ngrok-agent.com: no such host"
t=2026-06-18T22:59:07+0100 lvl=eror msg="failed to reconnect session" obj=tunnels.session err="failed to dial ngrok server with address \"connect.ngrok-agent.com:443\": dial tcp: lookup connect.ngrok-agent.com: no such host"
t=2026-06-18T22:59:37+0100 lvl=eror msg="failed to reconnect session" obj=tunnels.session err="failed to dial ngrok server with address \"connect.ngrok-agent.com:443\": dial tcp: lookup connect.ngrok-agent.com: no such host"
t=2026-06-18T23:00:07+0100 lvl=eror msg="failed to reconnect session" obj=tunnels.session err="failed to dial ngrok server with address \"connect.ngrok-agent.com:443\": dial tcp: lookup connect.ngrok-agent.com: no such host"
t=2026-06-18T23:00:37+0100 lvl=eror msg="failed to reconnect session" obj=tunnels.session err="failed to dial ngrok server with address \"connect.ngrok-agent.com:443\": dial tcp: lookup connect.ngrok-agent.com: no such host"
t=2026-06-18T23:01:07+0100 lvl=eror msg="failed to reconnect session" obj=tunnels.session err="failed to dial ngrok server with address \"connect.ngrok-agent.com:443\": dial tcp: lookup connect.ngrok-agent.com: no such host"
t=2026-06-18T23:01:37+0100 lvl=eror msg="failed to reconnect session" obj=tunnels.session err="failed to dial ngrok server with address \"connect.ngrok-agent.com:443\": dial tcp: lookup connect.ngrok-agent.com: no such host"
t=2026-06-18T23:02:07+0100 lvl=eror msg="failed to reconnect session" obj=tunnels.session err="failed to dial ngrok server with address \"connect.ngrok-agent.com:443\": dial tcp: lookup connect.ngrok-agent.com: no such host"
t=2026-06-18T23:02:37+0100 lvl=eror msg="failed to reconnect session" obj=tunnels.session err="failed to dial ngrok server with address \"connect.ngrok-agent.com:443\": dial tcp: lookup connect.ngrok-agent.com: no such host"
t=2026-06-18T23:03:07+0100 lvl=eror msg="failed to reconnect session" obj=tunnels.session err="failed to dial ngrok server with address \"connect.ngrok-agent.com:443\": dial tcp: lookup connect.ngrok-agent.com: no such host"
t=2026-06-18T23:03:37+0100 lvl=eror msg="failed to reconnect session" obj=tunnels.session err="failed to dial ngrok server with address \"connect.ngrok-agent.com:443\": dial tcp: lookup connect.ngrok-agent.com: no such host"
t=2026-06-18T23:04:07+0100 lvl=eror msg="failed to reconnect session" obj=tunnels.session err="failed to dial ngrok server with address \"connect.ngrok-agent.com:443\": dial tcp: lookup connect.ngrok-agent.com: no such host"
t=2026-06-18T23:04:37+0100 lvl=eror msg="failed to reconnect session" obj=tunnels.session err="failed to dial ngrok server with address \"connect.ngrok-agent.com:443\": dial tcp: lookup connect.ngrok-agent.com: no such host"
t=2026-06-18T23:05:07+0100 lvl=eror msg="failed to reconnect session" obj=tunnels.session err="failed to dial ngrok server with address \"connect.ngrok-agent.com:443\": dial tcp: lookup connect.ngrok-agent.com: no such host"
t=2026-06-18T23:05:37+0100 lvl=eror msg="failed to reconnect session" obj=tunnels.session err="failed to dial ngrok server with address \"connect.ngrok-agent.com:443\": dial tcp: lookup connect.ngrok-agent.com: no such host"
t=2026-06-18T23:06:07+0100 lvl=eror msg="failed to reconnect session" obj=tunnels.session err="failed to dial ngrok server with address \"connect.ngrok-agent.com:443\": dial tcp: lookup connect.ngrok-agent.com: no such host"
t=2026-06-18T23:06:37+0100 lvl=eror msg="failed to reconnect session" obj=tunnels.session err="failed to dial ngrok server with address \"connect.ngrok-agent.com:443\": dial tcp: lookup connect.ngrok-agent.com: no such host"
t=2026-06-18T23:07:07+0100 lvl=eror msg="failed to reconnect session" obj=tunnels.session err="failed to dial ngrok server with address \"connect.ngrok-agent.com:443\": dial tcp: lookup connect.ngrok-agent.com: no such host"
t=2026-06-18T23:07:37+0100 lvl=eror msg="failed to reconnect session" obj=tunnels.session err="failed to dial ngrok server with address \"connect.ngrok-agent.com:443\": dial tcp: lookup connect.ngrok-agent.com: no such host"
t=2026-06-18T23:08:07+0100 lvl=eror msg="failed to reconnect session" obj=tunnels.session err="failed to dial ngrok server with address \"connect.ngrok-agent.com:443\": dial tcp: lookup connect.ngrok-agent.com: no such host"
t=2026-06-18T23:08:37+0100 lvl=eror msg="failed to reconnect session" obj=tunnels.session err="failed to dial ngrok server with address \"connect.ngrok-agent.com:443\": dial tcp: lookup connect.ngrok-agent.com: no such host"
t=2026-06-18T23:09:07+0100 lvl=eror msg="failed to reconnect session" obj=tunnels.session err="failed to dial ngrok server with address \"connect.ngrok-agent.com:443\": dial tcp: lookup connect.ngrok-agent.com: no such host"
t=2026-06-18T23:09:37+0100 lvl=eror msg="failed to reconnect session" obj=tunnels.session err="failed to dial ngrok server with address \"connect.ngrok-agent.com:443\": dial tcp: lookup connect.ngrok-agent.com: no such host"
t=2026-06-18T23:10:07+0100 lvl=eror msg="failed to reconnect session" obj=tunnels.session err="failed to dial ngrok server with address \"connect.ngrok-agent.com:443\": dial tcp: lookup connect.ngrok-agent.com: no such host"
t=2026-06-18T23:10:37+0100 lvl=eror msg="failed to reconnect session" obj=tunnels.session err="failed to dial ngrok server with address \"connect.ngrok-agent.com:443\": dial tcp: lookup connect.ngrok-agent.com: no such host"
t=2026-06-18T23:11:07+0100 lvl=eror msg="failed to reconnect session" obj=tunnels.session err="failed to dial ngrok server with address \"connect.ngrok-agent.com:443\": dial tcp: lookup connect.ngrok-agent.com: no such host"
t=2026-06-18T23:11:37+0100 lvl=eror msg="failed to reconnect session" obj=tunnels.session err="failed to dial ngrok server with address \"connect.ngrok-agent.com:443\": dial tcp: lookup connect.ngrok-agent.com: no such host"
t=2026-06-18T23:12:07+0100 lvl=eror msg="failed to reconnect session" obj=tunnels.session err="failed to dial ngrok server with address \"connect.ngrok-agent.com:443\": dial tcp: lookup connect.ngrok-agent.com: no such host"
t=2026-06-18T23:12:37+0100 lvl=eror msg="failed to reconnect session" obj=tunnels.session err="failed to dial ngrok server with address \"connect.ngrok-agent.com:443\": dial tcp: lookup connect.ngrok-agent.com: no such host"
t=2026-06-18T23:13:07+0100 lvl=eror msg="failed to reconnect session" obj=tunnels.session err="failed to dial ngrok server with address \"connect.ngrok-agent.com:443\": dial tcp: lookup connect.ngrok-agent.com: no such host"
t=2026-06-18T23:13:37+0100 lvl=eror msg="failed to reconnect session" obj=tunnels.session err="failed to dial ngrok server with address \"connect.ngrok-agent.com:443\": dial tcp: lookup connect.ngrok-agent.com: no such host"
t=2026-06-18T23:14:07+0100 lvl=eror msg="failed to reconnect session" obj=tunnels.session err="failed to dial ngrok server with address \"connect.ngrok-agent.com:443\": dial tcp: lookup connect.ngrok-agent.com: no such host"
t=2026-06-18T23:14:37+0100 lvl=eror msg="failed to reconnect session" obj=tunnels.session err="failed to dial ngrok server with address \"connect.ngrok-agent.com:443\": dial tcp: lookup connect.ngrok-agent.com: no such host"
t=2026-06-18T23:15:07+0100 lvl=eror msg="failed to reconnect session" obj=tunnels.session err="failed to dial ngrok server with address \"connect.ngrok-agent.com:443\": dial tcp: lookup connect.ngrok-agent.com: no such host"
t=2026-06-18T23:15:37+0100 lvl=eror msg="failed to reconnect session" obj=tunnels.session err="failed to dial ngrok server with address \"connect.ngrok-agent.com:443\": dial tcp: lookup connect.ngrok-agent.com: no such host"
t=2026-06-18T23:16:07+0100 lvl=eror msg="failed to reconnect session" obj=tunnels.session err="failed to dial ngrok server with address \"connect.ngrok-agent.com:443\": dial tcp: lookup connect.ngrok-agent.com: no such host"
t=2026-06-18T23:16:37+0100 lvl=eror msg="failed to reconnect session" obj=tunnels.session err="failed to dial ngrok server with address \"connect.ngrok-agent.com:443\": dial tcp: lookup connect.ngrok-agent.com: no such host"
t=2026-06-18T23:17:07+0100 lvl=eror msg="failed to reconnect session" obj=tunnels.session err="failed to dial ngrok server with address \"connect.ngrok-agent.com:443\": dial tcp: lookup connect.ngrok-agent.com: no such host"
t=2026-06-18T23:17:37+0100 lvl=eror msg="failed to reconnect session" obj=tunnels.session err="failed to dial ngrok server with address \"connect.ngrok-agent.com:443\": dial tcp: lookup connect.ngrok-agent.com: no such host"
t=2026-06-18T23:18:07+0100 lvl=eror msg="failed to reconnect session" obj=tunnels.session err="failed to dial ngrok server with address \"connect.ngrok-agent.com:443\": dial tcp: lookup connect.ngrok-agent.com: no such host"
t=2026-06-18T23:18:37+0100 lvl=eror msg="failed to reconnect session" obj=tunnels.session err="failed to dial ngrok server with address \"connect.ngrok-agent.com:443\": dial tcp: lookup connect.ngrok-agent.com: no such host"
t=2026-06-18T23:19:07+0100 lvl=eror msg="failed to reconnect session" obj=tunnels.session err="failed to dial ngrok server with address \"connect.ngrok-agent.com:443\": dial tcp: lookup connect.ngrok-agent.com: no such host"
t=2026-06-18T23:19:37+0100 lvl=eror msg="failed to reconnect session" obj=tunnels.session err="failed to dial ngrok server with address \"connect.ngrok-agent.com:443\": dial tcp: lookup connect.ngrok-agent.com: no such host"
t=2026-06-18T23:20:07+0100 lvl=eror msg="failed to reconnect session" obj=tunnels.session err="failed to dial ngrok server with address \"connect.ngrok-agent.com:443\": dial tcp: lookup connect.ngrok-agent.com: no such host"
t=2026-06-18T23:20:37+0100 lvl=eror msg="failed to reconnect session" obj=tunnels.session err="failed to dial ngrok server with address \"connect.ngrok-agent.com:443\": dial tcp: lookup connect.ngrok-agent.com: no such host"
t=2026-06-18T23:21:07+0100 lvl=eror msg="failed to reconnect session" obj=tunnels.session err="failed to dial ngrok server with address \"connect.ngrok-agent.com:443\": dial tcp: lookup connect.ngrok-agent.com: no such host"
t=2026-06-18T23:21:37+0100 lvl=eror msg="failed to reconnect session" obj=tunnels.session err="failed to dial ngrok server with address \"connect.ngrok-agent.com:443\": dial tcp: lookup connect.ngrok-agent.com: no such host"
t=2026-06-18T23:22:07+0100 lvl=eror msg="failed to reconnect session" obj=tunnels.session err="failed to dial ngrok server with address \"connect.ngrok-agent.com:443\": dial tcp: lookup connect.ngrok-agent.com: no such host"
t=2026-06-18T23:22:37+0100 lvl=eror msg="failed to reconnect session" obj=tunnels.session err="failed to dial ngrok server with address \"connect.ngrok-agent.com:443\": dial tcp: lookup connect.ngrok-agent.com: no such host"
t=2026-06-18T23:23:07+0100 lvl=eror msg="failed to reconnect session" obj=tunnels.session err="failed to dial ngrok server with address \"connect.ngrok-agent.com:443\": dial tcp: lookup connect.ngrok-agent.com: no such host"
t=2026-06-18T23:23:37+0100 lvl=eror msg="failed to reconnect session" obj=tunnels.session err="failed to dial ngrok server with address \"connect.ngrok-agent.com:443\": dial tcp: lookup connect.ngrok-agent.com: no such host"
t=2026-06-18T23:24:07+0100 lvl=eror msg="failed to reconnect session" obj=tunnels.session err="failed to dial ngrok server with address \"connect.ngrok-agent.com:443\": dial tcp: lookup connect.ngrok-agent.com: no such host"
t=2026-06-18T23:24:37+0100 lvl=eror msg="failed to reconnect session" obj=tunnels.session err="failed to dial ngrok server with address \"connect.ngrok-agent.com:443\": dial tcp: lookup connect.ngrok-agent.com: no such host"
t=2026-06-18T23:25:07+0100 lvl=eror msg="failed to reconnect session" obj=tunnels.session err="failed to dial ngrok server with address \"connect.ngrok-agent.com:443\": dial tcp: lookup connect.ngrok-agent.com: no such host"
t=2026-06-18T23:25:37+0100 lvl=eror msg="failed to reconnect session" obj=tunnels.session err="failed to dial ngrok server with address \"connect.ngrok-agent.com:443\": dial tcp: lookup connect.ngrok-agent.com: no such host"
t=2026-06-18T23:26:07+0100 lvl=eror msg="failed to reconnect session" obj=tunnels.session err="failed to dial ngrok server with address \"connect.ngrok-agent.com:443\": dial tcp: lookup connect.ngrok-agent.com: no such host"
t=2026-06-18T23:26:37+0100 lvl=eror msg="failed to reconnect session" obj=tunnels.session err="failed to dial ngrok server with address \"connect.ngrok-agent.com:443\": dial tcp: lookup connect.ngrok-agent.com: no such host"
t=2026-06-18T23:27:08+0100 lvl=eror msg="failed to reconnect session" obj=tunnels.session err="failed to dial ngrok server with address \"connect.ngrok-agent.com:443\": dial tcp: lookup connect.ngrok-agent.com: no such host"
t=2026-06-18T23:27:38+0100 lvl=eror msg="failed to reconnect session" obj=tunnels.session err="failed to dial ngrok server with address \"connect.ngrok-agent.com:443\": dial tcp: lookup connect.ngrok-agent.com: no such host"
t=2026-06-18T23:28:08+0100 lvl=eror msg="failed to reconnect session" obj=tunnels.session err="failed to dial ngrok server with address \"connect.ngrok-agent.com:443\": dial tcp: lookup connect.ngrok-agent.com: no such host"
t=2026-06-18T23:28:38+0100 lvl=eror msg="failed to reconnect session" obj=tunnels.session err="failed to dial ngrok server with address \"connect.ngrok-agent.com:443\": dial tcp: lookup connect.ngrok-agent.com: no such host"
t=2026-06-18T23:29:08+0100 lvl=eror msg="failed to reconnect session" obj=tunnels.session err="failed to dial ngrok server with address \"connect.ngrok-agent.com:443\": dial tcp: lookup connect.ngrok-agent.com: no such host"
t=2026-06-18T23:29:38+0100 lvl=eror msg="failed to reconnect session" obj=tunnels.session err="failed to dial ngrok server with address \"connect.ngrok-agent.com:443\": dial tcp: lookup connect.ngrok-agent.com: no such host"
t=2026-06-18T23:30:08+0100 lvl=eror msg="failed to reconnect session" obj=tunnels.session err="failed to dial ngrok server with address \"connect.ngrok-agent.com:443\": dial tcp: lookup connect.ngrok-agent.com: no such host"
t=2026-06-18T23:30:38+0100 lvl=eror msg="failed to reconnect session" obj=tunnels.session err="failed to dial ngrok server with address \"connect.ngrok-agent.com:443\": dial tcp: lookup connect.ngrok-agent.com: no such host"
t=2026-06-18T23:31:08+0100 lvl=eror msg="failed to reconnect session" obj=tunnels.session err="failed to dial ngrok server with address \"connect.ngrok-agent.com:443\": dial tcp: lookup connect.ngrok-agent.com: no such host"
t=2026-06-18T23:31:38+0100 lvl=eror msg="failed to reconnect session" obj=tunnels.session err="failed to dial ngrok server with address \"connect.ngrok-agent.com:443\": dial tcp: lookup connect.ngrok-agent.com: no such host"
t=2026-06-18T23:32:08+0100 lvl=eror msg="failed to reconnect session" obj=tunnels.session err="failed to dial ngrok server with address \"connect.ngrok-agent.com:443\": dial tcp: lookup connect.ngrok-agent.com: no such host"
t=2026-06-18T23:32:38+0100 lvl=eror msg="failed to reconnect session" obj=tunnels.session err="failed to dial ngrok server with address \"connect.ngrok-agent.com:443\": dial tcp: lookup connect.ngrok-agent.com: no such host"
t=2026-06-18T23:33:08+0100 lvl=eror msg="failed to reconnect session" obj=tunnels.session err="failed to dial ngrok server with address \"connect.ngrok-agent.com:443\": dial tcp: lookup connect.ngrok-agent.com: no such host"
t=2026-06-18T23:33:38+0100 lvl=eror msg="failed to reconnect session" obj=tunnels.session err="failed to dial ngrok server with address \"connect.ngrok-agent.com:443\": dial tcp: lookup connect.ngrok-agent.com: no such host"
t=2026-06-18T23:34:08+0100 lvl=eror msg="failed to reconnect session" obj=tunnels.session err="failed to dial ngrok server with address \"connect.ngrok-agent.com:443\": dial tcp: lookup connect.ngrok-agent.com: no such host"
t=2026-06-18T23:34:38+0100 lvl=eror msg="failed to reconnect session" obj=tunnels.session err="failed to dial ngrok server with address \"connect.ngrok-agent.com:443\": dial tcp: lookup connect.ngrok-agent.com: no such host"
t=2026-06-18T23:35:08+0100 lvl=eror msg="failed to reconnect session" obj=tunnels.session err="failed to dial ngrok server with address \"connect.ngrok-agent.com:443\": dial tcp: lookup connect.ngrok-agent.com: no such host"
t=2026-06-18T23:35:38+0100 lvl=eror msg="failed to reconnect session" obj=tunnels.session err="failed to dial ngrok server with address \"connect.ngrok-agent.com:443\": dial tcp: lookup connect.ngrok-agent.com: no such host"
t=2026-06-18T23:36:08+0100 lvl=eror msg="failed to reconnect session" obj=tunnels.session err="failed to dial ngrok server with address \"connect.ngrok-agent.com:443\": dial tcp: lookup connect.ngrok-agent.com: no such host"
t=2026-06-18T23:36:38+0100 lvl=eror msg="failed to reconnect session" obj=tunnels.session err="failed to dial ngrok server with address \"connect.ngrok-agent.com:443\": dial tcp: lookup connect.ngrok-agent.com: no such host"
t=2026-06-18T23:37:08+0100 lvl=eror msg="failed to reconnect session" obj=tunnels.session err="failed to dial ngrok server with address \"connect.ngrok-agent.com:443\": dial tcp: lookup connect.ngrok-agent.com: no such host"
t=2026-06-18T23:37:38+0100 lvl=eror msg="failed to reconnect session" obj=tunnels.session err="failed to dial ngrok server with address \"connect.ngrok-agent.com:443\": dial tcp: lookup connect.ngrok-agent.com: no such host"
t=2026-06-18T23:38:08+0100 lvl=eror msg="failed to reconnect session" obj=tunnels.session err="failed to dial ngrok server with address \"connect.ngrok-agent.com:443\": dial tcp: lookup connect.ngrok-agent.com: no such host"
t=2026-06-18T23:38:38+0100 lvl=eror msg="failed to reconnect session" obj=tunnels.session err="failed to dial ngrok server with address \"connect.ngrok-agent.com:443\": dial tcp: lookup connect.ngrok-agent.com: no such host"
t=2026-06-18T23:39:08+0100 lvl=eror msg="failed to reconnect session" obj=tunnels.session err="failed to dial ngrok server with address \"connect.ngrok-agent.com:443\": dial tcp: lookup connect.ngrok-agent.com: no such host"
t=2026-06-18T23:39:38+0100 lvl=eror msg="failed to reconnect session" obj=tunnels.session err="failed to dial ngrok server with address \"connect.ngrok-agent.com:443\": dial tcp: lookup connect.ngrok-agent.com: no such host"
t=2026-06-18T23:40:08+0100 lvl=eror msg="failed to reconnect session" obj=tunnels.session err="failed to dial ngrok server with address \"connect.ngrok-agent.com:443\": dial tcp: lookup connect.ngrok-agent.com: no such host"
t=2026-06-18T23:40:38+0100 lvl=eror msg="failed to reconnect session" obj=tunnels.session err="failed to dial ngrok server with address \"connect.ngrok-agent.com:443\": dial tcp: lookup connect.ngrok-agent.com: no such host"
t=2026-06-18T23:41:08+0100 lvl=eror msg="failed to reconnect session" obj=tunnels.session err="failed to dial ngrok server with address \"connect.ngrok-agent.com:443\": dial tcp: lookup connect.ngrok-agent.com: no such host"
t=2026-06-18T23:41:38+0100 lvl=eror msg="failed to reconnect session" obj=tunnels.session err="failed to dial ngrok server with address \"connect.ngrok-agent.com:443\": dial tcp: lookup connect.ngrok-agent.com: no such host"
t=2026-06-18T23:42:08+0100 lvl=eror msg="failed to reconnect session" obj=tunnels.session err="failed to dial ngrok server with address \"connect.ngrok-agent.com:443\": dial tcp: lookup connect.ngrok-agent.com: no such host"
t=2026-06-18T23:42:38+0100 lvl=eror msg="failed to reconnect session" obj=tunnels.session err="failed to dial ngrok server with address \"connect.ngrok-agent.com:443\": dial tcp: lookup connect.ngrok-agent.com: no such host"
t=2026-06-18T23:43:08+0100 lvl=eror msg="failed to reconnect session" obj=tunnels.session err="failed to dial ngrok server with address \"connect.ngrok-agent.com:443\": dial tcp: lookup connect.ngrok-agent.com: no such host"
t=2026-06-18T23:43:38+0100 lvl=eror msg="failed to reconnect session" obj=tunnels.session err="failed to dial ngrok server with address \"connect.ngrok-agent.com:443\": dial tcp: lookup connect.ngrok-agent.com: no such host"
t=2026-06-18T23:44:08+0100 lvl=eror msg="failed to reconnect session" obj=tunnels.session err="failed to dial ngrok server with address \"connect.ngrok-agent.com:443\": dial tcp: lookup connect.ngrok-agent.com: no such host"
t=2026-06-18T23:44:38+0100 lvl=eror msg="failed to reconnect session" obj=tunnels.session err="failed to dial ngrok server with address \"connect.ngrok-agent.com:443\": dial tcp: lookup connect.ngrok-agent.com: no such host"
t=2026-06-18T23:45:08+0100 lvl=eror msg="failed to reconnect session" obj=tunnels.session err="failed to dial ngrok server with address \"connect.ngrok-agent.com:443\": dial tcp: lookup connect.ngrok-agent.com: no such host"
t=2026-06-18T23:45:38+0100 lvl=eror msg="failed to reconnect session" obj=tunnels.session err="failed to dial ngrok server with address \"connect.ngrok-agent.com:443\": dial tcp: lookup connect.ngrok-agent.com: no such host"
t=2026-06-18T23:46:08+0100 lvl=eror msg="failed to reconnect session" obj=tunnels.session err="failed to dial ngrok server with address \"connect.ngrok-agent.com:443\": dial tcp: lookup connect.ngrok-agent.com: no such host"
t=2026-06-18T23:46:38+0100 lvl=eror msg="failed to reconnect session" obj=tunnels.session err="failed to dial ngrok server with address \"connect.ngrok-agent.com:443\": dial tcp: lookup connect.ngrok-agent.com: no such host"
t=2026-06-18T23:47:08+0100 lvl=eror msg="failed to reconnect session" obj=tunnels.session err="failed to dial ngrok server with address \"connect.ngrok-agent.com:443\": dial tcp: lookup connect.ngrok-agent.com: no such host"
t=2026-06-18T23:47:38+0100 lvl=eror msg="failed to reconnect session" obj=tunnels.session err="failed to dial ngrok server with address \"connect.ngrok-agent.com:443\": dial tcp: lookup connect.ngrok-agent.com: no such host"
t=2026-06-18T23:48:08+0100 lvl=eror msg="failed to reconnect session" obj=tunnels.session err="failed to dial ngrok server with address \"connect.ngrok-agent.com:443\": dial tcp: lookup connect.ngrok-agent.com: no such host"
t=2026-06-18T23:48:38+0100 lvl=eror msg="failed to reconnect session" obj=tunnels.session err="failed to dial ngrok server with address \"connect.ngrok-agent.com:443\": dial tcp: lookup connect.ngrok-agent.com: no such host"
t=2026-06-18T23:49:08+0100 lvl=eror msg="failed to reconnect session" obj=tunnels.session err="failed to dial ngrok server with address \"connect.ngrok-agent.com:443\": dial tcp: lookup connect.ngrok-agent.com: no such host"
t=2026-06-18T23:49:38+0100 lvl=eror msg="failed to reconnect session" obj=tunnels.session err="failed to dial ngrok server with address \"connect.ngrok-agent.com:443\": dial tcp: lookup connect.ngrok-agent.com: no such host"
t=2026-06-18T23:50:08+0100 lvl=eror msg="failed to reconnect session" obj=tunnels.session err="failed to dial ngrok server with address \"connect.ngrok-agent.com:443\": dial tcp: lookup connect.ngrok-agent.com: no such host"
t=2026-06-18T23:50:38+0100 lvl=eror msg="failed to reconnect session" obj=tunnels.session err="failed to dial ngrok server with address \"connect.ngrok-agent.com:443\": dial tcp: lookup connect.ngrok-agent.com: no such host"
t=2026-06-18T23:51:08+0100 lvl=eror msg="failed to reconnect session" obj=tunnels.session err="failed to dial ngrok server with address \"connect.ngrok-agent.com:443\": dial tcp: lookup connect.ngrok-agent.com: no such host"
t=2026-06-18T23:51:38+0100 lvl=eror msg="failed to reconnect session" obj=tunnels.session err="failed to dial ngrok server with address \"connect.ngrok-agent.com:443\": dial tcp: lookup connect.ngrok-agent.com: no such host"
t=2026-06-18T23:52:08+0100 lvl=eror msg="failed to reconnect session" obj=tunnels.session err="failed to dial ngrok server with address \"connect.ngrok-agent.com:443\": dial tcp: lookup connect.ngrok-agent.com: no such host"
t=2026-06-18T23:52:38+0100 lvl=eror msg="failed to reconnect session" obj=tunnels.session err="failed to dial ngrok server with address \"connect.ngrok-agent.com:443\": dial tcp: lookup connect.ngrok-agent.com: no such host"
t=2026-06-18T23:53:08+0100 lvl=eror msg="failed to reconnect session" obj=tunnels.session err="failed to dial ngrok server with address \"connect.ngrok-agent.com:443\": dial tcp: lookup connect.ngrok-agent.com: no such host"
t=2026-06-18T23:53:38+0100 lvl=eror msg="failed to reconnect session" obj=tunnels.session err="failed to dial ngrok server with address \"connect.ngrok-agent.com:443\": dial tcp: lookup connect.ngrok-agent.com: no such host"
t=2026-06-18T23:54:08+0100 lvl=eror msg="failed to reconnect session" obj=tunnels.session err="failed to dial ngrok server with address \"connect.ngrok-agent.com:443\": dial tcp: lookup connect.ngrok-agent.com: no such host"
t=2026-06-18T23:54:38+0100 lvl=eror msg="failed to reconnect session" obj=tunnels.session err="failed to dial ngrok server with address \"connect.ngrok-agent.com:443\": dial tcp: lookup connect.ngrok-agent.com: no such host"
t=2026-06-18T23:55:08+0100 lvl=eror msg="failed to reconnect session" obj=tunnels.session err="failed to dial ngrok server with address \"connect.ngrok-agent.com:443\": dial tcp: lookup connect.ngrok-agent.com: no such host"
t=2026-06-18T23:55:38+0100 lvl=eror msg="failed to reconnect session" obj=tunnels.session err="failed to dial ngrok server with address \"connect.ngrok-agent.com:443\": dial tcp: lookup connect.ngrok-agent.com: no such host"
t=2026-06-19T00:52:27+0100 lvl=eror msg="failed to reconnect session" obj=tunnels.session err="failed to dial ngrok server with address \"connect.ngrok-agent.com:443\": dial tcp: lookup connect.ngrok-agent.com: no such host"
t=2026-06-19T01:57:10+0100 lvl=eror msg="failed to reconnect session" obj=tunnels.session err="failed to dial ngrok server with address \"connect.ngrok-agent.com:443\": dial tcp: lookup connect.ngrok-agent.com: no such host"
t=2026-06-19T02:57:48+0100 lvl=eror msg="failed to reconnect session" obj=tunnels.session err="session closed"
t=2026-06-19T03:14:08+0100 lvl=info msg="client session established" obj=tunnels.session
t=2026-06-19T03:14:08+0100 lvl=info msg="tunnel session started" obj=tunnels.session
t=2026-06-19T03:46:54+0100 lvl=eror msg="session closed, starting reconnect loop" obj=tunnels.session obj=csess id=e956ee608946 err="read tcp 192.168.1.39:49797->3.122.29.226:443: read: connection reset by peer"
t=2026-06-19T03:46:55+0100 lvl=info msg="client session established" obj=tunnels.session
t=2026-06-19T03:46:55+0100 lvl=info msg="tunnel session started" obj=tunnels.session
t=2026-06-19T03:58:55+0100 lvl=eror msg="session closed, starting reconnect loop" obj=tunnels.session obj=csess id=e956ee608946 err="read tcp 192.168.1.39:49867->52.28.187.147:443: read: connection reset by peer"
t=2026-06-19T03:58:56+0100 lvl=info msg="client session established" obj=tunnels.session
t=2026-06-19T03:58:56+0100 lvl=info msg="tunnel session started" obj=tunnels.session
t=2026-06-19T03:58:59+0100 lvl=eror msg="heartbeat timeout, terminating session" obj=tunnels.session obj=csess id=efd0a2c03d0c clientid=f7fbaa4785bf30af9af54496a18fd84a
t=2026-06-19T04:15:56+0100 lvl=eror msg="session closed, starting reconnect loop" obj=tunnels.session obj=csess id=e956ee608946 err="read tcp 192.168.1.39:49906->3.125.234.140:443: read: connection reset by peer"
t=2026-06-19T04:15:57+0100 lvl=info msg="client session established" obj=tunnels.session
t=2026-06-19T04:15:57+0100 lvl=info msg="tunnel session started" obj=tunnels.session
t=2026-06-19T04:33:40+0100 lvl=eror msg="heartbeat timeout, terminating session" obj=tunnels.session obj=csess id=f937ea840d3f clientid=f7fbaa4785bf30af9af54496a18fd84a
t=2026-06-19T04:33:47+0100 lvl=eror msg="session closed, starting reconnect loop" obj=tunnels.session obj=csess id=e956ee608946 err="read tcp 192.168.1.39:49930->3.125.92.105:443: read: connection reset by peer"
t=2026-06-19T04:33:48+0100 lvl=info msg="client session established" obj=tunnels.session
t=2026-06-19T04:33:48+0100 lvl=info msg="tunnel session started" obj=tunnels.session
t=2026-06-19T04:33:51+0100 lvl=eror msg="heartbeat timeout, terminating session" obj=tunnels.session obj=csess id=cc7b39f6dfb5 clientid=f7fbaa4785bf30af9af54496a18fd84a
t=2026-06-19T04:34:02+0100 lvl=eror msg="heartbeat timeout, terminating session" obj=tunnels.session obj=csess id=7409da39dbbc clientid=f7fbaa4785bf30af9af54496a18fd84a
t=2026-06-19T04:59:51+0100 lvl=eror msg="session closed, starting reconnect loop" obj=tunnels.session obj=csess id=e956ee608946 err="read tcp 192.168.1.39:49961->3.123.177.80:443: read: connection reset by peer"
t=2026-06-19T04:59:52+0100 lvl=info msg="client session established" obj=tunnels.session
t=2026-06-19T04:59:52+0100 lvl=info msg="tunnel session started" obj=tunnels.session
t=2026-06-19T05:16:49+0100 lvl=eror msg="heartbeat timeout, terminating session" obj=tunnels.session obj=csess id=9058e9bdc4bc clientid=f7fbaa4785bf30af9af54496a18fd84a
t=2026-06-19T05:32:56+0100 lvl=eror msg="session closed, starting reconnect loop" obj=tunnels.session obj=csess id=e956ee608946 err="read tcp 192.168.1.39:50038->3.123.83.158:443: read: connection reset by peer"
t=2026-06-19T05:32:57+0100 lvl=info msg="client session established" obj=tunnels.session
t=2026-06-19T05:32:57+0100 lvl=info msg="tunnel session started" obj=tunnels.session
t=2026-06-19T05:48:08+0100 lvl=eror msg="session closed, starting reconnect loop" obj=tunnels.session obj=csess id=e956ee608946 err="read tcp 192.168.1.39:50097->52.28.187.147:443: read: connection reset by peer"
t=2026-06-19T05:48:09+0100 lvl=info msg="client session established" obj=tunnels.session
t=2026-06-19T05:48:09+0100 lvl=info msg="tunnel session started" obj=tunnels.session
t=2026-06-19T05:48:13+0100 lvl=eror msg="heartbeat timeout, terminating session" obj=tunnels.session obj=csess id=d8fb6e9c79ae clientid=f7fbaa4785bf30af9af54496a18fd84a
t=2026-06-19T05:48:23+0100 lvl=eror msg="heartbeat timeout, terminating session" obj=tunnels.session obj=csess id=ad54417bb5a9 clientid=f7fbaa4785bf30af9af54496a18fd84a
t=2026-06-19T06:00:58+0100 lvl=eror msg="session closed, starting reconnect loop" obj=tunnels.session obj=csess id=e956ee608946 err="read tcp 192.168.1.39:50120->3.122.29.226:443: read: connection reset by peer"
t=2026-06-19T06:00:59+0100 lvl=info msg="client session established" obj=tunnels.session
t=2026-06-19T06:00:59+0100 lvl=info msg="tunnel session started" obj=tunnels.session
t=2026-06-19T06:35:57+0100 lvl=eror msg="session closed, starting reconnect loop" obj=tunnels.session obj=csess id=e956ee608946 err="read tcp 192.168.1.39:50157->3.123.177.80:443: read: connection reset by peer"
t=2026-06-19T06:35:58+0100 lvl=info msg="client session established" obj=tunnels.session
t=2026-06-19T06:35:58+0100 lvl=info msg="tunnel session started" obj=tunnels.session
t=2026-06-19T06:51:22+0100 lvl=eror msg="heartbeat timeout, terminating session" obj=tunnels.session obj=csess id=e9f5e04722bf clientid=f7fbaa4785bf30af9af54496a18fd84a
t=2026-06-19T06:51:28+0100 lvl=eror msg="session closed, starting reconnect loop" obj=tunnels.session obj=csess id=e956ee608946 err="read tcp 192.168.1.39:50193->3.125.92.105:443: read: connection reset by peer"
t=2026-06-19T06:51:29+0100 lvl=info msg="client session established" obj=tunnels.session
t=2026-06-19T06:51:29+0100 lvl=info msg="tunnel session started" obj=tunnels.session
t=2026-06-19T06:51:32+0100 lvl=eror msg="heartbeat timeout, terminating session" obj=tunnels.session obj=csess id=9f999d930ec8 clientid=f7fbaa4785bf30af9af54496a18fd84a
t=2026-06-19T06:51:42+0100 lvl=eror msg="heartbeat timeout, terminating session" obj=tunnels.session obj=csess id=c737c3771a4a clientid=f7fbaa4785bf30af9af54496a18fd84a
t=2026-06-19T07:01:59+0100 lvl=eror msg="session closed, starting reconnect loop" obj=tunnels.session obj=csess id=e956ee608946 err="read tcp 192.168.1.39:50219->3.123.83.158:443: read: connection reset by peer"
t=2026-06-19T07:02:00+0100 lvl=info msg="client session established" obj=tunnels.session
t=2026-06-19T07:02:00+0100 lvl=info msg="tunnel session started" obj=tunnels.session
t=2026-06-19T07:35:26+0100 lvl=eror msg="session closed, starting reconnect loop" obj=tunnels.session obj=csess id=e956ee608946 err="read tcp 192.168.1.39:50279->3.125.92.105:443: read: connection reset by peer"
t=2026-06-19T07:35:27+0100 lvl=info msg="client session established" obj=tunnels.session
t=2026-06-19T07:35:27+0100 lvl=info msg="tunnel session started" obj=tunnels.session
t=2026-06-19T07:35:30+0100 lvl=eror msg="heartbeat timeout, terminating session" obj=tunnels.session obj=csess id=8df343ff18a0 clientid=f7fbaa4785bf30af9af54496a18fd84a
t=2026-06-19T07:48:20+0100 lvl=eror msg="session closed, starting reconnect loop" obj=tunnels.session obj=csess id=e956ee608946 err="read tcp 192.168.1.39:50299->3.125.234.140:443: read: connection reset by peer"
t=2026-06-19T07:48:21+0100 lvl=info msg="client session established" obj=tunnels.session
t=2026-06-19T07:48:21+0100 lvl=info msg="tunnel session started" obj=tunnels.session
t=2026-06-19T07:48:24+0100 lvl=eror msg="heartbeat timeout, terminating session" obj=tunnels.session obj=csess id=5ea4328aadf9 clientid=f7fbaa4785bf30af9af54496a18fd84a
t=2026-06-19T08:02:54+0100 lvl=eror msg="heartbeat timeout, terminating session" obj=tunnels.session obj=csess id=a5dc6f98807e clientid=f7fbaa4785bf30af9af54496a18fd84a
t=2026-06-19T08:03:00+0100 lvl=eror msg="session closed, starting reconnect loop" obj=tunnels.session obj=csess id=e956ee608946 err="read tcp 192.168.1.39:50337->3.123.177.80:443: read: connection reset by peer"
t=2026-06-19T08:03:02+0100 lvl=info msg="client session established" obj=tunnels.session
t=2026-06-19T08:03:02+0100 lvl=info msg="tunnel session started" obj=tunnels.session
t=2026-06-19T08:03:15+0100 lvl=eror msg="heartbeat timeout, terminating session" obj=tunnels.session obj=csess id=489ae1312399 clientid=f7fbaa4785bf30af9af54496a18fd84a
t=2026-06-19T08:36:11+0100 lvl=eror msg="session closed, starting reconnect loop" obj=tunnels.session obj=csess id=e956ee608946 err="read tcp 192.168.1.39:50366->3.122.29.226:443: read: connection reset by peer"
t=2026-06-19T08:36:13+0100 lvl=info msg="client session established" obj=tunnels.session
t=2026-06-19T08:36:13+0100 lvl=info msg="tunnel session started" obj=tunnels.session
t=2026-06-19T09:03:55+0100 lvl=eror msg="session closed, starting reconnect loop" obj=tunnels.session obj=csess id=e956ee608946 err="read tcp 192.168.1.39:50393->3.123.177.80:443: read: connection reset by peer"
t=2026-06-19T09:03:56+0100 lvl=info msg="client session established" obj=tunnels.session
t=2026-06-19T09:03:56+0100 lvl=info msg="tunnel session started" obj=tunnels.session
t=2026-06-19T09:03:59+0100 lvl=eror msg="heartbeat timeout, terminating session" obj=tunnels.session obj=csess id=4216bf2881bb clientid=f7fbaa4785bf30af9af54496a18fd84a
t=2026-06-19T09:04:09+0100 lvl=eror msg="heartbeat timeout, terminating session" obj=tunnels.session obj=csess id=e229883a4775 clientid=f7fbaa4785bf30af9af54496a18fd84a
t=2026-06-19T09:22:30+0100 lvl=eror msg="session closed, starting reconnect loop" obj=tunnels.session obj=csess id=e956ee608946 err="read tcp 192.168.1.39:50440->3.125.234.140:443: read: connection reset by peer"
t=2026-06-19T09:22:31+0100 lvl=info msg="client session established" obj=tunnels.session
t=2026-06-19T09:22:31+0100 lvl=info msg="tunnel session started" obj=tunnels.session
t=2026-06-19T09:55:53+0100 lvl=eror msg="session closed, starting reconnect loop" obj=tunnels.session obj=csess id=e956ee608946 err="read tcp 192.168.1.39:50484->3.123.83.158:443: read: connection reset by peer"
t=2026-06-19T09:55:54+0100 lvl=info msg="client session established" obj=tunnels.session
t=2026-06-19T09:55:54+0100 lvl=info msg="tunnel session started" obj=tunnels.session
t=2026-06-19T09:55:57+0100 lvl=eror msg="heartbeat timeout, terminating session" obj=tunnels.session obj=csess id=32711b0c83ca clientid=f7fbaa4785bf30af9af54496a18fd84a
t=2026-06-19T10:05:00+0100 lvl=eror msg="session closed, starting reconnect loop" obj=tunnels.session obj=csess id=e956ee608946 err="read tcp 192.168.1.39:50523->52.28.187.147:443: read: connection reset by peer"
t=2026-06-19T10:05:01+0100 lvl=info msg="client session established" obj=tunnels.session
t=2026-06-19T10:05:01+0100 lvl=info msg="tunnel session started" obj=tunnels.session
t=2026-06-19T10:05:04+0100 lvl=eror msg="heartbeat timeout, terminating session" obj=tunnels.session obj=csess id=16387387570f clientid=f7fbaa4785bf30af9af54496a18fd84a
t=2026-06-19T10:05:15+0100 lvl=eror msg="heartbeat timeout, terminating session" obj=tunnels.session obj=csess id=a80b9689a535 clientid=f7fbaa4785bf30af9af54496a18fd84a
t=2026-06-19T10:22:53+0100 lvl=eror msg="session closed, starting reconnect loop" obj=tunnels.session obj=csess id=e956ee608946 err="read tcp 192.168.1.39:50545->3.125.92.105:443: read: connection reset by peer"
t=2026-06-19T10:22:54+0100 lvl=info msg="client session established" obj=tunnels.session
t=2026-06-19T10:22:54+0100 lvl=info msg="tunnel session started" obj=tunnels.session
t=2026-06-19T10:23:08+0100 lvl=eror msg="heartbeat timeout, terminating session" obj=tunnels.session obj=csess id=c2e5ab69b2f1 clientid=f7fbaa4785bf30af9af54496a18fd84a
t=2026-06-19T10:42:20+0100 lvl=eror msg="heartbeat timeout, terminating session" obj=tunnels.session obj=csess id=fb268c074bc2 clientid=f7fbaa4785bf30af9af54496a18fd84a
t=2026-06-19T10:42:20+0100 lvl=eror msg="session closed, starting reconnect loop" obj=tunnels.session obj=csess id=e956ee608946 err="session closed"
t=2026-06-19T10:42:21+0100 lvl=info msg="client session established" obj=tunnels.session
t=2026-06-19T10:42:21+0100 lvl=info msg="tunnel session started" obj=tunnels.session
t=2026-06-19T11:05:56+0100 lvl=eror msg="session closed, starting reconnect loop" obj=tunnels.session obj=csess id=e956ee608946 err="read tcp 192.168.1.37:50688->3.125.92.105:443: read: connection reset by peer"
t=2026-06-19T11:05:57+0100 lvl=info msg="client session established" obj=tunnels.session
t=2026-06-19T11:05:57+0100 lvl=info msg="tunnel session started" obj=tunnels.session
t=2026-06-19T11:23:47+0100 lvl=eror msg="heartbeat timeout, terminating session" obj=tunnels.session obj=csess id=eb10a9fafd9a clientid=f7fbaa4785bf30af9af54496a18fd84a
t=2026-06-19T11:41:40+0100 lvl=eror msg="session closed, starting reconnect loop" obj=tunnels.session obj=csess id=e956ee608946 err="read tcp 192.168.1.37:50761->3.122.29.226:443: read: connection reset by peer"
t=2026-06-19T11:41:41+0100 lvl=info msg="client session established" obj=tunnels.session
t=2026-06-19T11:41:41+0100 lvl=info msg="tunnel session started" obj=tunnels.session
t=2026-06-19T11:41:55+0100 lvl=eror msg="heartbeat timeout, terminating session" obj=tunnels.session obj=csess id=e2e43cabbd9c clientid=f7fbaa4785bf30af9af54496a18fd84a
t=2026-06-19T12:01:18+0100 lvl=eror msg="session closed, starting reconnect loop" obj=tunnels.session obj=csess id=e956ee608946 err="read tcp 192.168.1.37:50834->3.125.234.140:443: read: connection reset by peer"
t=2026-06-19T12:01:20+0100 lvl=info msg="client session established" obj=tunnels.session
t=2026-06-19T12:01:20+0100 lvl=info msg="tunnel session started" obj=tunnels.session
t=2026-06-19T12:07:03+0100 lvl=eror msg="session closed, starting reconnect loop" obj=tunnels.session obj=csess id=e956ee608946 err="read tcp 192.168.1.37:50975->3.123.177.80:443: read: connection reset by peer"
t=2026-06-19T12:07:04+0100 lvl=info msg="client session established" obj=tunnels.session
t=2026-06-19T12:07:04+0100 lvl=info msg="tunnel session started" obj=tunnels.session
t=2026-06-19T12:07:07+0100 lvl=eror msg="heartbeat timeout, terminating session" obj=tunnels.session obj=csess id=e6adcd335c4f clientid=f7fbaa4785bf30af9af54496a18fd84a
t=2026-06-19T12:24:01+0100 lvl=eror msg="session closed, starting reconnect loop" obj=tunnels.session obj=csess id=e956ee608946 err="read tcp 192.168.1.37:51007->3.122.29.226:443: read: connection reset by peer"
t=2026-06-19T12:24:02+0100 lvl=eror msg="heartbeat timeout, terminating session" obj=tunnels.session obj=csess id=8531e42234be clientid=f7fbaa4785bf30af9af54496a18fd84a
t=2026-06-19T12:24:02+0100 lvl=info msg="client session established" obj=tunnels.session
t=2026-06-19T12:24:02+0100 lvl=info msg="tunnel session started" obj=tunnels.session
t=2026-06-19T12:57:07+0100 lvl=eror msg="session closed, starting reconnect loop" obj=tunnels.session obj=csess id=e956ee608946 err="read tcp 192.168.1.37:51026->3.125.92.105:443: read: connection reset by peer"
t=2026-06-19T12:57:08+0100 lvl=info msg="client session established" obj=tunnels.session
t=2026-06-19T12:57:08+0100 lvl=info msg="tunnel session started" obj=tunnels.session
t=2026-06-19T12:57:19+0100 lvl=eror msg="heartbeat timeout, terminating session" obj=tunnels.session obj=csess id=950f1d5b6112 clientid=f7fbaa4785bf30af9af54496a18fd84a
t=2026-06-19T12:57:22+0100 lvl=eror msg="heartbeat timeout, terminating session" obj=tunnels.session obj=csess id=a795c4e51779 clientid=f7fbaa4785bf30af9af54496a18fd84a
t=2026-06-19T13:08:06+0100 lvl=eror msg="session closed, starting reconnect loop" obj=tunnels.session obj=csess id=e956ee608946 err="read tcp 192.168.1.37:51053->52.28.187.147:443: read: connection reset by peer"
t=2026-06-19T13:08:08+0100 lvl=info msg="client session established" obj=tunnels.session
t=2026-06-19T13:08:08+0100 lvl=info msg="tunnel session started" obj=tunnels.session
t=2026-06-19T13:26:14+0100 lvl=eror msg="session closed, starting reconnect loop" obj=tunnels.session obj=csess id=e956ee608946 err="read tcp 192.168.1.37:51148->3.125.92.105:443: read: connection reset by peer"
t=2026-06-19T13:43:21+0100 lvl=eror msg="heartbeat timeout, terminating session" obj=tunnels.session obj=csess id=c0bd5f7abca6 clientid=f7fbaa4785bf30af9af54496a18fd84a
t=2026-06-19T14:00:39+0100 lvl=eror msg="failed to reconnect session" obj=tunnels.session err="session closed"
t=2026-06-19T14:00:42+0100 lvl=info msg="client session established" obj=tunnels.session
t=2026-06-19T14:00:42+0100 lvl=info msg="tunnel session started" obj=tunnels.session
t=2026-06-19T14:00:43+0100 lvl=eror msg="heartbeat timeout, terminating session" obj=tunnels.session obj=csess id=f009a60636f8 clientid=f7fbaa4785bf30af9af54496a18fd84a
t=2026-06-19T14:09:01+0100 lvl=eror msg="session closed, starting reconnect loop" obj=tunnels.session obj=csess id=e956ee608946 err="read tcp 192.168.1.37:51204->3.122.29.226:443: read: connection reset by peer"
t=2026-06-19T14:09:04+0100 lvl=info msg="client session established" obj=tunnels.session
t=2026-06-19T14:09:04+0100 lvl=info msg="tunnel session started" obj=tunnels.session
t=2026-06-19T14:42:19+0100 lvl=eror msg="session closed, starting reconnect loop" obj=tunnels.session obj=csess id=e956ee608946 err="read tcp 192.168.1.37:51282->3.125.234.140:443: read: connection reset by peer"
t=2026-06-19T14:42:22+0100 lvl=eror msg="heartbeat timeout, terminating session" obj=tunnels.session obj=csess id=cb806496ca49 clientid=f7fbaa4785bf30af9af54496a18fd84a
t=2026-06-19T14:57:31+0100 lvl=eror msg="failed to reconnect session" obj=tunnels.session err="failed to send authentication request: read tcp 192.168.1.37:51317->3.125.92.105:443: read: connection reset by peer"
t=2026-06-19T15:10:00+0100 lvl=eror msg="failed to reconnect session" obj=tunnels.session err="failed to send authentication request: failed to fetch CRL. errors encountered: Get \"http://crl.ngrok-agent.com/ngrok.crl\": read tcp 192.168.1.37:51343->52.85.118.85:80: read: connection reset by peer"
t=2026-06-19T15:10:05+0100 lvl=eror msg="heartbeat timeout, terminating session" obj=tunnels.session obj=csess id=17efb2281019 clientid=f7fbaa4785bf30af9af54496a18fd84a
t=2026-06-19T15:10:07+0100 lvl=info msg="client session established" obj=tunnels.session
t=2026-06-19T15:10:07+0100 lvl=info msg="tunnel session started" obj=tunnels.session
t=2026-06-19T15:26:26+0100 lvl=eror msg="session closed, starting reconnect loop" obj=tunnels.session obj=csess id=e956ee608946 err="read tcp 192.168.1.37:51348->3.123.83.158:443: read: connection reset by peer"
t=2026-06-19T15:43:49+0100 lvl=eror msg="failed to reconnect session" obj=tunnels.session err="failed to dial ngrok server with address \"connect.ngrok-agent.com:443\": dial tcp [2a05:d014:21b:8e01:1688:8f4e:c7e5:2909]:443: connect: no route to host"
t=2026-06-19T15:59:51+0100 lvl=eror msg="failed to reconnect session" obj=tunnels.session err="failed to dial ngrok server with address \"connect.ngrok-agent.com:443\": dial tcp [2a05:d014:21b:8e00:624f:98ce:4d03:ed9e]:443: connect: no route to host"
t=2026-06-19T16:01:14+0100 lvl=eror msg="failed to reconnect session" obj=tunnels.session err="failed to dial ngrok server with address \"connect.ngrok-agent.com:443\": dial tcp [2a05:d014:21b:8e00:624f:98ce:4d03:ed9e]:443: connect: no route to host"
t=2026-06-19T16:01:18+0100 lvl=eror msg="heartbeat timeout, terminating session" obj=tunnels.session obj=csess id=76825f778a0e clientid=f7fbaa4785bf30af9af54496a18fd84a
t=2026-06-19T16:11:01+0100 lvl=eror msg="failed to reconnect session" obj=tunnels.session err="session closed"
t=2026-06-19T16:11:09+0100 lvl=info msg="client session established" obj=tunnels.session
t=2026-06-19T16:11:09+0100 lvl=info msg="tunnel session started" obj=tunnels.session
t=2026-06-19T16:46:43+0100 lvl=eror msg="session closed, starting reconnect loop" obj=tunnels.session obj=csess id=e956ee608946 err="read tcp 192.168.1.37:51573->3.125.234.140:443: read: connection reset by peer"
t=2026-06-19T17:02:36+0100 lvl=eror msg="failed to reconnect session" obj=tunnels.session err="failed to send authentication request: session closed"
t=2026-06-19T17:12:02+0100 lvl=eror msg="failed to reconnect session" obj=tunnels.session err="failed to send authentication request: session closed"
t=2026-06-19T17:12:06+0100 lvl=eror msg="heartbeat timeout, terminating session" obj=tunnels.session obj=csess id=6f8ab67eb949 clientid=f7fbaa4785bf30af9af54496a18fd84a
t=2026-06-19T17:12:06+0100 lvl=info msg="client session established" obj=tunnels.session
t=2026-06-19T17:12:06+0100 lvl=info msg="tunnel session started" obj=tunnels.session
t=2026-06-19T17:29:48+0100 lvl=eror msg="session closed, starting reconnect loop" obj=tunnels.session obj=csess id=e956ee608946 err="read tcp 192.168.1.37:51804->3.123.83.158:443: read: connection reset by peer"
t=2026-06-19T17:29:49+0100 lvl=info msg="client session established" obj=tunnels.session
t=2026-06-19T17:29:49+0100 lvl=info msg="tunnel session started" obj=tunnels.session
t=2026-06-19T17:45:00+0100 lvl=eror msg="session closed, starting reconnect loop" obj=tunnels.session obj=csess id=e956ee608946 err="read tcp 192.168.1.37:51859->3.122.29.226:443: read: connection reset by peer"
t=2026-06-19T17:45:01+0100 lvl=info msg="client session established" obj=tunnels.session
t=2026-06-19T17:45:01+0100 lvl=info msg="tunnel session started" obj=tunnels.session
t=2026-06-19T17:45:04+0100 lvl=eror msg="heartbeat timeout, terminating session" obj=tunnels.session obj=csess id=ea7d222648d8 clientid=f7fbaa4785bf30af9af54496a18fd84a
t=2026-06-19T17:45:14+0100 lvl=eror msg="heartbeat timeout, terminating session" obj=tunnels.session obj=csess id=f34280401772 clientid=f7fbaa4785bf30af9af54496a18fd84a
t=2026-06-19T18:10:49+0100 lvl=eror msg="heartbeat timeout, terminating session" obj=tunnels.session obj=csess id=33a6a5e13ece clientid=f7fbaa4785bf30af9af54496a18fd84a
t=2026-06-19T18:10:49+0100 lvl=eror msg="session closed, starting reconnect loop" obj=tunnels.session obj=csess id=e956ee608946 err="session closed"
t=2026-06-19T18:10:49+0100 lvl=eror msg="failed to reconnect session" obj=tunnels.session err="failed to dial ngrok server with address \"connect.ngrok-agent.com:443\": dial tcp: lookup connect.ngrok-agent.com: no such host"
t=2026-06-19T18:10:50+0100 lvl=eror msg="failed to reconnect session" obj=tunnels.session err="failed to dial ngrok server with address \"connect.ngrok-agent.com:443\": dial tcp: lookup connect.ngrok-agent.com: no such host"
t=2026-06-19T18:11:40+0100 lvl=eror msg="failed to reconnect session" obj=tunnels.session err="failed to dial ngrok server with address \"connect.ngrok-agent.com:443\": dial tcp: lookup connect.ngrok-agent.com: no such host"
t=2026-06-19T18:11:42+0100 lvl=eror msg="failed to reconnect session" obj=tunnels.session err="failed to dial ngrok server with address \"connect.ngrok-agent.com:443\": dial tcp: lookup connect.ngrok-agent.com: no such host"
t=2026-06-19T18:11:46+0100 lvl=eror msg="failed to reconnect session" obj=tunnels.session err="failed to dial ngrok server with address \"connect.ngrok-agent.com:443\": dial tcp: lookup connect.ngrok-agent.com: no such host"
t=2026-06-19T18:12:21+0100 lvl=eror msg="failed to reconnect session" obj=tunnels.session err="failed to dial ngrok server with address \"connect.ngrok-agent.com:443\": dial tcp: lookup connect.ngrok-agent.com: i/o timeout"
t=2026-06-19T18:12:47+0100 lvl=eror msg="failed to reconnect session" obj=tunnels.session err="failed to dial ngrok server with address \"connect.ngrok-agent.com:443\": dial tcp: lookup connect.ngrok-agent.com: i/o timeout"
t=2026-06-19T18:13:27+0100 lvl=eror msg="failed to reconnect session" obj=tunnels.session err="failed to dial ngrok server with address \"connect.ngrok-agent.com:443\": dial tcp: lookup connect.ngrok-agent.com: i/o timeout"
t=2026-06-19T18:14:07+0100 lvl=eror msg="failed to reconnect session" obj=tunnels.session err="failed to dial ngrok server with address \"connect.ngrok-agent.com:443\": dial tcp: lookup connect.ngrok-agent.com: i/o timeout"
t=2026-06-19T18:14:47+0100 lvl=eror msg="failed to reconnect session" obj=tunnels.session err="failed to dial ngrok server with address \"connect.ngrok-agent.com:443\": dial tcp: lookup connect.ngrok-agent.com: i/o timeout"
t=2026-06-19T18:15:17+0100 lvl=eror msg="failed to reconnect session" obj=tunnels.session err="failed to dial ngrok server with address \"connect.ngrok-agent.com:443\": dial tcp: lookup connect.ngrok-agent.com: no such host"
t=2026-06-19T18:15:47+0100 lvl=eror msg="failed to reconnect session" obj=tunnels.session err="failed to dial ngrok server with address \"connect.ngrok-agent.com:443\": dial tcp: lookup connect.ngrok-agent.com: no such host"
t=2026-06-19T18:16:17+0100 lvl=eror msg="failed to reconnect session" obj=tunnels.session err="failed to dial ngrok server with address \"connect.ngrok-agent.com:443\": dial tcp: lookup connect.ngrok-agent.com: no such host"
t=2026-06-19T18:16:47+0100 lvl=eror msg="failed to reconnect session" obj=tunnels.session err="failed to dial ngrok server with address \"connect.ngrok-agent.com:443\": dial tcp: lookup connect.ngrok-agent.com: no such host"
t=2026-06-19T18:17:27+0100 lvl=eror msg="failed to reconnect session" obj=tunnels.session err="failed to dial ngrok server with address \"connect.ngrok-agent.com:443\": dial tcp: lookup connect.ngrok-agent.com: i/o timeout"
t=2026-06-19T18:18:07+0100 lvl=eror msg="failed to reconnect session" obj=tunnels.session err="failed to dial ngrok server with address \"connect.ngrok-agent.com:443\": dial tcp: lookup connect.ngrok-agent.com: i/o timeout"
t=2026-06-19T18:18:47+0100 lvl=eror msg="failed to reconnect session" obj=tunnels.session err="failed to dial ngrok server with address \"connect.ngrok-agent.com:443\": dial tcp: lookup connect.ngrok-agent.com: i/o timeout"
t=2026-06-19T18:19:23+0100 lvl=eror msg="failed to reconnect session" obj=tunnels.session err="failed to dial ngrok server with address \"connect.ngrok-agent.com:443\": dial tcp: lookup connect.ngrok-agent.com: no such host"
t=2026-06-19T18:19:53+0100 lvl=eror msg="failed to reconnect session" obj=tunnels.session err="failed to dial ngrok server with address \"connect.ngrok-agent.com:443\": dial tcp: lookup connect.ngrok-agent.com: no such host"
t=2026-06-19T18:20:23+0100 lvl=eror msg="failed to reconnect session" obj=tunnels.session err="failed to dial ngrok server with address \"connect.ngrok-agent.com:443\": dial tcp: lookup connect.ngrok-agent.com: no such host"
t=2026-06-19T18:20:53+0100 lvl=eror msg="failed to reconnect session" obj=tunnels.session err="failed to dial ngrok server with address \"connect.ngrok-agent.com:443\": dial tcp: lookup connect.ngrok-agent.com: no such host"
t=2026-06-19T18:21:23+0100 lvl=eror msg="failed to reconnect session" obj=tunnels.session err="failed to dial ngrok server with address \"connect.ngrok-agent.com:443\": dial tcp: lookup connect.ngrok-agent.com: no such host"
t=2026-06-19T18:21:55+0100 lvl=info msg="client session established" obj=tunnels.session
t=2026-06-19T18:21:55+0100 lvl=info msg="tunnel session started" obj=tunnels.session
t=2026-06-19T19:00:19+0100 lvl=info msg="update available" obj=updater
t=2026-06-19T19:22:14+0100 lvl=eror msg="heartbeat timeout, terminating session" obj=tunnels.session obj=csess id=cf87b2262d5a clientid=f7fbaa4785bf30af9af54496a18fd84a
t=2026-06-19T19:22:14+0100 lvl=eror msg="session closed, starting reconnect loop" obj=tunnels.session obj=csess id=e956ee608946 err="session closed"
t=2026-06-19T19:22:14+0100 lvl=eror msg="failed to reconnect session" obj=tunnels.session err="failed to dial ngrok server with address \"connect.ngrok-agent.com:443\": dial tcp: lookup connect.ngrok-agent.com: no such host"
t=2026-06-19T19:22:14+0100 lvl=eror msg="failed to reconnect session" obj=tunnels.session err="failed to dial ngrok server with address \"connect.ngrok-agent.com:443\": dial tcp: lookup connect.ngrok-agent.com: no such host"
t=2026-06-19T19:22:15+0100 lvl=eror msg="failed to reconnect session" obj=tunnels.session err="failed to dial ngrok server with address \"connect.ngrok-agent.com:443\": dial tcp: lookup connect.ngrok-agent.com: no such host"
t=2026-06-19T19:22:17+0100 lvl=eror msg="failed to reconnect session" obj=tunnels.session err="failed to dial ngrok server with address \"connect.ngrok-agent.com:443\": dial tcp: lookup connect.ngrok-agent.com: no such host"
t=2026-06-19T19:22:22+0100 lvl=eror msg="failed to reconnect session" obj=tunnels.session err="failed to dial ngrok server with address \"connect.ngrok-agent.com:443\": dial tcp: lookup connect.ngrok-agent.com: no such host"
t=2026-06-19T19:22:30+0100 lvl=eror msg="failed to reconnect session" obj=tunnels.session err="failed to dial ngrok server with address \"connect.ngrok-agent.com:443\": dial tcp: lookup connect.ngrok-agent.com: no such host"
t=2026-06-19T19:22:46+0100 lvl=eror msg="failed to reconnect session" obj=tunnels.session err="failed to dial ngrok server with address \"connect.ngrok-agent.com:443\": dial tcp: lookup connect.ngrok-agent.com: no such host"
t=2026-06-19T19:23:16+0100 lvl=eror msg="failed to reconnect session" obj=tunnels.session err="failed to dial ngrok server with address \"connect.ngrok-agent.com:443\": dial tcp: lookup connect.ngrok-agent.com: no such host"
t=2026-06-19T19:23:46+0100 lvl=eror msg="failed to reconnect session" obj=tunnels.session err="failed to dial ngrok server with address \"connect.ngrok-agent.com:443\": dial tcp: lookup connect.ngrok-agent.com: no such host"
t=2026-06-19T19:24:16+0100 lvl=eror msg="failed to reconnect session" obj=tunnels.session err="failed to dial ngrok server with address \"connect.ngrok-agent.com:443\": dial tcp: lookup connect.ngrok-agent.com: no such host"
t=2026-06-19T19:24:46+0100 lvl=eror msg="failed to reconnect session" obj=tunnels.session err="failed to dial ngrok server with address \"connect.ngrok-agent.com:443\": dial tcp: lookup connect.ngrok-agent.com: no such host"
t=2026-06-19T19:25:16+0100 lvl=eror msg="failed to reconnect session" obj=tunnels.session err="failed to dial ngrok server with address \"connect.ngrok-agent.com:443\": dial tcp: lookup connect.ngrok-agent.com: no such host"
t=2026-06-19T19:25:46+0100 lvl=eror msg="failed to reconnect session" obj=tunnels.session err="failed to dial ngrok server with address \"connect.ngrok-agent.com:443\": dial tcp: lookup connect.ngrok-agent.com: no such host"
t=2026-06-19T19:26:16+0100 lvl=eror msg="failed to reconnect session" obj=tunnels.session err="failed to dial ngrok server with address \"connect.ngrok-agent.com:443\": dial tcp: lookup connect.ngrok-agent.com: no such host"
t=2026-06-19T19:26:56+0100 lvl=eror msg="failed to reconnect session" obj=tunnels.session err="failed to dial ngrok server with address \"connect.ngrok-agent.com:443\": dial tcp: lookup connect.ngrok-agent.com: i/o timeout"
t=2026-06-19T19:27:36+0100 lvl=eror msg="failed to reconnect session" obj=tunnels.session err="failed to dial ngrok server with address \"connect.ngrok-agent.com:443\": dial tcp 3.123.177.80:443: i/o timeout"
t=2026-06-19T19:28:16+0100 lvl=eror msg="failed to reconnect session" obj=tunnels.session err="failed to dial ngrok server with address \"connect.ngrok-agent.com:443\": dial tcp 3.123.177.80:443: i/o timeout"
t=2026-06-19T19:28:56+0100 lvl=eror msg="failed to reconnect session" obj=tunnels.session err="failed to dial ngrok server with address \"connect.ngrok-agent.com:443\": dial tcp 3.125.92.105:443: i/o timeout"
t=2026-06-19T19:29:46+0100 lvl=eror msg="failed to reconnect session" obj=tunnels.session err="failed to send authentication request: session closed"
t=2026-06-19T19:30:38+0100 lvl=info msg="client session established" obj=tunnels.session
t=2026-06-19T19:30:38+0100 lvl=info msg="tunnel session started" obj=tunnels.session
t=2026-06-19T19:30:50+0100 lvl=eror msg="heartbeat timeout, terminating session" obj=tunnels.session obj=csess id=5ba1082769ce clientid=f7fbaa4785bf30af9af54496a18fd84a
t=2026-06-19T19:30:50+0100 lvl=eror msg="session closed, starting reconnect loop" obj=tunnels.session obj=csess id=e956ee608946 err="session closed"
t=2026-06-19T19:31:04+0100 lvl=info msg="client session established" obj=tunnels.session
t=2026-06-19T19:31:04+0100 lvl=info msg="tunnel session started" obj=tunnels.session
t=2026-06-19T19:32:37+0100 lvl=eror msg="heartbeat timeout, terminating session" obj=tunnels.session obj=csess id=e86a5cbd8527 clientid=f7fbaa4785bf30af9af54496a18fd84a
t=2026-06-19T19:32:37+0100 lvl=eror msg="session closed, starting reconnect loop" obj=tunnels.session obj=csess id=e956ee608946 err="session closed"
t=2026-06-19T19:32:47+0100 lvl=eror msg="failed to reconnect session" obj=tunnels.session err="failed to dial ngrok server with address \"connect.ngrok-agent.com:443\": dial tcp 3.125.92.105:443: i/o timeout"
t=2026-06-19T19:32:57+0100 lvl=eror msg="failed to reconnect session" obj=tunnels.session err="failed to dial ngrok server with address \"connect.ngrok-agent.com:443\": dial tcp 3.125.92.105:443: i/o timeout"
t=2026-06-19T19:33:08+0100 lvl=eror msg="failed to reconnect session" obj=tunnels.session err="failed to dial ngrok server with address \"connect.ngrok-agent.com:443\": dial tcp 3.125.92.105:443: i/o timeout"
t=2026-06-19T19:33:18+0100 lvl=info msg="client session established" obj=tunnels.session
t=2026-06-19T19:33:18+0100 lvl=info msg="tunnel session started" obj=tunnels.session
t=2026-06-19T19:34:33+0100 lvl=eror msg="heartbeat timeout, terminating session" obj=tunnels.session obj=csess id=832d686080e9 clientid=f7fbaa4785bf30af9af54496a18fd84a
t=2026-06-19T19:34:33+0100 lvl=eror msg="session closed, starting reconnect loop" obj=tunnels.session obj=csess id=e956ee608946 err="session closed"
t=2026-06-19T19:34:43+0100 lvl=eror msg="failed to reconnect session" obj=tunnels.session err="failed to dial ngrok server with address \"connect.ngrok-agent.com:443\": dial tcp 3.125.92.105:443: i/o timeout"
t=2026-06-19T19:34:54+0100 lvl=eror msg="failed to reconnect session" obj=tunnels.session err="failed to dial ngrok server with address \"connect.ngrok-agent.com:443\": dial tcp 3.125.92.105:443: i/o timeout"
t=2026-06-19T19:35:05+0100 lvl=eror msg="failed to reconnect session" obj=tunnels.session err="failed to dial ngrok server with address \"connect.ngrok-agent.com:443\": dial tcp 3.125.92.105:443: i/o timeout"
t=2026-06-19T19:35:30+0100 lvl=info msg="client session established" obj=tunnels.session
t=2026-06-19T19:35:30+0100 lvl=info msg="tunnel session started" obj=tunnels.session
t=2026-06-19T19:36:54+0100 lvl=eror msg="heartbeat timeout, terminating session" obj=tunnels.session obj=csess id=33ea021f2617 clientid=f7fbaa4785bf30af9af54496a18fd84a
t=2026-06-19T19:36:54+0100 lvl=eror msg="session closed, starting reconnect loop" obj=tunnels.session obj=csess id=e956ee608946 err="session closed"
t=2026-06-19T19:37:04+0100 lvl=info msg="client session established" obj=tunnels.session
t=2026-06-19T19:37:04+0100 lvl=info msg="tunnel session started" obj=tunnels.session
t=2026-06-19T19:39:17+0100 lvl=eror msg="heartbeat timeout, terminating session" obj=tunnels.session obj=csess id=497c4e7bb874 clientid=f7fbaa4785bf30af9af54496a18fd84a
t=2026-06-19T19:39:17+0100 lvl=eror msg="session closed, starting reconnect loop" obj=tunnels.session obj=csess id=e956ee608946 err="session closed"
t=2026-06-19T19:39:27+0100 lvl=eror msg="failed to reconnect session" obj=tunnels.session err="failed to dial ngrok server with address \"connect.ngrok-agent.com:443\": dial tcp: lookup connect.ngrok-agent.com: i/o timeout"
t=2026-06-19T19:39:37+0100 lvl=eror msg="failed to reconnect session" obj=tunnels.session err="failed to dial ngrok server with address \"connect.ngrok-agent.com:443\": dial tcp 3.125.92.105:443: i/o timeout"
t=2026-06-19T19:39:48+0100 lvl=eror msg="failed to reconnect session" obj=tunnels.session err="failed to dial ngrok server with address \"connect.ngrok-agent.com:443\": dial tcp 3.125.92.105:443: i/o timeout"
t=2026-06-19T19:40:04+0100 lvl=eror msg="failed to reconnect session" obj=tunnels.session err="failed to send authentication request: session closed"
t=2026-06-19T19:40:18+0100 lvl=eror msg="failed to reconnect session" obj=tunnels.session err="failed to dial ngrok server with address \"connect.ngrok-agent.com:443\": dial tcp 3.122.29.226:443: i/o timeout"
t=2026-06-19T19:40:32+0100 lvl=info msg="client session established" obj=tunnels.session
t=2026-06-19T19:40:32+0100 lvl=info msg="tunnel session started" obj=tunnels.session
t=2026-06-19T19:41:46+0100 lvl=eror msg="heartbeat timeout, terminating session" obj=tunnels.session obj=csess id=1710acfc3385 clientid=f7fbaa4785bf30af9af54496a18fd84a
t=2026-06-19T19:41:46+0100 lvl=eror msg="session closed, starting reconnect loop" obj=tunnels.session obj=csess id=e956ee608946 err="session closed"
t=2026-06-19T19:41:46+0100 lvl=eror msg="failed to reconnect session" obj=tunnels.session err="failed to dial ngrok server with address \"connect.ngrok-agent.com:443\": dial tcp: lookup connect.ngrok-agent.com: no such host"
t=2026-06-19T19:41:47+0100 lvl=eror msg="failed to reconnect session" obj=tunnels.session err="failed to dial ngrok server with address \"connect.ngrok-agent.com:443\": dial tcp: lookup connect.ngrok-agent.com: no such host"
t=2026-06-19T19:41:48+0100 lvl=eror msg="failed to reconnect session" obj=tunnels.session err="failed to dial ngrok server with address \"connect.ngrok-agent.com:443\": dial tcp: lookup connect.ngrok-agent.com: no such host"
t=2026-06-19T19:41:50+0100 lvl=eror msg="failed to reconnect session" obj=tunnels.session err="failed to dial ngrok server with address \"connect.ngrok-agent.com:443\": dial tcp: lookup connect.ngrok-agent.com: no such host"
t=2026-06-19T19:41:54+0100 lvl=eror msg="failed to reconnect session" obj=tunnels.session err="failed to dial ngrok server with address \"connect.ngrok-agent.com:443\": dial tcp: lookup connect.ngrok-agent.com: no such host"
t=2026-06-19T19:42:02+0100 lvl=eror msg="failed to reconnect session" obj=tunnels.session err="failed to dial ngrok server with address \"connect.ngrok-agent.com:443\": dial tcp: lookup connect.ngrok-agent.com: no such host"
t=2026-06-19T19:42:18+0100 lvl=eror msg="failed to reconnect session" obj=tunnels.session err="failed to dial ngrok server with address \"connect.ngrok-agent.com:443\": dial tcp: lookup connect.ngrok-agent.com: no such host"
t=2026-06-19T19:42:48+0100 lvl=eror msg="failed to reconnect session" obj=tunnels.session err="failed to dial ngrok server with address \"connect.ngrok-agent.com:443\": dial tcp: lookup connect.ngrok-agent.com: no such host"
t=2026-06-19T19:43:18+0100 lvl=eror msg="failed to reconnect session" obj=tunnels.session err="failed to dial ngrok server with address \"connect.ngrok-agent.com:443\": dial tcp: lookup connect.ngrok-agent.com: no such host"
t=2026-06-19T19:43:48+0100 lvl=eror msg="failed to reconnect session" obj=tunnels.session err="failed to dial ngrok server with address \"connect.ngrok-agent.com:443\": dial tcp: lookup connect.ngrok-agent.com: no such host"
t=2026-06-19T19:44:18+0100 lvl=eror msg="failed to reconnect session" obj=tunnels.session err="failed to dial ngrok server with address \"connect.ngrok-agent.com:443\": dial tcp: lookup connect.ngrok-agent.com: no such host"
t=2026-06-19T19:44:48+0100 lvl=eror msg="failed to reconnect session" obj=tunnels.session err="failed to dial ngrok server with address \"connect.ngrok-agent.com:443\": dial tcp: lookup connect.ngrok-agent.com: no such host"
t=2026-06-19T19:45:18+0100 lvl=eror msg="failed to reconnect session" obj=tunnels.session err="failed to dial ngrok server with address \"connect.ngrok-agent.com:443\": dial tcp: lookup connect.ngrok-agent.com: no such host"
t=2026-06-19T19:45:48+0100 lvl=eror msg="failed to reconnect session" obj=tunnels.session err="failed to dial ngrok server with address \"connect.ngrok-agent.com:443\": dial tcp: lookup connect.ngrok-agent.com: no such host"
t=2026-06-19T19:46:18+0100 lvl=eror msg="failed to reconnect session" obj=tunnels.session err="failed to dial ngrok server with address \"connect.ngrok-agent.com:443\": dial tcp: lookup connect.ngrok-agent.com: no such host"
t=2026-06-19T19:46:48+0100 lvl=eror msg="failed to reconnect session" obj=tunnels.session err="failed to dial ngrok server with address \"connect.ngrok-agent.com:443\": dial tcp: lookup connect.ngrok-agent.com: no such host"
t=2026-06-19T19:47:18+0100 lvl=eror msg="failed to reconnect session" obj=tunnels.session err="failed to dial ngrok server with address \"connect.ngrok-agent.com:443\": dial tcp: lookup connect.ngrok-agent.com: no such host"
t=2026-06-19T19:47:48+0100 lvl=eror msg="failed to reconnect session" obj=tunnels.session err="failed to dial ngrok server with address \"connect.ngrok-agent.com:443\": dial tcp: lookup connect.ngrok-agent.com: no such host"
t=2026-06-19T19:48:18+0100 lvl=eror msg="failed to reconnect session" obj=tunnels.session err="failed to dial ngrok server with address \"connect.ngrok-agent.com:443\": dial tcp: lookup connect.ngrok-agent.com: no such host"
t=2026-06-19T19:48:48+0100 lvl=eror msg="failed to reconnect session" obj=tunnels.session err="failed to dial ngrok server with address \"connect.ngrok-agent.com:443\": dial tcp: lookup connect.ngrok-agent.com: no such host"
t=2026-06-19T19:49:18+0100 lvl=eror msg="failed to reconnect session" obj=tunnels.session err="failed to dial ngrok server with address \"connect.ngrok-agent.com:443\": dial tcp: lookup connect.ngrok-agent.com: no such host"
t=2026-06-19T19:49:48+0100 lvl=eror msg="failed to reconnect session" obj=tunnels.session err="failed to dial ngrok server with address \"connect.ngrok-agent.com:443\": dial tcp: lookup connect.ngrok-agent.com: no such host"
t=2026-06-19T19:50:18+0100 lvl=eror msg="failed to reconnect session" obj=tunnels.session err="failed to dial ngrok server with address \"connect.ngrok-agent.com:443\": dial tcp: lookup connect.ngrok-agent.com: no such host"
t=2026-06-19T19:50:48+0100 lvl=eror msg="failed to reconnect session" obj=tunnels.session err="failed to dial ngrok server with address \"connect.ngrok-agent.com:443\": dial tcp: lookup connect.ngrok-agent.com: no such host"
t=2026-06-19T19:51:18+0100 lvl=eror msg="failed to reconnect session" obj=tunnels.session err="failed to dial ngrok server with address \"connect.ngrok-agent.com:443\": dial tcp: lookup connect.ngrok-agent.com: no such host"
t=2026-06-19T19:51:48+0100 lvl=eror msg="failed to reconnect session" obj=tunnels.session err="failed to dial ngrok server with address \"connect.ngrok-agent.com:443\": dial tcp: lookup connect.ngrok-agent.com: no such host"
t=2026-06-19T19:52:18+0100 lvl=eror msg="failed to reconnect session" obj=tunnels.session err="failed to dial ngrok server with address \"connect.ngrok-agent.com:443\": dial tcp: lookup connect.ngrok-agent.com: no such host"
t=2026-06-19T19:52:48+0100 lvl=eror msg="failed to reconnect session" obj=tunnels.session err="failed to dial ngrok server with address \"connect.ngrok-agent.com:443\": dial tcp: lookup connect.ngrok-agent.com: no such host"
t=2026-06-19T19:53:18+0100 lvl=eror msg="failed to reconnect session" obj=tunnels.session err="failed to dial ngrok server with address \"connect.ngrok-agent.com:443\": dial tcp: lookup connect.ngrok-agent.com: no such host"
t=2026-06-19T19:53:48+0100 lvl=eror msg="failed to reconnect session" obj=tunnels.session err="failed to dial ngrok server with address \"connect.ngrok-agent.com:443\": dial tcp: lookup connect.ngrok-agent.com: no such host"
t=2026-06-19T19:54:25+0100 lvl=info msg="client session established" obj=tunnels.session
t=2026-06-19T19:54:25+0100 lvl=info msg="tunnel session started" obj=tunnels.session
t=2026-06-19T20:26:40+0100 lvl=eror msg="heartbeat timeout, terminating session" obj=tunnels.session obj=csess id=7cc7375383fa clientid=f7fbaa4785bf30af9af54496a18fd84a
t=2026-06-19T20:26:40+0100 lvl=eror msg="session closed, starting reconnect loop" obj=tunnels.session obj=csess id=e956ee608946 err="session closed"
t=2026-06-19T20:26:50+0100 lvl=eror msg="failed to reconnect session" obj=tunnels.session err="failed to dial ngrok server with address \"connect.ngrok-agent.com:443\": dial tcp: lookup connect.ngrok-agent.com: i/o timeout"
t=2026-06-19T20:27:00+0100 lvl=eror msg="failed to reconnect session" obj=tunnels.session err="failed to dial ngrok server with address \"connect.ngrok-agent.com:443\": dial tcp: lookup connect.ngrok-agent.com: i/o timeout"
t=2026-06-19T20:27:11+0100 lvl=eror msg="failed to reconnect session" obj=tunnels.session err="failed to dial ngrok server with address \"connect.ngrok-agent.com:443\": dial tcp: lookup connect.ngrok-agent.com: i/o timeout"
t=2026-06-19T20:27:27+0100 lvl=info msg="client session established" obj=tunnels.session
t=2026-06-19T20:27:27+0100 lvl=info msg="tunnel session started" obj=tunnels.session
t=2026-06-19T22:48:29+0100 lvl=eror msg="heartbeat timeout, terminating session" obj=tunnels.session obj=csess id=e4652b1808a2 clientid=f7fbaa4785bf30af9af54496a18fd84a
t=2026-06-19T22:48:31+0100 lvl=eror msg="session closed, starting reconnect loop" obj=tunnels.session obj=csess id=e956ee608946 err="session closed"
t=2026-06-19T22:48:31+0100 lvl=eror msg="failed to reconnect session" obj=tunnels.session err="failed to dial ngrok server with address \"connect.ngrok-agent.com:443\": dial tcp: lookup connect.ngrok-agent.com: no such host"
t=2026-06-19T22:48:31+0100 lvl=eror msg="failed to reconnect session" obj=tunnels.session err="failed to dial ngrok server with address \"connect.ngrok-agent.com:443\": dial tcp: lookup connect.ngrok-agent.com: no such host"
t=2026-06-19T22:48:32+0100 lvl=eror msg="failed to reconnect session" obj=tunnels.session err="failed to dial ngrok server with address \"connect.ngrok-agent.com:443\": dial tcp: lookup connect.ngrok-agent.com: no such host"
t=2026-06-19T22:48:34+0100 lvl=eror msg="failed to reconnect session" obj=tunnels.session err="failed to dial ngrok server with address \"connect.ngrok-agent.com:443\": dial tcp: lookup connect.ngrok-agent.com: no such host"
t=2026-06-19T22:48:45+0100 lvl=info msg="client session established" obj=tunnels.session
t=2026-06-19T22:48:45+0100 lvl=info msg="tunnel session started" obj=tunnels.session
t=2026-06-19T23:16:20+0100 lvl=eror msg="heartbeat timeout, terminating session" obj=tunnels.session obj=csess id=91ffa755e2b9 clientid=f7fbaa4785bf30af9af54496a18fd84a
t=2026-06-19T23:16:20+0100 lvl=eror msg="session closed, starting reconnect loop" obj=tunnels.session obj=csess id=e956ee608946 err="session closed"
t=2026-06-19T23:16:35+0100 lvl=info msg="client session established" obj=tunnels.session
t=2026-06-19T23:16:35+0100 lvl=info msg="tunnel session started" obj=tunnels.session
t=2026-06-19T23:23:24+0100 lvl=eror msg="session closed, starting reconnect loop" obj=tunnels.session obj=csess id=e956ee608946 err="read tcp 192.168.1.36:55839->3.123.177.80:443: read: connection reset by peer"
t=2026-06-19T23:23:37+0100 lvl=eror msg="failed to reconnect session" obj=tunnels.session err="failed to send authentication request: failed to fetch CRL. errors encountered: timed out fetching CRL"
t=2026-06-19T23:23:41+0100 lvl=info msg="client session established" obj=tunnels.session
t=2026-06-19T23:23:41+0100 lvl=info msg="tunnel session started" obj=tunnels.session
t=2026-06-19T23:23:44+0100 lvl=eror msg="heartbeat timeout, terminating session" obj=tunnels.session obj=csess id=2819c66cfb23 clientid=f7fbaa4785bf30af9af54496a18fd84a
t=2026-06-19T23:28:22+0100 lvl=eror msg="heartbeat timeout, terminating session" obj=tunnels.session obj=csess id=159de11adf9e clientid=f7fbaa4785bf30af9af54496a18fd84a
t=2026-06-19T23:28:22+0100 lvl=eror msg="session closed, starting reconnect loop" obj=tunnels.session obj=csess id=e956ee608946 err="session closed"
t=2026-06-19T23:28:32+0100 lvl=eror msg="failed to reconnect session" obj=tunnels.session err="failed to dial ngrok server with address \"connect.ngrok-agent.com:443\": dial tcp: lookup connect.ngrok-agent.com: i/o timeout"
t=2026-06-19T23:28:42+0100 lvl=eror msg="failed to reconnect session" obj=tunnels.session err="failed to dial ngrok server with address \"connect.ngrok-agent.com:443\": dial tcp: lookup connect.ngrok-agent.com: i/o timeout"
t=2026-06-19T23:28:53+0100 lvl=eror msg="failed to reconnect session" obj=tunnels.session err="failed to dial ngrok server with address \"connect.ngrok-agent.com:443\": dial tcp: lookup connect.ngrok-agent.com: i/o timeout"
t=2026-06-19T23:29:05+0100 lvl=eror msg="failed to reconnect session" obj=tunnels.session err="failed to dial ngrok server with address \"connect.ngrok-agent.com:443\": dial tcp 3.123.83.158:443: i/o timeout"
t=2026-06-19T23:29:27+0100 lvl=eror msg="failed to reconnect session" obj=tunnels.session err="failed to send authentication request: session closed"
t=2026-06-19T23:29:48+0100 lvl=info msg="client session established" obj=tunnels.session
t=2026-06-19T23:29:48+0100 lvl=info msg="tunnel session started" obj=tunnels.session
t=2026-06-20T01:01:17+0100 lvl=warn msg="failed to check for update" obj=updater err="Post \"https://update.equinox.io/check\": context deadline exceeded"
t=2026-06-20T01:40:05+0100 lvl=eror msg="session closed, starting reconnect loop" obj=tunnels.session obj=csess id=e956ee608946 err="read tcp 192.168.1.36:56509->3.123.177.80:443: read: connection reset by peer"
t=2026-06-20T01:40:06+0100 lvl=eror msg="failed to reconnect session" obj=tunnels.session err="failed to send authentication request: failed to fetch CRL. errors encountered: Get \"http://crl.ngrok-agent.com/ngrok.crl\": dial tcp [2600:9000:2046:3400:8:ba10:9900:93a1]:80: connect: no route to host"
t=2026-06-20T01:40:07+0100 lvl=eror msg="failed to reconnect session" obj=tunnels.session err="failed to send authentication request: failed to fetch CRL. errors encountered: Get \"http://crl.ngrok-agent.com/ngrok.crl\": dial tcp [2600:9000:2046:3400:8:ba10:9900:93a1]:80: connect: no route to host"
t=2026-06-20T01:40:08+0100 lvl=eror msg="failed to reconnect session" obj=tunnels.session err="failed to send authentication request: failed to fetch CRL. errors encountered: Get \"http://crl.ngrok-agent.com/ngrok.crl\": dial tcp [2600:9000:2046:3400:8:ba10:9900:93a1]:80: connect: no route to host"
t=2026-06-20T01:40:09+0100 lvl=eror msg="heartbeat timeout, terminating session" obj=tunnels.session obj=csess id=041cb2c351fe clientid=f7fbaa4785bf30af9af54496a18fd84a
t=2026-06-20T01:40:10+0100 lvl=eror msg="failed to reconnect session" obj=tunnels.session err="failed to send authentication request: failed to fetch CRL. errors encountered: Get \"http://crl.ngrok-agent.com/ngrok.crl\": dial tcp [2600:9000:2046:3400:8:ba10:9900:93a1]:80: connect: no route to host"
t=2026-06-20T01:40:14+0100 lvl=eror msg="failed to reconnect session" obj=tunnels.session err="failed to send authentication request: failed to fetch CRL. errors encountered: Get \"http://crl.ngrok-agent.com/ngrok.crl\": dial tcp [2600:9000:2046:3400:8:ba10:9900:93a1]:80: connect: no route to host"
t=2026-06-20T01:40:23+0100 lvl=eror msg="failed to reconnect session" obj=tunnels.session err="failed to send authentication request: failed to fetch CRL. errors encountered: Get \"http://crl.ngrok-agent.com/ngrok.crl\": dial tcp [2600:9000:2046:3400:8:ba10:9900:93a1]:80: connect: no route to host"
t=2026-06-20T02:05:20+0100 lvl=info msg="client session established" obj=tunnels.session
t=2026-06-20T02:05:20+0100 lvl=info msg="tunnel session started" obj=tunnels.session
t=2026-06-20T03:54:09+0100 lvl=eror msg="session closed, starting reconnect loop" obj=tunnels.session obj=csess id=e956ee608946 err="read tcp 192.168.1.36:57715->3.122.29.226:443: read: connection reset by peer"
t=2026-06-20T03:54:13+0100 lvl=info msg="client session established" obj=tunnels.session
t=2026-06-20T03:54:13+0100 lvl=info msg="tunnel session started" obj=tunnels.session
t=2026-06-20T03:54:23+0100 lvl=eror msg="heartbeat timeout, terminating session" obj=tunnels.session obj=csess id=582f9d9aa950 clientid=f7fbaa4785bf30af9af54496a18fd84a
t=2026-06-20T05:37:00+0100 lvl=eror msg="session closed, starting reconnect loop" obj=tunnels.session obj=csess id=e956ee608946 err="read tcp 192.168.1.36:58464->3.125.234.140:443: read: connection reset by peer"
t=2026-06-20T05:37:01+0100 lvl=info msg="client session established" obj=tunnels.session
t=2026-06-20T05:37:01+0100 lvl=info msg="tunnel session started" obj=tunnels.session
t=2026-06-20T05:37:15+0100 lvl=eror msg="heartbeat timeout, terminating session" obj=tunnels.session obj=csess id=c68dca9e2476 clientid=f7fbaa4785bf30af9af54496a18fd84a
t=2026-06-20T05:54:05+0100 lvl=eror msg="session closed, starting reconnect loop" obj=tunnels.session obj=csess id=e956ee608946 err="read tcp 192.168.1.36:58540->3.123.177.80:443: read: connection reset by peer"
t=2026-06-20T05:54:06+0100 lvl=info msg="client session established" obj=tunnels.session
t=2026-06-20T05:54:06+0100 lvl=info msg="tunnel session started" obj=tunnels.session
t=2026-06-20T06:20:58+0100 lvl=eror msg="heartbeat timeout, terminating session" obj=tunnels.session obj=csess id=d868718a4855 clientid=f7fbaa4785bf30af9af54496a18fd84a
t=2026-06-20T06:21:08+0100 lvl=eror msg="heartbeat timeout, terminating session" obj=tunnels.session obj=csess id=50f8e551f0d9 clientid=f7fbaa4785bf30af9af54496a18fd84a
t=2026-06-20T06:21:08+0100 lvl=eror msg="session closed, starting reconnect loop" obj=tunnels.session obj=csess id=e956ee608946 err="session closed"
t=2026-06-20T06:21:08+0100 lvl=eror msg="failed to reconnect session" obj=tunnels.session err="failed to dial ngrok server with address \"connect.ngrok-agent.com:443\": dial tcp: lookup connect.ngrok-agent.com: no such host"
t=2026-06-20T06:21:08+0100 lvl=eror msg="failed to reconnect session" obj=tunnels.session err="failed to dial ngrok server with address \"connect.ngrok-agent.com:443\": dial tcp: lookup connect.ngrok-agent.com: no such host"
t=2026-06-20T06:21:09+0100 lvl=eror msg="failed to reconnect session" obj=tunnels.session err="failed to dial ngrok server with address \"connect.ngrok-agent.com:443\": dial tcp: lookup connect.ngrok-agent.com: no such host"
t=2026-06-20T06:21:11+0100 lvl=eror msg="failed to reconnect session" obj=tunnels.session err="failed to dial ngrok server with address \"connect.ngrok-agent.com:443\": dial tcp: lookup connect.ngrok-agent.com: no such host"
t=2026-06-20T06:21:15+0100 lvl=eror msg="failed to reconnect session" obj=tunnels.session err="failed to dial ngrok server with address \"connect.ngrok-agent.com:443\": dial tcp: lookup connect.ngrok-agent.com: no such host"
t=2026-06-20T06:22:11+0100 lvl=eror msg="failed to reconnect session" obj=tunnels.session err="failed to dial ngrok server with address \"connect.ngrok-agent.com:443\": dial tcp: lookup connect.ngrok-agent.com: no such host"
t=2026-06-20T06:27:41+0100 lvl=eror msg="failed to reconnect session" obj=tunnels.session err="failed to dial ngrok server with address \"connect.ngrok-agent.com:443\": dial tcp: lookup connect.ngrok-agent.com: no such host"
t=2026-06-20T06:38:05+0100 lvl=info msg="client session established" obj=tunnels.session
t=2026-06-20T06:38:05+0100 lvl=info msg="tunnel session started" obj=tunnels.session
t=2026-06-20T07:12:56+0100 lvl=eror msg="session closed, starting reconnect loop" obj=tunnels.session obj=csess id=e956ee608946 err="read tcp 192.168.1.35:59307->52.28.187.147:443: read: connection reset by peer"
t=2026-06-20T07:12:59+0100 lvl=info msg="client session established" obj=tunnels.session
t=2026-06-20T07:12:59+0100 lvl=info msg="tunnel session started" obj=tunnels.session
t=2026-06-20T07:39:00+0100 lvl=eror msg="session closed, starting reconnect loop" obj=tunnels.session obj=csess id=e956ee608946 err="read tcp 192.168.1.35:59415->3.125.234.140:443: read: connection reset by peer"
t=2026-06-20T07:39:01+0100 lvl=info msg="client session established" obj=tunnels.session
t=2026-06-20T07:39:01+0100 lvl=info msg="tunnel session started" obj=tunnels.session
t=2026-06-20T07:39:03+0100 lvl=eror msg="heartbeat timeout, terminating session" obj=tunnels.session obj=csess id=3a42cfab5a01 clientid=f7fbaa4785bf30af9af54496a18fd84a
t=2026-06-20T07:56:52+0100 lvl=eror msg="heartbeat timeout, terminating session" obj=tunnels.session obj=csess id=a3e51dacfafc clientid=f7fbaa4785bf30af9af54496a18fd84a
t=2026-06-20T07:56:59+0100 lvl=eror msg="session closed, starting reconnect loop" obj=tunnels.session obj=csess id=e956ee608946 err="read tcp 192.168.1.35:59465->3.123.83.158:443: read: connection reset by peer"
t=2026-06-20T07:57:00+0100 lvl=info msg="client session established" obj=tunnels.session
t=2026-06-20T07:57:00+0100 lvl=info msg="tunnel session started" obj=tunnels.session
t=2026-06-20T07:57:14+0100 lvl=eror msg="heartbeat timeout, terminating session" obj=tunnels.session obj=csess id=c187671ea34a clientid=f7fbaa4785bf30af9af54496a18fd84a
t=2026-06-20T08:33:48+0100 lvl=eror msg="session closed, starting reconnect loop" obj=tunnels.session obj=csess id=e956ee608946 err="read tcp 192.168.1.35:59502->3.123.177.80:443: read: connection reset by peer"
t=2026-06-20T08:33:49+0100 lvl=info msg="client session established" obj=tunnels.session
t=2026-06-20T08:33:49+0100 lvl=info msg="tunnel session started" obj=tunnels.session
t=2026-06-20T08:40:03+0100 lvl=eror msg="session closed, starting reconnect loop" obj=tunnels.session obj=csess id=e956ee608946 err="read tcp 192.168.1.35:59576->3.125.92.105:443: read: connection reset by peer"
t=2026-06-20T08:40:04+0100 lvl=info msg="client session established" obj=tunnels.session
t=2026-06-20T08:40:04+0100 lvl=info msg="tunnel session started" obj=tunnels.session
t=2026-06-20T08:40:08+0100 lvl=eror msg="heartbeat timeout, terminating session" obj=tunnels.session obj=csess id=e7e5e52370cf clientid=f7fbaa4785bf30af9af54496a18fd84a
t=2026-06-20T08:57:16+0100 lvl=eror msg="session closed, starting reconnect loop" obj=tunnels.session obj=csess id=e956ee608946 err="read tcp 192.168.1.35:59605->3.123.83.158:443: read: connection reset by peer"
t=2026-06-20T08:57:20+0100 lvl=info msg="client session established" obj=tunnels.session
t=2026-06-20T08:57:20+0100 lvl=info msg="tunnel session started" obj=tunnels.session
t=2026-06-20T08:57:20+0100 lvl=eror msg="heartbeat timeout, terminating session" obj=tunnels.session obj=csess id=a111273be9fe clientid=f7fbaa4785bf30af9af54496a18fd84a
t=2026-06-20T09:14:02+0100 lvl=eror msg="session closed, starting reconnect loop" obj=tunnels.session obj=csess id=e956ee608946 err="read tcp 192.168.1.35:59614->52.28.187.147:443: read: connection reset by peer"
t=2026-06-20T09:14:04+0100 lvl=info msg="client session established" obj=tunnels.session
t=2026-06-20T09:14:04+0100 lvl=info msg="tunnel session started" obj=tunnels.session
t=2026-06-20T09:14:04+0100 lvl=eror msg="heartbeat timeout, terminating session" obj=tunnels.session obj=csess id=000ad6558d77 clientid=f7fbaa4785bf30af9af54496a18fd84a
t=2026-06-20T09:14:16+0100 lvl=eror msg="heartbeat timeout, terminating session" obj=tunnels.session obj=csess id=a31477321393 clientid=f7fbaa4785bf30af9af54496a18fd84a
t=2026-06-20T09:41:00+0100 lvl=eror msg="session closed, starting reconnect loop" obj=tunnels.session obj=csess id=e956ee608946 err="read tcp 192.168.1.35:59644->3.125.234.140:443: read: connection reset by peer"
t=2026-06-20T09:41:01+0100 lvl=info msg="client session established" obj=tunnels.session
t=2026-06-20T09:41:01+0100 lvl=info msg="tunnel session started" obj=tunnels.session
t=2026-06-20T09:41:15+0100 lvl=eror msg="heartbeat timeout, terminating session" obj=tunnels.session obj=csess id=1a04aed4ae74 clientid=f7fbaa4785bf30af9af54496a18fd84a
t=2026-06-20T09:57:32+0100 lvl=eror msg="session closed, starting reconnect loop" obj=tunnels.session obj=csess id=e956ee608946 err="read tcp 192.168.1.35:59708->3.125.92.105:443: read: connection reset by peer"
t=2026-06-20T09:57:36+0100 lvl=info msg="client session established" obj=tunnels.session
t=2026-06-20T09:57:36+0100 lvl=info msg="tunnel session started" obj=tunnels.session
t=2026-06-20T09:57:47+0100 lvl=eror msg="heartbeat timeout, terminating session" obj=tunnels.session obj=csess id=f403f1db2229 clientid=f7fbaa4785bf30af9af54496a18fd84a
t=2026-06-20T11:12:19+0100 lvl=eror msg="heartbeat timeout, terminating session" obj=tunnels.session obj=csess id=d7e2a46d62b5 clientid=f7fbaa4785bf30af9af54496a18fd84a
t=2026-06-20T11:12:19+0100 lvl=eror msg="session closed, starting reconnect loop" obj=tunnels.session obj=csess id=e956ee608946 err="session closed"
t=2026-06-20T11:12:19+0100 lvl=eror msg="failed to reconnect session" obj=tunnels.session err="failed to dial ngrok server with address \"connect.ngrok-agent.com:443\": dial tcp: lookup connect.ngrok-agent.com: no such host"
t=2026-06-20T11:12:20+0100 lvl=eror msg="failed to reconnect session" obj=tunnels.session err="failed to dial ngrok server with address \"connect.ngrok-agent.com:443\": dial tcp: lookup connect.ngrok-agent.com: no such host"
t=2026-06-20T11:12:21+0100 lvl=eror msg="failed to reconnect session" obj=tunnels.session err="failed to dial ngrok server with address \"connect.ngrok-agent.com:443\": dial tcp: lookup connect.ngrok-agent.com: no such host"
t=2026-06-20T11:12:23+0100 lvl=eror msg="failed to reconnect session" obj=tunnels.session err="failed to dial ngrok server with address \"connect.ngrok-agent.com:443\": dial tcp: lookup connect.ngrok-agent.com: no such host"
t=2026-06-20T11:12:27+0100 lvl=eror msg="failed to reconnect session" obj=tunnels.session err="failed to dial ngrok server with address \"connect.ngrok-agent.com:443\": dial tcp: lookup connect.ngrok-agent.com: no such host"
t=2026-06-20T11:12:35+0100 lvl=eror msg="failed to reconnect session" obj=tunnels.session err="failed to dial ngrok server with address \"connect.ngrok-agent.com:443\": dial tcp: lookup connect.ngrok-agent.com: no such host"
t=2026-06-20T11:38:51+0100 lvl=info msg="client session established" obj=tunnels.session
t=2026-06-20T11:38:51+0100 lvl=info msg="tunnel session started" obj=tunnels.session
t=2026-06-20T12:11:10+0100 lvl=info msg="join connections" obj=join id=1bcfc365ec3c l=[::1]:3001 r=105.106.20.57:61003
t=2026-06-20T12:11:10+0100 lvl=info msg="join connections" obj=join id=680ccdaa3154 l=[::1]:3001 r=105.106.20.57:61003
t=2026-06-20T12:11:10+0100 lvl=info msg="join connections" obj=join id=8b3445f7050b l=[::1]:3001 r=105.106.20.57:61003
t=2026-06-20T12:11:10+0100 lvl=info msg="join connections" obj=join id=2d9b741af091 l=[::1]:3001 r=105.106.20.57:61003
t=2026-06-20T12:11:10+0100 lvl=info msg="join connections" obj=join id=e6743c566815 l=[::1]:3001 r=105.106.20.57:61003
t=2026-06-20T12:11:10+0100 lvl=info msg="join connections" obj=join id=d5b6cefacfab l=[::1]:3001 r=105.106.20.57:61003
t=2026-06-20T12:11:12+0100 lvl=info msg="join connections" obj=join id=8ab76aa1946d l=[::1]:3001 r=105.106.20.57:61003
t=2026-06-20T12:11:12+0100 lvl=info msg="join connections" obj=join id=208fc4379a1e l=[::1]:3001 r=105.106.20.57:61003
t=2026-06-20T12:11:12+0100 lvl=info msg="join connections" obj=join id=aa580f2c5531 l=[::1]:3001 r=105.106.20.57:61003
t=2026-06-20T12:11:14+0100 lvl=info msg="join connections" obj=join id=414baa6fbcc7 l=[::1]:3001 r=105.106.20.57:61003
t=2026-06-20T12:11:22+0100 lvl=info msg="join connections" obj=join id=b12a6ac8c8c6 l=[::1]:3001 r=105.106.20.57:61015
t=2026-06-20T12:11:26+0100 lvl=info msg="join connections" obj=join id=8e38c382b463 l=[::1]:3001 r=105.106.20.57:61015
t=2026-06-20T12:11:26+0100 lvl=info msg="join connections" obj=join id=fcb5edc0b684 l=[::1]:3001 r=105.106.20.57:61015
t=2026-06-20T12:11:26+0100 lvl=info msg="join connections" obj=join id=154e1ea0e00b l=[::1]:3001 r=105.106.20.57:61015
t=2026-06-20T12:11:26+0100 lvl=info msg="join connections" obj=join id=2fb5c6a8c248 l=[::1]:3001 r=105.106.20.57:61015
t=2026-06-20T12:11:26+0100 lvl=info msg="join connections" obj=join id=e987e117790e l=[::1]:3001 r=105.106.20.57:61015
t=2026-06-20T12:11:30+0100 lvl=info msg="join connections" obj=join id=31b95990567f l=[::1]:3001 r=105.106.20.57:61015
t=2026-06-20T12:11:30+0100 lvl=info msg="join connections" obj=join id=d599ad985d5e l=[::1]:3001 r=105.106.20.57:61015
t=2026-06-20T12:11:30+0100 lvl=info msg="join connections" obj=join id=23d87a449ff4 l=[::1]:3001 r=105.106.20.57:61015
t=2026-06-20T12:11:30+0100 lvl=info msg="join connections" obj=join id=b70cf88368d7 l=[::1]:3001 r=105.106.20.57:61015
t=2026-06-20T12:20:00+0100 lvl=info msg="join connections" obj=join id=680ed696d3bb l=[::1]:3001 r=[2a01:e0a:2df:12f0:1d2d:1d48:f11e:d455]:63517
t=2026-06-20T12:20:00+0100 lvl=info msg="join connections" obj=join id=f3be61926e49 l=[::1]:3001 r=[2a01:e0a:2df:12f0:1d2d:1d48:f11e:d455]:63517
t=2026-06-20T12:20:00+0100 lvl=info msg="join connections" obj=join id=b1f0dc007ce5 l=[::1]:3001 r=[2a01:e0a:2df:12f0:1d2d:1d48:f11e:d455]:63517
t=2026-06-20T12:20:00+0100 lvl=info msg="join connections" obj=join id=7793e1ff7986 l=[::1]:3001 r=[2a01:e0a:2df:12f0:1d2d:1d48:f11e:d455]:63517
t=2026-06-20T12:20:04+0100 lvl=info msg="join connections" obj=join id=393b207ff72b l=[::1]:3001 r=[2a01:e0a:2df:12f0:1d2d:1d48:f11e:d455]:63517
t=2026-06-20T12:20:04+0100 lvl=info msg="join connections" obj=join id=c51e2fae816d l=[::1]:3001 r=[2a01:e0a:2df:12f0:1d2d:1d48:f11e:d455]:63517
t=2026-06-20T12:20:04+0100 lvl=info msg="join connections" obj=join id=418a08b8a648 l=[::1]:3001 r=[2a01:e0a:2df:12f0:1d2d:1d48:f11e:d455]:63517
t=2026-06-20T12:20:14+0100 lvl=info msg="join connections" obj=join id=b494b92a095f l=[::1]:3001 r=[2a01:e0a:2df:12f0:1d2d:1d48:f11e:d455]:63517
t=2026-06-20T12:20:33+0100 lvl=info msg="join connections" obj=join id=3955d02d7860 l=[::1]:3001 r=[2a01:e0a:2df:12f0:1d2d:1d48:f11e:d455]:63517
t=2026-06-20T12:20:37+0100 lvl=info msg="join connections" obj=join id=918c5defdea0 l=[::1]:3001 r=[2a01:e0a:2df:12f0:1d2d:1d48:f11e:d455]:63517
t=2026-06-20T12:20:37+0100 lvl=info msg="join connections" obj=join id=2380d2858c0c l=[::1]:3001 r=[2a01:e0a:2df:12f0:1d2d:1d48:f11e:d455]:63517
t=2026-06-20T12:20:37+0100 lvl=info msg="join connections" obj=join id=9b2af6aeab1b l=[::1]:3001 r=[2a01:e0a:2df:12f0:1d2d:1d48:f11e:d455]:63517
t=2026-06-20T12:20:37+0100 lvl=info msg="join connections" obj=join id=3c1a5989798b l=[::1]:3001 r=[2a01:e0a:2df:12f0:1d2d:1d48:f11e:d455]:63517
t=2026-06-20T12:20:37+0100 lvl=info msg="join connections" obj=join id=c45487b6e4cc l=[::1]:3001 r=[2a01:e0a:2df:12f0:1d2d:1d48:f11e:d455]:63517
t=2026-06-20T12:20:37+0100 lvl=info msg="join connections" obj=join id=6c91632e80fe l=[::1]:3001 r=[2a01:e0a:2df:12f0:1d2d:1d48:f11e:d455]:63517
t=2026-06-20T12:21:09+0100 lvl=info msg="join connections" obj=join id=6feba9a119fe l=[::1]:3001 r=[2a01:e0a:2df:12f0:1d2d:1d48:f11e:d455]:63517
t=2026-06-20T12:21:09+0100 lvl=info msg="join connections" obj=join id=e4cde28fa9f6 l=[::1]:3001 r=[2a01:e0a:2df:12f0:1d2d:1d48:f11e:d455]:63517
t=2026-06-20T12:21:09+0100 lvl=info msg="join connections" obj=join id=21a3081ca248 l=[::1]:3001 r=[2a01:e0a:2df:12f0:1d2d:1d48:f11e:d455]:63517
t=2026-06-20T12:21:09+0100 lvl=info msg="join connections" obj=join id=d813dda133f0 l=[::1]:3001 r=[2a01:e0a:2df:12f0:1d2d:1d48:f11e:d455]:63517
t=2026-06-20T12:21:09+0100 lvl=info msg="join connections" obj=join id=bdb4cb3294b5 l=[::1]:3001 r=[2a01:e0a:2df:12f0:1d2d:1d48:f11e:d455]:63517
t=2026-06-20T12:21:09+0100 lvl=info msg="join connections" obj=join id=0b0be106056f l=[::1]:3001 r=[2a01:e0a:2df:12f0:1d2d:1d48:f11e:d455]:63517
t=2026-06-20T12:21:10+0100 lvl=info msg="join connections" obj=join id=62320702a105 l=[::1]:3001 r=[2a01:e0a:2df:12f0:1d2d:1d48:f11e:d455]:63517
t=2026-06-20T12:21:10+0100 lvl=info msg="join connections" obj=join id=862c0dfe412b l=[::1]:3001 r=[2a01:e0a:2df:12f0:1d2d:1d48:f11e:d455]:63517
t=2026-06-20T12:21:10+0100 lvl=info msg="join connections" obj=join id=c247ee289b16 l=[::1]:3001 r=[2a01:e0a:2df:12f0:1d2d:1d48:f11e:d455]:63517
t=2026-06-20T12:21:10+0100 lvl=info msg="join connections" obj=join id=a77b15e01600 l=[::1]:3001 r=[2a01:e0a:2df:12f0:1d2d:1d48:f11e:d455]:63517
t=2026-06-20T12:21:26+0100 lvl=info msg="join connections" obj=join id=41435de729ea l=[::1]:3001 r=[2a01:e0a:2df:12f0:1d2d:1d48:f11e:d455]:63517
t=2026-06-20T12:21:26+0100 lvl=info msg="join connections" obj=join id=fef9a0dba215 l=[::1]:3001 r=[2a01:e0a:2df:12f0:1d2d:1d48:f11e:d455]:63517
t=2026-06-20T12:21:27+0100 lvl=info msg="join connections" obj=join id=dc1a0c9b4bb3 l=[::1]:3001 r=[2a01:e0a:2df:12f0:1d2d:1d48:f11e:d455]:63517
t=2026-06-20T12:21:27+0100 lvl=info msg="join connections" obj=join id=acfe46f4f6ec l=[::1]:3001 r=[2a01:e0a:2df:12f0:1d2d:1d48:f11e:d455]:63517
t=2026-06-20T12:21:27+0100 lvl=info msg="join connections" obj=join id=71415bc1db98 l=[::1]:3001 r=[2a01:e0a:2df:12f0:1d2d:1d48:f11e:d455]:63517
t=2026-06-20T12:21:27+0100 lvl=info msg="join connections" obj=join id=c24bef7289d6 l=[::1]:3001 r=[2a01:e0a:2df:12f0:1d2d:1d48:f11e:d455]:63517
t=2026-06-20T12:21:27+0100 lvl=info msg="join connections" obj=join id=9945910a1958 l=[::1]:3001 r=[2a01:e0a:2df:12f0:1d2d:1d48:f11e:d455]:63517
t=2026-06-20T12:21:27+0100 lvl=info msg="join connections" obj=join id=78b7da315474 l=[::1]:3001 r=[2a01:e0a:2df:12f0:1d2d:1d48:f11e:d455]:63517
t=2026-06-20T12:21:27+0100 lvl=info msg="join connections" obj=join id=e174b4fc8cde l=[::1]:3001 r=[2a01:e0a:2df:12f0:1d2d:1d48:f11e:d455]:63517
t=2026-06-20T12:21:27+0100 lvl=info msg="join connections" obj=join id=3cf6485cabe0 l=[::1]:3001 r=[2a01:e0a:2df:12f0:1d2d:1d48:f11e:d455]:63517
t=2026-06-20T12:21:27+0100 lvl=info msg="join connections" obj=join id=f927619dda5f l=[::1]:3001 r=[2a01:e0a:2df:12f0:1d2d:1d48:f11e:d455]:63517
t=2026-06-20T12:21:27+0100 lvl=info msg="join connections" obj=join id=4a0690dc4149 l=[::1]:3001 r=[2a01:e0a:2df:12f0:1d2d:1d48:f11e:d455]:63517
t=2026-06-20T12:21:28+0100 lvl=info msg="join connections" obj=join id=eae792244277 l=[::1]:3001 r=[2a01:e0a:2df:12f0:1d2d:1d48:f11e:d455]:63517
t=2026-06-20T12:21:28+0100 lvl=info msg="join connections" obj=join id=f95f721bb211 l=[::1]:3001 r=[2a01:e0a:2df:12f0:1d2d:1d48:f11e:d455]:63517
t=2026-06-20T12:21:28+0100 lvl=info msg="join connections" obj=join id=cab9a3ffef7d l=[::1]:3001 r=[2a01:e0a:2df:12f0:1d2d:1d48:f11e:d455]:63517
t=2026-06-20T12:21:28+0100 lvl=info msg="join connections" obj=join id=335f7d9f3cb1 l=[::1]:3001 r=[2a01:e0a:2df:12f0:1d2d:1d48:f11e:d455]:63517
t=2026-06-20T12:21:28+0100 lvl=info msg="join connections" obj=join id=b0a16a7bc25f l=[::1]:3001 r=[2a01:e0a:2df:12f0:1d2d:1d48:f11e:d455]:63517
t=2026-06-20T12:21:28+0100 lvl=info msg="join connections" obj=join id=ba8d4735295f l=[::1]:3001 r=[2a01:e0a:2df:12f0:1d2d:1d48:f11e:d455]:63517
t=2026-06-20T12:21:28+0100 lvl=info msg="join connections" obj=join id=302b7dc646ff l=[::1]:3001 r=[2a01:e0a:2df:12f0:1d2d:1d48:f11e:d455]:63517
t=2026-06-20T12:21:28+0100 lvl=info msg="join connections" obj=join id=4ea9c7dc1c4b l=[::1]:3001 r=[2a01:e0a:2df:12f0:1d2d:1d48:f11e:d455]:63517
t=2026-06-20T12:21:28+0100 lvl=info msg="join connections" obj=join id=71f3747710c6 l=[::1]:3001 r=[2a01:e0a:2df:12f0:1d2d:1d48:f11e:d455]:63517
t=2026-06-20T12:21:28+0100 lvl=info msg="join connections" obj=join id=26a5f5f3744b l=[::1]:3001 r=[2a01:e0a:2df:12f0:1d2d:1d48:f11e:d455]:63517
t=2026-06-20T12:21:28+0100 lvl=info msg="join connections" obj=join id=41f2fcc1e646 l=[::1]:3001 r=[2a01:e0a:2df:12f0:1d2d:1d48:f11e:d455]:63517
t=2026-06-20T12:21:28+0100 lvl=info msg="join connections" obj=join id=f034927e7f8a l=[::1]:3001 r=[2a01:e0a:2df:12f0:1d2d:1d48:f11e:d455]:63517
t=2026-06-20T12:21:28+0100 lvl=info msg="join connections" obj=join id=0fd22bf41b69 l=[::1]:3001 r=[2a01:e0a:2df:12f0:1d2d:1d48:f11e:d455]:63517
t=2026-06-20T12:21:28+0100 lvl=info msg="join connections" obj=join id=83df844cbe0e l=[::1]:3001 r=[2a01:e0a:2df:12f0:1d2d:1d48:f11e:d455]:63517
t=2026-06-20T12:21:29+0100 lvl=info msg="join connections" obj=join id=672628e7583d l=[::1]:3001 r=[2a01:e0a:2df:12f0:1d2d:1d48:f11e:d455]:63517
t=2026-06-20T12:21:29+0100 lvl=info msg="join connections" obj=join id=aaa2ea87c947 l=[::1]:3001 r=[2a01:e0a:2df:12f0:1d2d:1d48:f11e:d455]:63517
t=2026-06-20T12:22:04+0100 lvl=info msg="join connections" obj=join id=c98ea307cc19 l=[::1]:3001 r=[2a01:e0a:2df:12f0:1d2d:1d48:f11e:d455]:63517
t=2026-06-20T12:22:04+0100 lvl=info msg="join connections" obj=join id=019d0652f4bb l=[::1]:3001 r=[2a01:e0a:2df:12f0:1d2d:1d48:f11e:d455]:63517
t=2026-06-20T12:22:04+0100 lvl=info msg="join connections" obj=join id=dca559bc865c l=[::1]:3001 r=[2a01:e0a:2df:12f0:1d2d:1d48:f11e:d455]:63517
t=2026-06-20T12:22:04+0100 lvl=info msg="join connections" obj=join id=dbaff798a35c l=[::1]:3001 r=[2a01:e0a:2df:12f0:1d2d:1d48:f11e:d455]:63517
t=2026-06-20T12:22:04+0100 lvl=info msg="join connections" obj=join id=6638ed5d9747 l=[::1]:3001 r=[2a01:e0a:2df:12f0:1d2d:1d48:f11e:d455]:63517
t=2026-06-20T12:22:04+0100 lvl=info msg="join connections" obj=join id=fcade0708919 l=[::1]:3001 r=[2a01:e0a:2df:12f0:1d2d:1d48:f11e:d455]:63517
t=2026-06-20T12:22:04+0100 lvl=info msg="join connections" obj=join id=f2ddde9c6e45 l=[::1]:3001 r=[2a01:e0a:2df:12f0:1d2d:1d48:f11e:d455]:63517
t=2026-06-20T12:22:04+0100 lvl=info msg="join connections" obj=join id=39e429446f32 l=[::1]:3001 r=[2a01:e0a:2df:12f0:1d2d:1d48:f11e:d455]:63517
t=2026-06-20T12:22:04+0100 lvl=info msg="join connections" obj=join id=6ec6fa40b141 l=[::1]:3001 r=[2a01:e0a:2df:12f0:1d2d:1d48:f11e:d455]:63517
t=2026-06-20T12:22:04+0100 lvl=info msg="join connections" obj=join id=6f85d6549aba l=[::1]:3001 r=[2a01:e0a:2df:12f0:1d2d:1d48:f11e:d455]:63517
t=2026-06-20T12:22:04+0100 lvl=info msg="join connections" obj=join id=e486ebb2d75e l=[::1]:3001 r=[2a01:e0a:2df:12f0:1d2d:1d48:f11e:d455]:63517
t=2026-06-20T12:22:19+0100 lvl=info msg="join connections" obj=join id=567073509550 l=[::1]:3001 r=[2a01:e0a:2df:12f0:1d2d:1d48:f11e:d455]:63517
t=2026-06-20T12:22:20+0100 lvl=info msg="join connections" obj=join id=6ac34bb30024 l=[::1]:3001 r=[2a01:e0a:2df:12f0:1d2d:1d48:f11e:d455]:63517
t=2026-06-20T12:22:20+0100 lvl=info msg="join connections" obj=join id=54a57a6ea622 l=[::1]:3001 r=[2a01:e0a:2df:12f0:1d2d:1d48:f11e:d455]:63517
t=2026-06-20T12:22:20+0100 lvl=info msg="join connections" obj=join id=71004da1b204 l=[::1]:3001 r=[2a01:e0a:2df:12f0:1d2d:1d48:f11e:d455]:63517
t=2026-06-20T12:22:20+0100 lvl=info msg="join connections" obj=join id=c3998472a849 l=[::1]:3001 r=[2a01:e0a:2df:12f0:1d2d:1d48:f11e:d455]:63517
t=2026-06-20T12:22:20+0100 lvl=info msg="join connections" obj=join id=43d5d4fc32a2 l=[::1]:3001 r=[2a01:e0a:2df:12f0:1d2d:1d48:f11e:d455]:63517
t=2026-06-20T12:22:20+0100 lvl=info msg="join connections" obj=join id=7b957d9792d9 l=[::1]:3001 r=[2a01:e0a:2df:12f0:1d2d:1d48:f11e:d455]:63517
t=2026-06-20T12:22:20+0100 lvl=info msg="join connections" obj=join id=d94561e2f873 l=[::1]:3001 r=[2a01:e0a:2df:12f0:1d2d:1d48:f11e:d455]:63517
t=2026-06-20T12:22:20+0100 lvl=info msg="join connections" obj=join id=4fe9e38ffb22 l=[::1]:3001 r=[2a01:e0a:2df:12f0:1d2d:1d48:f11e:d455]:63517
t=2026-06-20T12:22:20+0100 lvl=info msg="join connections" obj=join id=6b4ac119d38e l=[::1]:3001 r=[2a01:e0a:2df:12f0:1d2d:1d48:f11e:d455]:63517
t=2026-06-20T12:25:10+0100 lvl=info msg="join connections" obj=join id=26f99e006bf9 l=[::1]:3001 r=[2a01:e0a:2df:12f0:1d2d:1d48:f11e:d455]:63517
t=2026-06-20T12:25:10+0100 lvl=info msg="join connections" obj=join id=a1661b4d659d l=[::1]:3001 r=[2a01:e0a:2df:12f0:1d2d:1d48:f11e:d455]:63517
t=2026-06-20T12:25:10+0100 lvl=info msg="join connections" obj=join id=9addcf5b3eed l=[::1]:3001 r=[2a01:e0a:2df:12f0:1d2d:1d48:f11e:d455]:63517
t=2026-06-20T12:25:10+0100 lvl=info msg="join connections" obj=join id=e004584a4832 l=[::1]:3001 r=[2a01:e0a:2df:12f0:1d2d:1d48:f11e:d455]:63517
t=2026-06-20T12:25:10+0100 lvl=info msg="join connections" obj=join id=e576cc0a1322 l=[::1]:3001 r=[2a01:e0a:2df:12f0:1d2d:1d48:f11e:d455]:63517
t=2026-06-20T12:25:10+0100 lvl=info msg="join connections" obj=join id=15f3dbca377c l=[::1]:3001 r=[2a01:e0a:2df:12f0:1d2d:1d48:f11e:d455]:63517
t=2026-06-20T12:25:10+0100 lvl=info msg="join connections" obj=join id=714cb4451688 l=[::1]:3001 r=[2a01:e0a:2df:12f0:1d2d:1d48:f11e:d455]:63517
t=2026-06-20T12:25:10+0100 lvl=info msg="join connections" obj=join id=d5978fcaee9a l=[::1]:3001 r=[2a01:e0a:2df:12f0:1d2d:1d48:f11e:d455]:63517
t=2026-06-20T12:25:10+0100 lvl=info msg="join connections" obj=join id=e764288fd385 l=[::1]:3001 r=[2a01:e0a:2df:12f0:1d2d:1d48:f11e:d455]:63517
t=2026-06-20T12:25:10+0100 lvl=info msg="join connections" obj=join id=414643ec56bf l=[::1]:3001 r=[2a01:e0a:2df:12f0:1d2d:1d48:f11e:d455]:63517
t=2026-06-20T12:25:10+0100 lvl=info msg="join connections" obj=join id=69170ccd6a96 l=[::1]:3001 r=[2a01:e0a:2df:12f0:1d2d:1d48:f11e:d455]:63517
t=2026-06-20T12:25:10+0100 lvl=info msg="join connections" obj=join id=c0a844ed3245 l=[::1]:3001 r=[2a01:e0a:2df:12f0:1d2d:1d48:f11e:d455]:63517
t=2026-06-20T12:25:10+0100 lvl=info msg="join connections" obj=join id=844db27c6fde l=[::1]:3001 r=[2a01:e0a:2df:12f0:1d2d:1d48:f11e:d455]:63517
t=2026-06-20T12:25:10+0100 lvl=info msg="join connections" obj=join id=a23a34bfdd47 l=[::1]:3001 r=[2a01:e0a:2df:12f0:1d2d:1d48:f11e:d455]:63517
t=2026-06-20T12:25:10+0100 lvl=info msg="join connections" obj=join id=693fc05c480b l=[::1]:3001 r=[2a01:e0a:2df:12f0:1d2d:1d48:f11e:d455]:63517
t=2026-06-20T12:25:10+0100 lvl=info msg="join connections" obj=join id=c915ab66ba0f l=[::1]:3001 r=[2a01:e0a:2df:12f0:1d2d:1d48:f11e:d455]:63517
t=2026-06-20T12:25:10+0100 lvl=info msg="join connections" obj=join id=f29aeb0aa0d1 l=[::1]:3001 r=[2a01:e0a:2df:12f0:1d2d:1d48:f11e:d455]:63517
t=2026-06-20T12:25:10+0100 lvl=info msg="join connections" obj=join id=fcb18087e0a6 l=[::1]:3001 r=[2a01:e0a:2df:12f0:1d2d:1d48:f11e:d455]:63517
t=2026-06-20T12:25:10+0100 lvl=info msg="join connections" obj=join id=31b3ea4a3abd l=[::1]:3001 r=[2a01:e0a:2df:12f0:1d2d:1d48:f11e:d455]:63517
t=2026-06-20T12:25:10+0100 lvl=info msg="join connections" obj=join id=9bd828bdffd4 l=[::1]:3001 r=[2a01:e0a:2df:12f0:1d2d:1d48:f11e:d455]:63517
t=2026-06-20T12:27:12+0100 lvl=info msg="join connections" obj=join id=05ad360b6cc0 l=[::1]:3001 r=[2a01:e0a:2df:12f0:1d2d:1d48:f11e:d455]:63517
t=2026-06-20T12:27:13+0100 lvl=info msg="join connections" obj=join id=03c2e80c894b l=[::1]:3001 r=[2a01:e0a:2df:12f0:1d2d:1d48:f11e:d455]:63517
t=2026-06-20T12:27:13+0100 lvl=info msg="join connections" obj=join id=cf8bae53291c l=[::1]:3001 r=[2a01:e0a:2df:12f0:1d2d:1d48:f11e:d455]:63517
t=2026-06-20T12:27:13+0100 lvl=info msg="join connections" obj=join id=78642c71e7e3 l=[::1]:3001 r=[2a01:e0a:2df:12f0:1d2d:1d48:f11e:d455]:63517
t=2026-06-20T12:27:13+0100 lvl=info msg="join connections" obj=join id=7ec6acc81c28 l=[::1]:3001 r=[2a01:e0a:2df:12f0:1d2d:1d48:f11e:d455]:63517
t=2026-06-20T12:27:13+0100 lvl=info msg="join connections" obj=join id=805e31aa2e2f l=[::1]:3001 r=[2a01:e0a:2df:12f0:1d2d:1d48:f11e:d455]:63517
t=2026-06-20T12:27:13+0100 lvl=info msg="join connections" obj=join id=d1de3fcc0a8f l=[::1]:3001 r=[2a01:e0a:2df:12f0:1d2d:1d48:f11e:d455]:63517
t=2026-06-20T12:27:13+0100 lvl=info msg="join connections" obj=join id=d127a115a20a l=[::1]:3001 r=[2a01:e0a:2df:12f0:1d2d:1d48:f11e:d455]:63517
t=2026-06-20T12:27:13+0100 lvl=info msg="join connections" obj=join id=a35a4b27239a l=[::1]:3001 r=[2a01:e0a:2df:12f0:1d2d:1d48:f11e:d455]:63517
t=2026-06-20T12:27:13+0100 lvl=info msg="join connections" obj=join id=04898b2504ba l=[::1]:3001 r=[2a01:e0a:2df:12f0:1d2d:1d48:f11e:d455]:63517
t=2026-06-20T12:28:15+0100 lvl=info msg="join connections" obj=join id=e27508a2f869 l=[::1]:3001 r=105.106.20.57:61015
t=2026-06-20T12:28:16+0100 lvl=info msg="join connections" obj=join id=06c47d5f6627 l=[::1]:3001 r=105.106.20.57:61015
t=2026-06-20T12:28:16+0100 lvl=info msg="join connections" obj=join id=130ad28f927d l=[::1]:3001 r=105.106.20.57:61015
t=2026-06-20T12:28:17+0100 lvl=info msg="join connections" obj=join id=12a0c5164041 l=[::1]:3001 r=105.106.20.57:61015
t=2026-06-20T12:28:17+0100 lvl=info msg="join connections" obj=join id=1403a10fe5e3 l=[::1]:3001 r=105.106.20.57:61015
t=2026-06-20T12:28:17+0100 lvl=info msg="join connections" obj=join id=80363a9a2619 l=[::1]:3001 r=105.106.20.57:61015
t=2026-06-20T12:28:17+0100 lvl=info msg="join connections" obj=join id=66688876a7ad l=[::1]:3001 r=105.106.20.57:61015
t=2026-06-20T12:28:17+0100 lvl=info msg="join connections" obj=join id=f8620c7438ea l=[::1]:3001 r=105.106.20.57:61015
t=2026-06-20T12:28:17+0100 lvl=info msg="join connections" obj=join id=72ff642ea854 l=[::1]:3001 r=105.106.20.57:61015
t=2026-06-20T12:28:17+0100 lvl=info msg="join connections" obj=join id=3a601e30b67c l=[::1]:3001 r=105.106.20.57:61015
t=2026-06-20T12:30:52+0100 lvl=info msg="join connections" obj=join id=ea8daa44ac2c l=[::1]:3001 r=[2a01:e0a:2df:12f0:1d2d:1d48:f11e:d455]:63517
t=2026-06-20T12:30:53+0100 lvl=info msg="join connections" obj=join id=0e843c3b4f8b l=[::1]:3001 r=[2a01:e0a:2df:12f0:1d2d:1d48:f11e:d455]:63517
t=2026-06-20T12:30:53+0100 lvl=info msg="join connections" obj=join id=925fc5bfabc9 l=[::1]:3001 r=[2a01:e0a:2df:12f0:1d2d:1d48:f11e:d455]:63517
t=2026-06-20T12:30:53+0100 lvl=info msg="join connections" obj=join id=e80239b3d27c l=[::1]:3001 r=[2a01:e0a:2df:12f0:1d2d:1d48:f11e:d455]:63517
t=2026-06-20T12:30:53+0100 lvl=info msg="join connections" obj=join id=4ba945bd3968 l=[::1]:3001 r=[2a01:e0a:2df:12f0:1d2d:1d48:f11e:d455]:63517
t=2026-06-20T12:30:53+0100 lvl=info msg="join connections" obj=join id=09bd6d25cc72 l=[::1]:3001 r=[2a01:e0a:2df:12f0:1d2d:1d48:f11e:d455]:63517
t=2026-06-20T12:30:53+0100 lvl=info msg="join connections" obj=join id=1eb183712ba0 l=[::1]:3001 r=[2a01:e0a:2df:12f0:1d2d:1d48:f11e:d455]:63517
t=2026-06-20T12:30:53+0100 lvl=info msg="join connections" obj=join id=f992a786cc6f l=[::1]:3001 r=[2a01:e0a:2df:12f0:1d2d:1d48:f11e:d455]:63517
t=2026-06-20T12:30:53+0100 lvl=info msg="join connections" obj=join id=dc448da5562e l=[::1]:3001 r=[2a01:e0a:2df:12f0:1d2d:1d48:f11e:d455]:63517
t=2026-06-20T12:30:53+0100 lvl=info msg="join connections" obj=join id=3699417abda3 l=[::1]:3001 r=[2a01:e0a:2df:12f0:1d2d:1d48:f11e:d455]:63517
t=2026-06-20T12:31:00+0100 lvl=info msg="join connections" obj=join id=e65b40bef2df l=[::1]:3001 r=105.106.20.57:61362
t=2026-06-20T12:31:01+0100 lvl=info msg="join connections" obj=join id=d63147a56225 l=[::1]:3001 r=105.106.20.57:61362
t=2026-06-20T12:31:01+0100 lvl=info msg="join connections" obj=join id=b5d069d7d6ed l=[::1]:3001 r=105.106.20.57:61362
t=2026-06-20T12:31:01+0100 lvl=info msg="join connections" obj=join id=d4bf83229609 l=[::1]:3001 r=105.106.20.57:61362
t=2026-06-20T12:31:01+0100 lvl=info msg="join connections" obj=join id=1df25384056c l=[::1]:3001 r=105.106.20.57:61362
t=2026-06-20T12:31:01+0100 lvl=info msg="join connections" obj=join id=4241c4815f7c l=[::1]:3001 r=105.106.20.57:61362
t=2026-06-20T12:31:01+0100 lvl=info msg="join connections" obj=join id=75ab50bb9dd8 l=[::1]:3001 r=105.106.20.57:61362
t=2026-06-20T12:31:01+0100 lvl=info msg="join connections" obj=join id=24e23d18b433 l=[::1]:3001 r=105.106.20.57:61362
t=2026-06-20T12:31:13+0100 lvl=info msg="join connections" obj=join id=72b0eea343dc l=[::1]:3001 r=105.106.20.57:61362
t=2026-06-20T12:31:13+0100 lvl=info msg="join connections" obj=join id=2debd5cf558d l=[::1]:3001 r=105.106.20.57:61362
t=2026-06-20T12:31:13+0100 lvl=info msg="join connections" obj=join id=5ed3faff9df0 l=[::1]:3001 r=105.106.20.57:61362
t=2026-06-20T12:31:13+0100 lvl=info msg="join connections" obj=join id=38f97cae631b l=[::1]:3001 r=105.106.20.57:61362
t=2026-06-20T12:31:13+0100 lvl=info msg="join connections" obj=join id=b9e148380bfc l=[::1]:3001 r=105.106.20.57:61362
t=2026-06-20T12:31:13+0100 lvl=info msg="join connections" obj=join id=d4fdc08237cd l=[::1]:3001 r=105.106.20.57:61362
t=2026-06-20T12:31:13+0100 lvl=info msg="join connections" obj=join id=e7e4bc8b1b5a l=[::1]:3001 r=105.106.20.57:61362
t=2026-06-20T12:31:20+0100 lvl=info msg="join connections" obj=join id=26fd4eba20ff l=[::1]:3001 r=105.106.20.57:61362
t=2026-06-20T12:31:20+0100 lvl=info msg="join connections" obj=join id=fb7722f6fd46 l=[::1]:3001 r=105.106.20.57:61362
t=2026-06-20T12:31:20+0100 lvl=info msg="join connections" obj=join id=7cd70960d990 l=[::1]:3001 r=105.106.20.57:61362
t=2026-06-20T12:31:20+0100 lvl=info msg="join connections" obj=join id=b459628e041f l=[::1]:3001 r=105.106.20.57:61362
t=2026-06-20T12:31:20+0100 lvl=info msg="join connections" obj=join id=213a4e2c3acf l=[::1]:3001 r=105.106.20.57:61362
t=2026-06-20T12:31:21+0100 lvl=info msg="join connections" obj=join id=7f09e3809f73 l=[::1]:3001 r=105.106.20.57:61362
t=2026-06-20T12:31:21+0100 lvl=info msg="join connections" obj=join id=c0d453b29519 l=[::1]:3001 r=105.106.20.57:61362
t=2026-06-20T12:31:23+0100 lvl=info msg="join connections" obj=join id=2cf883033dac l=[::1]:3001 r=[2a01:e0a:2df:12f0:1d2d:1d48:f11e:d455]:63517
t=2026-06-20T12:31:23+0100 lvl=info msg="join connections" obj=join id=61cfaa16f080 l=[::1]:3001 r=[2a01:e0a:2df:12f0:1d2d:1d48:f11e:d455]:63517
t=2026-06-20T12:31:23+0100 lvl=info msg="join connections" obj=join id=3ed860849717 l=[::1]:3001 r=[2a01:e0a:2df:12f0:1d2d:1d48:f11e:d455]:63517
t=2026-06-20T12:31:23+0100 lvl=info msg="join connections" obj=join id=3b9573c0fea4 l=[::1]:3001 r=[2a01:e0a:2df:12f0:1d2d:1d48:f11e:d455]:63517
t=2026-06-20T12:31:23+0100 lvl=info msg="join connections" obj=join id=74f0bfce2136 l=[::1]:3001 r=[2a01:e0a:2df:12f0:1d2d:1d48:f11e:d455]:63517
t=2026-06-20T12:31:23+0100 lvl=info msg="join connections" obj=join id=2055c8a82062 l=[::1]:3001 r=[2a01:e0a:2df:12f0:1d2d:1d48:f11e:d455]:63517
t=2026-06-20T12:31:23+0100 lvl=info msg="join connections" obj=join id=7934a4111bfa l=[::1]:3001 r=[2a01:e0a:2df:12f0:1d2d:1d48:f11e:d455]:63517
t=2026-06-20T12:31:23+0100 lvl=info msg="join connections" obj=join id=6332616fd920 l=[::1]:3001 r=[2a01:e0a:2df:12f0:1d2d:1d48:f11e:d455]:63517
t=2026-06-20T12:31:23+0100 lvl=info msg="join connections" obj=join id=e094750affb5 l=[::1]:3001 r=[2a01:e0a:2df:12f0:1d2d:1d48:f11e:d455]:63517
t=2026-06-20T12:31:23+0100 lvl=info msg="join connections" obj=join id=c087e544a287 l=[::1]:3001 r=[2a01:e0a:2df:12f0:1d2d:1d48:f11e:d455]:63517
t=2026-06-20T12:31:30+0100 lvl=info msg="join connections" obj=join id=5cec922a5e79 l=[::1]:3001 r=[2a01:e0a:2df:12f0:1d2d:1d48:f11e:d455]:63517
t=2026-06-20T12:31:31+0100 lvl=info msg="join connections" obj=join id=08f3a9ef7449 l=[::1]:3001 r=[2a01:e0a:2df:12f0:1d2d:1d48:f11e:d455]:63517
t=2026-06-20T12:31:31+0100 lvl=info msg="join connections" obj=join id=e5f884e6e54e l=[::1]:3001 r=[2a01:e0a:2df:12f0:1d2d:1d48:f11e:d455]:63517
t=2026-06-20T12:31:31+0100 lvl=info msg="join connections" obj=join id=f26370b4ccc7 l=[::1]:3001 r=[2a01:e0a:2df:12f0:1d2d:1d48:f11e:d455]:63517
t=2026-06-20T12:31:31+0100 lvl=info msg="join connections" obj=join id=cff33bf26713 l=[::1]:3001 r=[2a01:e0a:2df:12f0:1d2d:1d48:f11e:d455]:63517
t=2026-06-20T12:31:31+0100 lvl=info msg="join connections" obj=join id=389d6ed9d5c7 l=[::1]:3001 r=[2a01:e0a:2df:12f0:1d2d:1d48:f11e:d455]:63517
t=2026-06-20T12:31:31+0100 lvl=info msg="join connections" obj=join id=3b11b3d507b8 l=[::1]:3001 r=[2a01:e0a:2df:12f0:1d2d:1d48:f11e:d455]:63517
t=2026-06-20T12:31:31+0100 lvl=info msg="join connections" obj=join id=07f0bba58387 l=[::1]:3001 r=[2a01:e0a:2df:12f0:1d2d:1d48:f11e:d455]:63517
t=2026-06-20T12:31:31+0100 lvl=info msg="join connections" obj=join id=055031bdcbc3 l=[::1]:3001 r=[2a01:e0a:2df:12f0:1d2d:1d48:f11e:d455]:63517
t=2026-06-20T12:31:31+0100 lvl=info msg="join connections" obj=join id=c3de882af7e0 l=[::1]:3001 r=[2a01:e0a:2df:12f0:1d2d:1d48:f11e:d455]:63517
t=2026-06-20T12:31:40+0100 lvl=info msg="join connections" obj=join id=27d521483bc6 l=[::1]:3001 r=[2a01:e0a:2df:12f0:1d2d:1d48:f11e:d455]:63517
t=2026-06-20T12:31:41+0100 lvl=info msg="join connections" obj=join id=09c5023c255e l=[::1]:3001 r=[2a01:e0a:2df:12f0:1d2d:1d48:f11e:d455]:63517
t=2026-06-20T12:31:41+0100 lvl=info msg="join connections" obj=join id=bc83b4fc3309 l=[::1]:3001 r=[2a01:e0a:2df:12f0:1d2d:1d48:f11e:d455]:63517
t=2026-06-20T12:31:41+0100 lvl=info msg="join connections" obj=join id=f2097777b85c l=[::1]:3001 r=[2a01:e0a:2df:12f0:1d2d:1d48:f11e:d455]:63517
t=2026-06-20T12:31:41+0100 lvl=info msg="join connections" obj=join id=09d828ad3fa5 l=[::1]:3001 r=[2a01:e0a:2df:12f0:1d2d:1d48:f11e:d455]:63517
t=2026-06-20T12:31:41+0100 lvl=info msg="join connections" obj=join id=b41d35feb0bf l=[::1]:3001 r=[2a01:e0a:2df:12f0:1d2d:1d48:f11e:d455]:63517
t=2026-06-20T12:31:41+0100 lvl=info msg="join connections" obj=join id=d3e0f34a29f8 l=[::1]:3001 r=[2a01:e0a:2df:12f0:1d2d:1d48:f11e:d455]:63517
t=2026-06-20T12:31:41+0100 lvl=info msg="join connections" obj=join id=8296757e2555 l=[::1]:3001 r=[2a01:e0a:2df:12f0:1d2d:1d48:f11e:d455]:63517
t=2026-06-20T12:31:41+0100 lvl=info msg="join connections" obj=join id=04b9a439faca l=[::1]:3001 r=[2a01:e0a:2df:12f0:1d2d:1d48:f11e:d455]:63517
t=2026-06-20T12:31:41+0100 lvl=info msg="join connections" obj=join id=b10a333c1070 l=[::1]:3001 r=[2a01:e0a:2df:12f0:1d2d:1d48:f11e:d455]:63517
t=2026-06-20T12:31:41+0100 lvl=info msg="join connections" obj=join id=50b95bcdfeeb l=[::1]:3001 r=[2a01:e0a:2df:12f0:1d2d:1d48:f11e:d455]:63517
t=2026-06-20T12:31:41+0100 lvl=info msg="join connections" obj=join id=e0b99df6c48d l=[::1]:3001 r=[2a01:e0a:2df:12f0:1d2d:1d48:f11e:d455]:63517
t=2026-06-20T12:31:41+0100 lvl=info msg="join connections" obj=join id=371ae17b3656 l=[::1]:3001 r=[2a01:e0a:2df:12f0:1d2d:1d48:f11e:d455]:63517
t=2026-06-20T12:31:41+0100 lvl=info msg="join connections" obj=join id=f8383440aa6a l=[::1]:3001 r=[2a01:e0a:2df:12f0:1d2d:1d48:f11e:d455]:63517
t=2026-06-20T12:31:41+0100 lvl=info msg="join connections" obj=join id=8aa8cdde69c0 l=[::1]:3001 r=[2a01:e0a:2df:12f0:1d2d:1d48:f11e:d455]:63517
t=2026-06-20T12:31:41+0100 lvl=info msg="join connections" obj=join id=b839acadddc2 l=[::1]:3001 r=[2a01:e0a:2df:12f0:1d2d:1d48:f11e:d455]:63517
t=2026-06-20T12:31:41+0100 lvl=info msg="join connections" obj=join id=b2652ae310ff l=[::1]:3001 r=[2a01:e0a:2df:12f0:1d2d:1d48:f11e:d455]:63517
t=2026-06-20T12:31:41+0100 lvl=info msg="join connections" obj=join id=8caba9118e4a l=[::1]:3001 r=[2a01:e0a:2df:12f0:1d2d:1d48:f11e:d455]:63517
t=2026-06-20T12:31:41+0100 lvl=info msg="join connections" obj=join id=c1dac3621b72 l=[::1]:3001 r=[2a01:e0a:2df:12f0:1d2d:1d48:f11e:d455]:63517
t=2026-06-20T12:31:41+0100 lvl=info msg="join connections" obj=join id=0b7188f14ea3 l=[::1]:3001 r=[2a01:e0a:2df:12f0:1d2d:1d48:f11e:d455]:63517
t=2026-06-20T12:31:55+0100 lvl=info msg="join connections" obj=join id=68558e94d0bf l=[::1]:3001 r=[2a01:e0a:2df:12f0:1d2d:1d48:f11e:d455]:63517
t=2026-06-20T12:31:56+0100 lvl=info msg="join connections" obj=join id=46fec865b923 l=[::1]:3001 r=[2a01:e0a:2df:12f0:1d2d:1d48:f11e:d455]:63517
t=2026-06-20T12:31:56+0100 lvl=info msg="join connections" obj=join id=76891a4a6453 l=[::1]:3001 r=[2a01:e0a:2df:12f0:1d2d:1d48:f11e:d455]:63517
t=2026-06-20T12:31:56+0100 lvl=info msg="join connections" obj=join id=449248770dfa l=[::1]:3001 r=[2a01:e0a:2df:12f0:1d2d:1d48:f11e:d455]:63517
t=2026-06-20T12:31:56+0100 lvl=info msg="join connections" obj=join id=ffe07bf29c8b l=[::1]:3001 r=[2a01:e0a:2df:12f0:1d2d:1d48:f11e:d455]:63517
t=2026-06-20T12:31:56+0100 lvl=info msg="join connections" obj=join id=d0b22a1876dd l=[::1]:3001 r=[2a01:e0a:2df:12f0:1d2d:1d48:f11e:d455]:63517
t=2026-06-20T12:31:56+0100 lvl=info msg="join connections" obj=join id=1fd64edd0ea7 l=[::1]:3001 r=[2a01:e0a:2df:12f0:1d2d:1d48:f11e:d455]:63517
t=2026-06-20T12:31:56+0100 lvl=info msg="join connections" obj=join id=55c0d58e01e8 l=[::1]:3001 r=[2a01:e0a:2df:12f0:1d2d:1d48:f11e:d455]:63517
t=2026-06-20T12:31:56+0100 lvl=info msg="join connections" obj=join id=1b53a0a96253 l=[::1]:3001 r=[2a01:e0a:2df:12f0:1d2d:1d48:f11e:d455]:63517
t=2026-06-20T12:31:56+0100 lvl=info msg="join connections" obj=join id=12dddd9e20a0 l=[::1]:3001 r=[2a01:e0a:2df:12f0:1d2d:1d48:f11e:d455]:63517
t=2026-06-20T12:32:02+0100 lvl=info msg="join connections" obj=join id=e4a98d0dfcbe l=[::1]:3001 r=[2a01:e0a:2df:12f0:1d2d:1d48:f11e:d455]:63517
t=2026-06-20T12:32:39+0100 lvl=info msg="join connections" obj=join id=4ab1b9db466d l=[::1]:3001 r=[2a01:e0a:2df:12f0:1d2d:1d48:f11e:d455]:63517
t=2026-06-20T12:32:39+0100 lvl=info msg="join connections" obj=join id=ae01078c5de3 l=[::1]:3001 r=[2a01:e0a:2df:12f0:1d2d:1d48:f11e:d455]:63517
t=2026-06-20T12:32:43+0100 lvl=info msg="join connections" obj=join id=2a4f6685bf74 l=[::1]:3001 r=[2a01:e0a:2df:12f0:1d2d:1d48:f11e:d455]:63517
t=2026-06-20T12:32:43+0100 lvl=info msg="join connections" obj=join id=1a8e40076e45 l=[::1]:3001 r=[2a01:e0a:2df:12f0:1d2d:1d48:f11e:d455]:63517
t=2026-06-20T12:32:43+0100 lvl=info msg="join connections" obj=join id=a3f80481bf95 l=[::1]:3001 r=[2a01:e0a:2df:12f0:1d2d:1d48:f11e:d455]:63517
t=2026-06-20T12:32:43+0100 lvl=info msg="join connections" obj=join id=fc4b008f4f26 l=[::1]:3001 r=[2a01:e0a:2df:12f0:1d2d:1d48:f11e:d455]:63517
t=2026-06-20T12:32:43+0100 lvl=info msg="join connections" obj=join id=32a713f7b23d l=[::1]:3001 r=[2a01:e0a:2df:12f0:1d2d:1d48:f11e:d455]:63517
t=2026-06-20T12:32:43+0100 lvl=info msg="join connections" obj=join id=269bb34efe49 l=[::1]:3001 r=[2a01:e0a:2df:12f0:1d2d:1d48:f11e:d455]:63517
t=2026-06-20T12:32:43+0100 lvl=info msg="join connections" obj=join id=2271a1e65ea8 l=[::1]:3001 r=[2a01:e0a:2df:12f0:1d2d:1d48:f11e:d455]:63517
t=2026-06-20T12:32:43+0100 lvl=info msg="join connections" obj=join id=9a626da84301 l=[::1]:3001 r=[2a01:e0a:2df:12f0:1d2d:1d48:f11e:d455]:63517
t=2026-06-20T12:32:57+0100 lvl=info msg="join connections" obj=join id=bf85098ce2bf l=[::1]:3001 r=105.106.20.57:61362
t=2026-06-20T12:32:57+0100 lvl=info msg="join connections" obj=join id=c4502caca418 l=[::1]:3001 r=105.106.20.57:61362
t=2026-06-20T12:32:57+0100 lvl=info msg="join connections" obj=join id=d5c3d6ab3334 l=[::1]:3001 r=105.106.20.57:61362
t=2026-06-20T12:32:57+0100 lvl=info msg="join connections" obj=join id=e17c69dd6859 l=[::1]:3001 r=105.106.20.57:61362
t=2026-06-20T12:32:57+0100 lvl=info msg="join connections" obj=join id=fa8f4d309a5f l=[::1]:3001 r=105.106.20.57:61362
t=2026-06-20T12:32:57+0100 lvl=info msg="join connections" obj=join id=5f74cf898e1f l=[::1]:3001 r=105.106.20.57:61362
t=2026-06-20T12:32:57+0100 lvl=info msg="join connections" obj=join id=bb5f02c0fa47 l=[::1]:3001 r=105.106.20.57:61362
t=2026-06-20T12:32:57+0100 lvl=info msg="join connections" obj=join id=7c10909b9e1a l=[::1]:3001 r=105.106.20.57:61362
t=2026-06-20T12:32:57+0100 lvl=info msg="join connections" obj=join id=e746c942dc56 l=[::1]:3001 r=105.106.20.57:61362
t=2026-06-20T12:33:29+0100 lvl=info msg="join connections" obj=join id=3cec46d68777 l=[::1]:3001 r=[2a01:e0a:2df:12f0:1d2d:1d48:f11e:d455]:63517
t=2026-06-20T12:33:30+0100 lvl=info msg="join connections" obj=join id=99d092776cb2 l=[::1]:3001 r=[2a01:e0a:2df:12f0:1d2d:1d48:f11e:d455]:63517
t=2026-06-20T12:33:30+0100 lvl=info msg="join connections" obj=join id=6f0f46b413d8 l=[::1]:3001 r=[2a01:e0a:2df:12f0:1d2d:1d48:f11e:d455]:63517
t=2026-06-20T12:33:30+0100 lvl=info msg="join connections" obj=join id=5cd4668da224 l=[::1]:3001 r=[2a01:e0a:2df:12f0:1d2d:1d48:f11e:d455]:63517
t=2026-06-20T12:33:30+0100 lvl=info msg="join connections" obj=join id=2d0f90d14ae1 l=[::1]:3001 r=[2a01:e0a:2df:12f0:1d2d:1d48:f11e:d455]:63517
t=2026-06-20T12:33:30+0100 lvl=info msg="join connections" obj=join id=d68ed2a7ee6a l=[::1]:3001 r=[2a01:e0a:2df:12f0:1d2d:1d48:f11e:d455]:63517
t=2026-06-20T12:33:30+0100 lvl=info msg="join connections" obj=join id=47718792adf8 l=[::1]:3001 r=[2a01:e0a:2df:12f0:1d2d:1d48:f11e:d455]:63517
t=2026-06-20T12:33:30+0100 lvl=info msg="join connections" obj=join id=47363d5799bb l=[::1]:3001 r=[2a01:e0a:2df:12f0:1d2d:1d48:f11e:d455]:63517
t=2026-06-20T12:33:30+0100 lvl=info msg="join connections" obj=join id=d0d1ec254244 l=[::1]:3001 r=[2a01:e0a:2df:12f0:1d2d:1d48:f11e:d455]:63517
t=2026-06-20T12:33:30+0100 lvl=info msg="join connections" obj=join id=1a69ebf2e065 l=[::1]:3001 r=[2a01:e0a:2df:12f0:1d2d:1d48:f11e:d455]:63517
t=2026-06-20T12:33:42+0100 lvl=info msg="join connections" obj=join id=557574f5b544 l=[::1]:3001 r=105.106.20.57:61362
t=2026-06-20T12:33:59+0100 lvl=info msg="join connections" obj=join id=53d590f1dfdd l=[::1]:3001 r=[2a01:e0a:2df:12f0:1d2d:1d48:f11e:d455]:63517
t=2026-06-20T12:34:00+0100 lvl=info msg="join connections" obj=join id=3707c72e7f85 l=[::1]:3001 r=[2a01:e0a:2df:12f0:1d2d:1d48:f11e:d455]:63517
t=2026-06-20T12:34:00+0100 lvl=info msg="join connections" obj=join id=3b7486108b11 l=[::1]:3001 r=[2a01:e0a:2df:12f0:1d2d:1d48:f11e:d455]:63517
t=2026-06-20T12:34:00+0100 lvl=info msg="join connections" obj=join id=e5805a08587c l=[::1]:3001 r=[2a01:e0a:2df:12f0:1d2d:1d48:f11e:d455]:63517
t=2026-06-20T12:34:00+0100 lvl=info msg="join connections" obj=join id=19b0c09b1342 l=[::1]:3001 r=[2a01:e0a:2df:12f0:1d2d:1d48:f11e:d455]:63517
t=2026-06-20T12:34:00+0100 lvl=info msg="join connections" obj=join id=022361297962 l=[::1]:3001 r=[2a01:e0a:2df:12f0:1d2d:1d48:f11e:d455]:63517
t=2026-06-20T12:34:00+0100 lvl=info msg="join connections" obj=join id=ca74f8b8c732 l=[::1]:3001 r=[2a01:e0a:2df:12f0:1d2d:1d48:f11e:d455]:63517
t=2026-06-20T12:34:00+0100 lvl=info msg="join connections" obj=join id=cc2e8333144d l=[::1]:3001 r=[2a01:e0a:2df:12f0:1d2d:1d48:f11e:d455]:63517
t=2026-06-20T12:34:00+0100 lvl=info msg="join connections" obj=join id=5faaa56a9675 l=[::1]:3001 r=[2a01:e0a:2df:12f0:1d2d:1d48:f11e:d455]:63517
t=2026-06-20T12:34:00+0100 lvl=info msg="join connections" obj=join id=ee484ac367e5 l=[::1]:3001 r=[2a01:e0a:2df:12f0:1d2d:1d48:f11e:d455]:63517
t=2026-06-20T12:34:00+0100 lvl=info msg="join connections" obj=join id=00ee15fe5798 l=[::1]:3001 r=[2a01:e0a:2df:12f0:1d2d:1d48:f11e:d455]:63517
t=2026-06-20T12:34:00+0100 lvl=info msg="join connections" obj=join id=c683024c5ec2 l=[::1]:3001 r=[2a01:e0a:2df:12f0:1d2d:1d48:f11e:d455]:63517
t=2026-06-20T12:34:00+0100 lvl=info msg="join connections" obj=join id=2f092dd8209d l=[::1]:3001 r=[2a01:e0a:2df:12f0:1d2d:1d48:f11e:d455]:63517
t=2026-06-20T12:34:00+0100 lvl=info msg="join connections" obj=join id=c1770fea9192 l=[::1]:3001 r=[2a01:e0a:2df:12f0:1d2d:1d48:f11e:d455]:63517
t=2026-06-20T12:34:00+0100 lvl=info msg="join connections" obj=join id=17e6f2de01c1 l=[::1]:3001 r=[2a01:e0a:2df:12f0:1d2d:1d48:f11e:d455]:63517
t=2026-06-20T12:34:00+0100 lvl=info msg="join connections" obj=join id=ae887b35b544 l=[::1]:3001 r=[2a01:e0a:2df:12f0:1d2d:1d48:f11e:d455]:63517
t=2026-06-20T12:34:00+0100 lvl=info msg="join connections" obj=join id=933e1ea0f815 l=[::1]:3001 r=[2a01:e0a:2df:12f0:1d2d:1d48:f11e:d455]:63517
t=2026-06-20T12:34:00+0100 lvl=info msg="join connections" obj=join id=e98bacf3f764 l=[::1]:3001 r=[2a01:e0a:2df:12f0:1d2d:1d48:f11e:d455]:63517
t=2026-06-20T12:34:00+0100 lvl=info msg="join connections" obj=join id=f1991f2937fe l=[::1]:3001 r=[2a01:e0a:2df:12f0:1d2d:1d48:f11e:d455]:63517
t=2026-06-20T12:34:00+0100 lvl=info msg="join connections" obj=join id=6bbc9544611e l=[::1]:3001 r=[2a01:e0a:2df:12f0:1d2d:1d48:f11e:d455]:63517
t=2026-06-20T12:34:05+0100 lvl=info msg="join connections" obj=join id=2ae09f3a6377 l=[::1]:3001 r=[2a01:e0a:2df:12f0:1d2d:1d48:f11e:d455]:63517
t=2026-06-20T12:34:05+0100 lvl=info msg="join connections" obj=join id=62cf2fe2f4cc l=[::1]:3001 r=[2a01:e0a:2df:12f0:1d2d:1d48:f11e:d455]:63517
t=2026-06-20T12:34:05+0100 lvl=info msg="join connections" obj=join id=9a953822b0a9 l=[::1]:3001 r=[2a01:e0a:2df:12f0:1d2d:1d48:f11e:d455]:63517
t=2026-06-20T12:34:05+0100 lvl=info msg="join connections" obj=join id=83be4fe3b364 l=[::1]:3001 r=[2a01:e0a:2df:12f0:1d2d:1d48:f11e:d455]:63517
t=2026-06-20T12:34:05+0100 lvl=info msg="join connections" obj=join id=85ec4023da30 l=[::1]:3001 r=[2a01:e0a:2df:12f0:1d2d:1d48:f11e:d455]:63517
t=2026-06-20T12:34:05+0100 lvl=info msg="join connections" obj=join id=ac884fb01b5d l=[::1]:3001 r=[2a01:e0a:2df:12f0:1d2d:1d48:f11e:d455]:63517
t=2026-06-20T12:34:05+0100 lvl=info msg="join connections" obj=join id=0e3db999bebe l=[::1]:3001 r=[2a01:e0a:2df:12f0:1d2d:1d48:f11e:d455]:63517
t=2026-06-20T12:34:05+0100 lvl=info msg="join connections" obj=join id=9bbf2351f4c4 l=[::1]:3001 r=[2a01:e0a:2df:12f0:1d2d:1d48:f11e:d455]:63517
t=2026-06-20T12:34:09+0100 lvl=info msg="join connections" obj=join id=9cd4c7e67dd0 l=[::1]:3001 r=105.106.20.57:61539
t=2026-06-20T12:34:14+0100 lvl=info msg="join connections" obj=join id=04a253466e8b l=[::1]:3001 r=105.106.20.57:61539
t=2026-06-20T12:34:20+0100 lvl=info msg="join connections" obj=join id=af70f0bf31a8 l=[::1]:3001 r=105.106.20.57:61542
t=2026-06-20T12:34:21+0100 lvl=info msg="join connections" obj=join id=e835e1161a52 l=[::1]:3001 r=[2a01:e0a:2df:12f0:1d2d:1d48:f11e:d455]:63517
t=2026-06-20T12:34:21+0100 lvl=info msg="join connections" obj=join id=07d21f425283 l=[::1]:3001 r=105.106.20.57:61542
t=2026-06-20T12:34:21+0100 lvl=info msg="join connections" obj=join id=4e2189fd07db l=[::1]:3001 r=105.106.20.57:61542
t=2026-06-20T12:34:22+0100 lvl=info msg="join connections" obj=join id=7b2bb93853c7 l=[::1]:3001 r=105.106.20.57:61542
t=2026-06-20T12:34:22+0100 lvl=info msg="join connections" obj=join id=d7984ad1fd6d l=[::1]:3001 r=105.106.20.57:61542
t=2026-06-20T12:34:22+0100 lvl=info msg="join connections" obj=join id=ff07814bb10d l=[::1]:3001 r=105.106.20.57:61542
t=2026-06-20T12:34:22+0100 lvl=info msg="join connections" obj=join id=51accd158ce4 l=[::1]:3001 r=105.106.20.57:61542
t=2026-06-20T12:34:22+0100 lvl=info msg="join connections" obj=join id=d3c25d84f168 l=[::1]:3001 r=[2a01:e0a:2df:12f0:1d2d:1d48:f11e:d455]:63517
t=2026-06-20T12:34:22+0100 lvl=info msg="join connections" obj=join id=b3745b3c5db6 l=[::1]:3001 r=[2a01:e0a:2df:12f0:1d2d:1d48:f11e:d455]:63517
t=2026-06-20T12:34:22+0100 lvl=info msg="join connections" obj=join id=ff46dbf69e87 l=[::1]:3001 r=[2a01:e0a:2df:12f0:1d2d:1d48:f11e:d455]:63517
t=2026-06-20T12:34:22+0100 lvl=info msg="join connections" obj=join id=65d9072ca4d6 l=[::1]:3001 r=[2a01:e0a:2df:12f0:1d2d:1d48:f11e:d455]:63517
t=2026-06-20T12:34:22+0100 lvl=info msg="join connections" obj=join id=d4636140e016 l=[::1]:3001 r=[2a01:e0a:2df:12f0:1d2d:1d48:f11e:d455]:63517
t=2026-06-20T12:34:22+0100 lvl=info msg="join connections" obj=join id=93bfee99ceb3 l=[::1]:3001 r=[2a01:e0a:2df:12f0:1d2d:1d48:f11e:d455]:63517
t=2026-06-20T12:34:22+0100 lvl=info msg="join connections" obj=join id=0bb4974ba832 l=[::1]:3001 r=[2a01:e0a:2df:12f0:1d2d:1d48:f11e:d455]:63517
t=2026-06-20T12:34:22+0100 lvl=info msg="join connections" obj=join id=f841cb1717d4 l=[::1]:3001 r=[2a01:e0a:2df:12f0:1d2d:1d48:f11e:d455]:63517
t=2026-06-20T12:34:22+0100 lvl=info msg="join connections" obj=join id=c09bb09b18d7 l=[::1]:3001 r=[2a01:e0a:2df:12f0:1d2d:1d48:f11e:d455]:63517
t=2026-06-20T12:34:31+0100 lvl=info msg="join connections" obj=join id=5e9338f9496b l=[::1]:3001 r=[2a01:e0a:2df:12f0:1d2d:1d48:f11e:d455]:63517
t=2026-06-20T12:34:32+0100 lvl=info msg="join connections" obj=join id=5d9fda33f228 l=[::1]:3001 r=[2a01:e0a:2df:12f0:1d2d:1d48:f11e:d455]:63517
t=2026-06-20T12:34:32+0100 lvl=info msg="join connections" obj=join id=7e18b695ecc6 l=[::1]:3001 r=[2a01:e0a:2df:12f0:1d2d:1d48:f11e:d455]:63517
t=2026-06-20T12:34:32+0100 lvl=info msg="join connections" obj=join id=36e27d631279 l=[::1]:3001 r=[2a01:e0a:2df:12f0:1d2d:1d48:f11e:d455]:63517
t=2026-06-20T12:34:32+0100 lvl=info msg="join connections" obj=join id=10b01d212fcc l=[::1]:3001 r=[2a01:e0a:2df:12f0:1d2d:1d48:f11e:d455]:63517
t=2026-06-20T12:34:32+0100 lvl=info msg="join connections" obj=join id=128789441835 l=[::1]:3001 r=[2a01:e0a:2df:12f0:1d2d:1d48:f11e:d455]:63517
t=2026-06-20T12:34:32+0100 lvl=info msg="join connections" obj=join id=35483b3f7859 l=[::1]:3001 r=[2a01:e0a:2df:12f0:1d2d:1d48:f11e:d455]:63517
t=2026-06-20T12:34:32+0100 lvl=info msg="join connections" obj=join id=a5f2a3a5c442 l=[::1]:3001 r=[2a01:e0a:2df:12f0:1d2d:1d48:f11e:d455]:63517
t=2026-06-20T12:34:32+0100 lvl=info msg="join connections" obj=join id=a778c81f58b5 l=[::1]:3001 r=[2a01:e0a:2df:12f0:1d2d:1d48:f11e:d455]:63517
t=2026-06-20T12:34:32+0100 lvl=info msg="join connections" obj=join id=3ef69e862a2f l=[::1]:3001 r=[2a01:e0a:2df:12f0:1d2d:1d48:f11e:d455]:63517
t=2026-06-20T12:34:33+0100 lvl=info msg="join connections" obj=join id=ec16fc65b4ab l=[::1]:3001 r=105.106.20.57:61542
t=2026-06-20T12:34:33+0100 lvl=info msg="join connections" obj=join id=6ff961ca9303 l=[::1]:3001 r=105.106.20.57:61542
t=2026-06-20T12:34:33+0100 lvl=info msg="join connections" obj=join id=62abfe1096f2 l=[::1]:3001 r=105.106.20.57:61542
t=2026-06-20T12:34:33+0100 lvl=info msg="join connections" obj=join id=8e58944f40a8 l=[::1]:3001 r=105.106.20.57:61542
t=2026-06-20T12:34:33+0100 lvl=info msg="join connections" obj=join id=62bfcbc8520e l=[::1]:3001 r=105.106.20.57:61542
t=2026-06-20T12:34:33+0100 lvl=info msg="join connections" obj=join id=c9630649851d l=[::1]:3001 r=105.106.20.57:61542
t=2026-06-20T12:34:33+0100 lvl=info msg="join connections" obj=join id=bc4ed313f07c l=[::1]:3001 r=105.106.20.57:61542
t=2026-06-20T12:34:33+0100 lvl=info msg="join connections" obj=join id=ab6e03aeacad l=[::1]:3001 r=105.106.20.57:61542
t=2026-06-20T12:34:33+0100 lvl=info msg="join connections" obj=join id=6afcdadd1eb6 l=[::1]:3001 r=105.106.20.57:61542
t=2026-06-20T12:34:33+0100 lvl=info msg="join connections" obj=join id=891725da703c l=[::1]:3001 r=105.106.20.57:61542
t=2026-06-20T12:34:41+0100 lvl=info msg="join connections" obj=join id=87ddc0bc7c1f l=[::1]:3001 r=[2a01:e0a:2df:12f0:1d2d:1d48:f11e:d455]:63517
t=2026-06-20T12:34:42+0100 lvl=info msg="join connections" obj=join id=6f510d75b04c l=[::1]:3001 r=[2a01:e0a:2df:12f0:1d2d:1d48:f11e:d455]:63517
t=2026-06-20T12:34:42+0100 lvl=info msg="join connections" obj=join id=3179d5f69b8f l=[::1]:3001 r=[2a01:e0a:2df:12f0:1d2d:1d48:f11e:d455]:63517
t=2026-06-20T12:34:42+0100 lvl=info msg="join connections" obj=join id=3ec486757177 l=[::1]:3001 r=[2a01:e0a:2df:12f0:1d2d:1d48:f11e:d455]:63517
t=2026-06-20T12:34:42+0100 lvl=info msg="join connections" obj=join id=c5aa77173fb9 l=[::1]:3001 r=[2a01:e0a:2df:12f0:1d2d:1d48:f11e:d455]:63517
t=2026-06-20T12:34:42+0100 lvl=info msg="join connections" obj=join id=0e8e46371bf9 l=[::1]:3001 r=[2a01:e0a:2df:12f0:1d2d:1d48:f11e:d455]:63517
t=2026-06-20T12:34:42+0100 lvl=info msg="join connections" obj=join id=8a244b7bec34 l=[::1]:3001 r=[2a01:e0a:2df:12f0:1d2d:1d48:f11e:d455]:63517
t=2026-06-20T12:34:42+0100 lvl=info msg="join connections" obj=join id=800aa510a949 l=[::1]:3001 r=[2a01:e0a:2df:12f0:1d2d:1d48:f11e:d455]:63517
t=2026-06-20T12:34:42+0100 lvl=info msg="join connections" obj=join id=f7dcaa0773d6 l=[::1]:3001 r=[2a01:e0a:2df:12f0:1d2d:1d48:f11e:d455]:63517
t=2026-06-20T12:34:42+0100 lvl=info msg="join connections" obj=join id=a282d617f5af l=[::1]:3001 r=[2a01:e0a:2df:12f0:1d2d:1d48:f11e:d455]:63517
t=2026-06-20T12:34:42+0100 lvl=info msg="join connections" obj=join id=b5e0033cf75f l=[::1]:3001 r=[2a01:e0a:2df:12f0:1d2d:1d48:f11e:d455]:63517
t=2026-06-20T12:34:47+0100 lvl=info msg="join connections" obj=join id=59c55785474e l=[::1]:3001 r=105.106.20.57:61542
t=2026-06-20T12:35:22+0100 lvl=info msg="join connections" obj=join id=0fca6b12cb15 l=[::1]:3001 r=[2a01:e0a:2df:12f0:1d2d:1d48:f11e:d455]:63517
t=2026-06-20T12:35:23+0100 lvl=info msg="join connections" obj=join id=04ab488a0545 l=[::1]:3001 r=[2a01:e0a:2df:12f0:1d2d:1d48:f11e:d455]:63517
t=2026-06-20T12:35:23+0100 lvl=info msg="join connections" obj=join id=a4fdf5909b01 l=[::1]:3001 r=[2a01:e0a:2df:12f0:1d2d:1d48:f11e:d455]:63517
t=2026-06-20T12:35:23+0100 lvl=info msg="join connections" obj=join id=b488d73de179 l=[::1]:3001 r=[2a01:e0a:2df:12f0:1d2d:1d48:f11e:d455]:63517
t=2026-06-20T12:35:23+0100 lvl=info msg="join connections" obj=join id=cbcf729a70cd l=[::1]:3001 r=[2a01:e0a:2df:12f0:1d2d:1d48:f11e:d455]:63517
t=2026-06-20T12:35:23+0100 lvl=info msg="join connections" obj=join id=aa9dd50f5794 l=[::1]:3001 r=[2a01:e0a:2df:12f0:1d2d:1d48:f11e:d455]:63517
t=2026-06-20T12:35:23+0100 lvl=info msg="join connections" obj=join id=6f0a86f41627 l=[::1]:3001 r=[2a01:e0a:2df:12f0:1d2d:1d48:f11e:d455]:63517
t=2026-06-20T12:35:23+0100 lvl=info msg="join connections" obj=join id=59cd2bebe253 l=[::1]:3001 r=[2a01:e0a:2df:12f0:1d2d:1d48:f11e:d455]:63517
t=2026-06-20T12:35:23+0100 lvl=info msg="join connections" obj=join id=4fba0d648d62 l=[::1]:3001 r=[2a01:e0a:2df:12f0:1d2d:1d48:f11e:d455]:63517
t=2026-06-20T12:35:23+0100 lvl=info msg="join connections" obj=join id=467f6a77c409 l=[::1]:3001 r=[2a01:e0a:2df:12f0:1d2d:1d48:f11e:d455]:63517
t=2026-06-20T12:35:31+0100 lvl=info msg="join connections" obj=join id=bd4eb78a8e3c l=[::1]:3001 r=[2a01:e0a:2df:12f0:1d2d:1d48:f11e:d455]:63517
t=2026-06-20T12:35:56+0100 lvl=info msg="join connections" obj=join id=3f424777c972 l=[::1]:3001 r=[2a01:e0a:2df:12f0:1d2d:1d48:f11e:d455]:63517
t=2026-06-20T12:35:56+0100 lvl=info msg="join connections" obj=join id=14bf7f7304fd l=[::1]:3001 r=[2a01:e0a:2df:12f0:1d2d:1d48:f11e:d455]:63517
t=2026-06-20T12:35:56+0100 lvl=info msg="join connections" obj=join id=81c73dada082 l=[::1]:3001 r=[2a01:e0a:2df:12f0:1d2d:1d48:f11e:d455]:63517
t=2026-06-20T12:35:56+0100 lvl=info msg="join connections" obj=join id=b5d1b75973c4 l=[::1]:3001 r=[2a01:e0a:2df:12f0:1d2d:1d48:f11e:d455]:63517
t=2026-06-20T12:35:56+0100 lvl=info msg="join connections" obj=join id=b7d817af521f l=[::1]:3001 r=[2a01:e0a:2df:12f0:1d2d:1d48:f11e:d455]:63517
t=2026-06-20T12:35:56+0100 lvl=info msg="join connections" obj=join id=8ca6625be8be l=[::1]:3001 r=[2a01:e0a:2df:12f0:1d2d:1d48:f11e:d455]:63517
t=2026-06-20T12:35:56+0100 lvl=info msg="join connections" obj=join id=e92f1b8c184e l=[::1]:3001 r=[2a01:e0a:2df:12f0:1d2d:1d48:f11e:d455]:63517
t=2026-06-20T12:35:56+0100 lvl=info msg="join connections" obj=join id=30d2f4f689f4 l=[::1]:3001 r=[2a01:e0a:2df:12f0:1d2d:1d48:f11e:d455]:63517
t=2026-06-20T12:35:56+0100 lvl=info msg="join connections" obj=join id=4d487d155129 l=[::1]:3001 r=[2a01:e0a:2df:12f0:1d2d:1d48:f11e:d455]:63517
t=2026-06-20T12:35:56+0100 lvl=info msg="join connections" obj=join id=24d09a121e9e l=[::1]:3001 r=[2a01:e0a:2df:12f0:1d2d:1d48:f11e:d455]:63517
t=2026-06-20T12:35:56+0100 lvl=info msg="join connections" obj=join id=8855c83416aa l=[::1]:3001 r=[2a01:e0a:2df:12f0:1d2d:1d48:f11e:d455]:63517
t=2026-06-20T12:35:56+0100 lvl=info msg="join connections" obj=join id=8a01ca67a351 l=[::1]:3001 r=[2a01:e0a:2df:12f0:1d2d:1d48:f11e:d455]:63517
t=2026-06-20T12:35:56+0100 lvl=info msg="join connections" obj=join id=59214a70212d l=[::1]:3001 r=[2a01:e0a:2df:12f0:1d2d:1d48:f11e:d455]:63517
t=2026-06-20T12:35:56+0100 lvl=info msg="join connections" obj=join id=b6ca6f443b55 l=[::1]:3001 r=[2a01:e0a:2df:12f0:1d2d:1d48:f11e:d455]:63517
t=2026-06-20T12:35:56+0100 lvl=info msg="join connections" obj=join id=1196a3a6ee61 l=[::1]:3001 r=[2a01:e0a:2df:12f0:1d2d:1d48:f11e:d455]:63517
t=2026-06-20T12:35:56+0100 lvl=info msg="join connections" obj=join id=8ee6e155a774 l=[::1]:3001 r=[2a01:e0a:2df:12f0:1d2d:1d48:f11e:d455]:63517
t=2026-06-20T12:35:56+0100 lvl=info msg="join connections" obj=join id=1b01cd3927fa l=[::1]:3001 r=[2a01:e0a:2df:12f0:1d2d:1d48:f11e:d455]:63517
t=2026-06-20T12:35:56+0100 lvl=info msg="join connections" obj=join id=10925eb797c6 l=[::1]:3001 r=[2a01:e0a:2df:12f0:1d2d:1d48:f11e:d455]:63517
t=2026-06-20T12:35:56+0100 lvl=info msg="join connections" obj=join id=e47be685bef2 l=[::1]:3001 r=[2a01:e0a:2df:12f0:1d2d:1d48:f11e:d455]:63517
t=2026-06-20T12:35:56+0100 lvl=info msg="join connections" obj=join id=5d97eec41b10 l=[::1]:3001 r=[2a01:e0a:2df:12f0:1d2d:1d48:f11e:d455]:63517
t=2026-06-20T12:36:04+0100 lvl=info msg="join connections" obj=join id=0501dfb81793 l=[::1]:3001 r=[2a01:e0a:2df:12f0:1d2d:1d48:f11e:d455]:63517
t=2026-06-20T12:36:05+0100 lvl=info msg="join connections" obj=join id=3fe004a39ea6 l=[::1]:3001 r=[2a01:e0a:2df:12f0:1d2d:1d48:f11e:d455]:63517
t=2026-06-20T12:36:05+0100 lvl=info msg="join connections" obj=join id=c48390b28a2c l=[::1]:3001 r=[2a01:e0a:2df:12f0:1d2d:1d48:f11e:d455]:63517
t=2026-06-20T12:36:05+0100 lvl=info msg="join connections" obj=join id=3661e4b68d64 l=[::1]:3001 r=[2a01:e0a:2df:12f0:1d2d:1d48:f11e:d455]:63517
t=2026-06-20T12:36:05+0100 lvl=info msg="join connections" obj=join id=3afafa38f77e l=[::1]:3001 r=[2a01:e0a:2df:12f0:1d2d:1d48:f11e:d455]:63517
t=2026-06-20T12:36:05+0100 lvl=info msg="join connections" obj=join id=742f4f418bf9 l=[::1]:3001 r=[2a01:e0a:2df:12f0:1d2d:1d48:f11e:d455]:63517
t=2026-06-20T12:36:05+0100 lvl=info msg="join connections" obj=join id=f5168ec0d8f1 l=[::1]:3001 r=[2a01:e0a:2df:12f0:1d2d:1d48:f11e:d455]:63517
t=2026-06-20T12:36:05+0100 lvl=info msg="join connections" obj=join id=13b04c4c04b0 l=[::1]:3001 r=[2a01:e0a:2df:12f0:1d2d:1d48:f11e:d455]:63517
t=2026-06-20T12:36:05+0100 lvl=info msg="join connections" obj=join id=135b4401c5af l=[::1]:3001 r=[2a01:e0a:2df:12f0:1d2d:1d48:f11e:d455]:63517
t=2026-06-20T12:36:05+0100 lvl=info msg="join connections" obj=join id=b06965f10e73 l=[::1]:3001 r=[2a01:e0a:2df:12f0:1d2d:1d48:f11e:d455]:63517
t=2026-06-20T12:36:20+0100 lvl=info msg="join connections" obj=join id=19006d1372d0 l=[::1]:3001 r=[2a01:e0a:2df:12f0:1d2d:1d48:f11e:d455]:63517
t=2026-06-20T12:36:21+0100 lvl=info msg="join connections" obj=join id=74e644a4bb3c l=[::1]:3001 r=[2a01:e0a:2df:12f0:1d2d:1d48:f11e:d455]:63517
t=2026-06-20T12:36:21+0100 lvl=info msg="join connections" obj=join id=1b3ad23a87c2 l=[::1]:3001 r=[2a01:e0a:2df:12f0:1d2d:1d48:f11e:d455]:63517
t=2026-06-20T12:36:21+0100 lvl=info msg="join connections" obj=join id=ca7583930e97 l=[::1]:3001 r=[2a01:e0a:2df:12f0:1d2d:1d48:f11e:d455]:63517
t=2026-06-20T12:36:21+0100 lvl=info msg="join connections" obj=join id=fff47781767f l=[::1]:3001 r=[2a01:e0a:2df:12f0:1d2d:1d48:f11e:d455]:63517
t=2026-06-20T12:36:21+0100 lvl=info msg="join connections" obj=join id=cf5b4585bd38 l=[::1]:3001 r=[2a01:e0a:2df:12f0:1d2d:1d48:f11e:d455]:63517
t=2026-06-20T12:36:21+0100 lvl=info msg="join connections" obj=join id=eee160a44182 l=[::1]:3001 r=[2a01:e0a:2df:12f0:1d2d:1d48:f11e:d455]:63517
t=2026-06-20T12:36:21+0100 lvl=info msg="join connections" obj=join id=f294ec6aeceb l=[::1]:3001 r=[2a01:e0a:2df:12f0:1d2d:1d48:f11e:d455]:63517
t=2026-06-20T12:36:21+0100 lvl=info msg="join connections" obj=join id=960abc49f2d8 l=[::1]:3001 r=[2a01:e0a:2df:12f0:1d2d:1d48:f11e:d455]:63517
t=2026-06-20T12:36:21+0100 lvl=info msg="join connections" obj=join id=453db87910bf l=[::1]:3001 r=[2a01:e0a:2df:12f0:1d2d:1d48:f11e:d455]:63517
t=2026-06-20T12:37:37+0100 lvl=info msg="join connections" obj=join id=e16e9fd35a41 l=[::1]:3001 r=[2a01:e0a:2df:12f0:1d2d:1d48:f11e:d455]:63517
t=2026-06-20T12:37:37+0100 lvl=info msg="join connections" obj=join id=1392f31e705c l=[::1]:3001 r=[2a01:e0a:2df:12f0:1d2d:1d48:f11e:d455]:63517
t=2026-06-20T12:37:38+0100 lvl=info msg="join connections" obj=join id=e741b1513f90 l=[::1]:3001 r=[2a01:e0a:2df:12f0:1d2d:1d48:f11e:d455]:63517
t=2026-06-20T12:37:38+0100 lvl=info msg="join connections" obj=join id=a7d0167caa87 l=[::1]:3001 r=[2a01:e0a:2df:12f0:1d2d:1d48:f11e:d455]:63517
t=2026-06-20T12:37:38+0100 lvl=info msg="join connections" obj=join id=9e5c6eb6b949 l=[::1]:3001 r=[2a01:e0a:2df:12f0:1d2d:1d48:f11e:d455]:63517
t=2026-06-20T12:37:38+0100 lvl=info msg="join connections" obj=join id=f26854adbb48 l=[::1]:3001 r=[2a01:e0a:2df:12f0:1d2d:1d48:f11e:d455]:63517
t=2026-06-20T12:37:38+0100 lvl=info msg="join connections" obj=join id=8463822c3efa l=[::1]:3001 r=[2a01:e0a:2df:12f0:1d2d:1d48:f11e:d455]:63517
t=2026-06-20T12:37:38+0100 lvl=info msg="join connections" obj=join id=218e784e14e9 l=[::1]:3001 r=[2a01:e0a:2df:12f0:1d2d:1d48:f11e:d455]:63517
t=2026-06-20T12:37:38+0100 lvl=info msg="join connections" obj=join id=9410827a6106 l=[::1]:3001 r=[2a01:e0a:2df:12f0:1d2d:1d48:f11e:d455]:63517
t=2026-06-20T12:37:38+0100 lvl=info msg="join connections" obj=join id=7b7fbca5f892 l=[::1]:3001 r=[2a01:e0a:2df:12f0:1d2d:1d48:f11e:d455]:63517
t=2026-06-20T12:37:39+0100 lvl=info msg="join connections" obj=join id=311e5d85a61a l=[::1]:3001 r=[2a01:e0a:2df:12f0:1d2d:1d48:f11e:d455]:63517
t=2026-06-20T12:37:39+0100 lvl=info msg="join connections" obj=join id=6492de2558d1 l=[::1]:3001 r=[2a01:e0a:2df:12f0:1d2d:1d48:f11e:d455]:63517
t=2026-06-20T12:37:39+0100 lvl=info msg="join connections" obj=join id=b8170a895175 l=[::1]:3001 r=[2a01:e0a:2df:12f0:1d2d:1d48:f11e:d455]:63517
t=2026-06-20T12:37:39+0100 lvl=info msg="join connections" obj=join id=1a6b297f58cf l=[::1]:3001 r=[2a01:e0a:2df:12f0:1d2d:1d48:f11e:d455]:63517
t=2026-06-20T12:37:39+0100 lvl=info msg="join connections" obj=join id=07f159d5c27a l=[::1]:3001 r=[2a01:e0a:2df:12f0:1d2d:1d48:f11e:d455]:63517
t=2026-06-20T12:37:39+0100 lvl=info msg="join connections" obj=join id=1ed2c267e92e l=[::1]:3001 r=[2a01:e0a:2df:12f0:1d2d:1d48:f11e:d455]:63517
t=2026-06-20T12:37:39+0100 lvl=info msg="join connections" obj=join id=8f2483bb8d55 l=[::1]:3001 r=[2a01:e0a:2df:12f0:1d2d:1d48:f11e:d455]:63517
t=2026-06-20T12:37:39+0100 lvl=info msg="join connections" obj=join id=c435f70f3694 l=[::1]:3001 r=[2a01:e0a:2df:12f0:1d2d:1d48:f11e:d455]:63517
t=2026-06-20T12:37:39+0100 lvl=info msg="join connections" obj=join id=7cf9216e1fd8 l=[::1]:3001 r=[2a01:e0a:2df:12f0:1d2d:1d48:f11e:d455]:63517
t=2026-06-20T12:37:39+0100 lvl=info msg="join connections" obj=join id=978c8cb2a76b l=[::1]:3001 r=[2a01:e0a:2df:12f0:1d2d:1d48:f11e:d455]:63517
t=2026-06-20T12:37:39+0100 lvl=info msg="join connections" obj=join id=12229dfdef8a l=[::1]:3001 r=[2a01:e0a:2df:12f0:1d2d:1d48:f11e:d455]:63517
t=2026-06-20T12:37:39+0100 lvl=info msg="join connections" obj=join id=b1aa49c11220 l=[::1]:3001 r=[2a01:e0a:2df:12f0:1d2d:1d48:f11e:d455]:63517
t=2026-06-20T12:37:39+0100 lvl=info msg="join connections" obj=join id=94fb0cecd106 l=[::1]:3001 r=[2a01:e0a:2df:12f0:1d2d:1d48:f11e:d455]:63517
t=2026-06-20T12:37:39+0100 lvl=info msg="join connections" obj=join id=ec3ae399c0e1 l=[::1]:3001 r=[2a01:e0a:2df:12f0:1d2d:1d48:f11e:d455]:63517
t=2026-06-20T12:37:39+0100 lvl=info msg="join connections" obj=join id=a40d0862af53 l=[::1]:3001 r=[2a01:e0a:2df:12f0:1d2d:1d48:f11e:d455]:63517
t=2026-06-20T12:37:39+0100 lvl=info msg="join connections" obj=join id=24fc858347eb l=[::1]:3001 r=[2a01:e0a:2df:12f0:1d2d:1d48:f11e:d455]:63517
t=2026-06-20T12:37:39+0100 lvl=info msg="join connections" obj=join id=9ac749e35604 l=[::1]:3001 r=[2a01:e0a:2df:12f0:1d2d:1d48:f11e:d455]:63517
t=2026-06-20T12:37:39+0100 lvl=info msg="join connections" obj=join id=1bd78db9e738 l=[::1]:3001 r=[2a01:e0a:2df:12f0:1d2d:1d48:f11e:d455]:63517
t=2026-06-20T12:39:04+0100 lvl=info msg="join connections" obj=join id=f1b8c0ec8973 l=[::1]:3001 r=[2a01:e0a:2df:12f0:1d2d:1d48:f11e:d455]:63517
t=2026-06-20T12:39:05+0100 lvl=info msg="join connections" obj=join id=67567c400933 l=[::1]:3001 r=[2a01:e0a:2df:12f0:1d2d:1d48:f11e:d455]:63517
t=2026-06-20T12:39:05+0100 lvl=info msg="join connections" obj=join id=09612e74ce72 l=[::1]:3001 r=[2a01:e0a:2df:12f0:1d2d:1d48:f11e:d455]:63517
t=2026-06-20T12:39:05+0100 lvl=info msg="join connections" obj=join id=9c860375bab1 l=[::1]:3001 r=[2a01:e0a:2df:12f0:1d2d:1d48:f11e:d455]:63517
t=2026-06-20T12:39:05+0100 lvl=info msg="join connections" obj=join id=733a1a04b1ba l=[::1]:3001 r=[2a01:e0a:2df:12f0:1d2d:1d48:f11e:d455]:63517
t=2026-06-20T12:39:05+0100 lvl=info msg="join connections" obj=join id=8db6396331e2 l=[::1]:3001 r=[2a01:e0a:2df:12f0:1d2d:1d48:f11e:d455]:63517
t=2026-06-20T12:39:05+0100 lvl=info msg="join connections" obj=join id=8085a75ad428 l=[::1]:3001 r=[2a01:e0a:2df:12f0:1d2d:1d48:f11e:d455]:63517
t=2026-06-20T12:39:05+0100 lvl=info msg="join connections" obj=join id=16126e235cad l=[::1]:3001 r=[2a01:e0a:2df:12f0:1d2d:1d48:f11e:d455]:63517
t=2026-06-20T12:39:05+0100 lvl=info msg="join connections" obj=join id=deb356262f52 l=[::1]:3001 r=[2a01:e0a:2df:12f0:1d2d:1d48:f11e:d455]:63517
t=2026-06-20T12:39:05+0100 lvl=info msg="join connections" obj=join id=e261a00f31e0 l=[::1]:3001 r=[2a01:e0a:2df:12f0:1d2d:1d48:f11e:d455]:63517
t=2026-06-20T12:39:05+0100 lvl=info msg="join connections" obj=join id=c7f1a9a88b75 l=[::1]:3001 r=[2a01:e0a:2df:12f0:1d2d:1d48:f11e:d455]:63517
t=2026-06-20T12:39:05+0100 lvl=info msg="join connections" obj=join id=dbd7070d0526 l=[::1]:3001 r=[2a01:e0a:2df:12f0:1d2d:1d48:f11e:d455]:63517
t=2026-06-20T12:39:05+0100 lvl=info msg="join connections" obj=join id=b10aac46ad19 l=[::1]:3001 r=[2a01:e0a:2df:12f0:1d2d:1d48:f11e:d455]:63517
t=2026-06-20T12:39:05+0100 lvl=info msg="join connections" obj=join id=a292d4ef5acf l=[::1]:3001 r=[2a01:e0a:2df:12f0:1d2d:1d48:f11e:d455]:63517
t=2026-06-20T12:39:05+0100 lvl=info msg="join connections" obj=join id=f24a1240b375 l=[::1]:3001 r=[2a01:e0a:2df:12f0:1d2d:1d48:f11e:d455]:63517
t=2026-06-20T12:39:05+0100 lvl=info msg="join connections" obj=join id=f73bf5c965af l=[::1]:3001 r=[2a01:e0a:2df:12f0:1d2d:1d48:f11e:d455]:63517
t=2026-06-20T12:39:05+0100 lvl=info msg="join connections" obj=join id=d3cdd7008626 l=[::1]:3001 r=[2a01:e0a:2df:12f0:1d2d:1d48:f11e:d455]:63517
t=2026-06-20T12:39:05+0100 lvl=info msg="join connections" obj=join id=849cfbc63a21 l=[::1]:3001 r=[2a01:e0a:2df:12f0:1d2d:1d48:f11e:d455]:63517
t=2026-06-20T12:39:05+0100 lvl=info msg="join connections" obj=join id=1d17b10d0d10 l=[::1]:3001 r=[2a01:e0a:2df:12f0:1d2d:1d48:f11e:d455]:63517
t=2026-06-20T12:39:05+0100 lvl=info msg="join connections" obj=join id=d621e34d1516 l=[::1]:3001 r=[2a01:e0a:2df:12f0:1d2d:1d48:f11e:d455]:63517
t=2026-06-20T12:39:28+0100 lvl=info msg="join connections" obj=join id=82652bb378e0 l=[::1]:3001 r=[2a01:e0a:2df:12f0:1d2d:1d48:f11e:d455]:63517
t=2026-06-20T12:39:50+0100 lvl=info msg="join connections" obj=join id=b1da12057dd1 l=[::1]:3001 r=[2a01:e0a:2df:12f0:1d2d:1d48:f11e:d455]:63517
t=2026-06-20T12:39:50+0100 lvl=info msg="join connections" obj=join id=4d2bb80dc77f l=[::1]:3001 r=[2a01:e0a:2df:12f0:1d2d:1d48:f11e:d455]:63517
t=2026-06-20T12:39:50+0100 lvl=info msg="join connections" obj=join id=39a6aeaee22f l=[::1]:3001 r=[2a01:e0a:2df:12f0:1d2d:1d48:f11e:d455]:63517
t=2026-06-20T12:39:50+0100 lvl=info msg="join connections" obj=join id=1939961ca2dd l=[::1]:3001 r=[2a01:e0a:2df:12f0:1d2d:1d48:f11e:d455]:63517
t=2026-06-20T12:39:50+0100 lvl=info msg="join connections" obj=join id=8c00d3a818bf l=[::1]:3001 r=[2a01:e0a:2df:12f0:1d2d:1d48:f11e:d455]:63517
t=2026-06-20T12:39:50+0100 lvl=info msg="join connections" obj=join id=b2628d69e890 l=[::1]:3001 r=[2a01:e0a:2df:12f0:1d2d:1d48:f11e:d455]:63517
t=2026-06-20T12:39:50+0100 lvl=info msg="join connections" obj=join id=bb1300b8a3fc l=[::1]:3001 r=[2a01:e0a:2df:12f0:1d2d:1d48:f11e:d455]:63517
t=2026-06-20T12:39:50+0100 lvl=info msg="join connections" obj=join id=2bd64a4cfacf l=[::1]:3001 r=[2a01:e0a:2df:12f0:1d2d:1d48:f11e:d455]:63517
t=2026-06-20T12:39:50+0100 lvl=info msg="join connections" obj=join id=32265868fef5 l=[::1]:3001 r=[2a01:e0a:2df:12f0:1d2d:1d48:f11e:d455]:63517
t=2026-06-20T12:39:50+0100 lvl=info msg="join connections" obj=join id=5a3eff51417c l=[::1]:3001 r=[2a01:e0a:2df:12f0:1d2d:1d48:f11e:d455]:63517
t=2026-06-20T12:40:03+0100 lvl=info msg="join connections" obj=join id=7ce7bdc39d8f l=[::1]:3001 r=[2a01:e0a:2df:12f0:1d2d:1d48:f11e:d455]:63517
t=2026-06-20T12:40:03+0100 lvl=info msg="join connections" obj=join id=099f451bb4ff l=[::1]:3001 r=[2a01:e0a:2df:12f0:1d2d:1d48:f11e:d455]:63517
t=2026-06-20T12:40:03+0100 lvl=info msg="join connections" obj=join id=b51b9fdbb416 l=[::1]:3001 r=[2a01:e0a:2df:12f0:1d2d:1d48:f11e:d455]:63517
t=2026-06-20T12:40:03+0100 lvl=info msg="join connections" obj=join id=95f31fb41e0f l=[::1]:3001 r=[2a01:e0a:2df:12f0:1d2d:1d48:f11e:d455]:63517
t=2026-06-20T12:40:03+0100 lvl=info msg="join connections" obj=join id=0259b8d68e29 l=[::1]:3001 r=[2a01:e0a:2df:12f0:1d2d:1d48:f11e:d455]:63517
t=2026-06-20T12:40:03+0100 lvl=info msg="join connections" obj=join id=a7e7b1730f3c l=[::1]:3001 r=[2a01:e0a:2df:12f0:1d2d:1d48:f11e:d455]:63517
t=2026-06-20T12:40:03+0100 lvl=info msg="join connections" obj=join id=d35430be2886 l=[::1]:3001 r=[2a01:e0a:2df:12f0:1d2d:1d48:f11e:d455]:63517
t=2026-06-20T12:40:03+0100 lvl=info msg="join connections" obj=join id=0ba85bf0d4c0 l=[::1]:3001 r=[2a01:e0a:2df:12f0:1d2d:1d48:f11e:d455]:63517
t=2026-06-20T12:40:03+0100 lvl=info msg="join connections" obj=join id=2e2caee588c9 l=[::1]:3001 r=[2a01:e0a:2df:12f0:1d2d:1d48:f11e:d455]:63517
t=2026-06-20T12:40:03+0100 lvl=info msg="join connections" obj=join id=8c19ecab6049 l=[::1]:3001 r=[2a01:e0a:2df:12f0:1d2d:1d48:f11e:d455]:63517
t=2026-06-20T12:41:41+0100 lvl=info msg="join connections" obj=join id=5e5709bf270a l=[::1]:3001 r=[2a01:e0a:2df:12f0:1d2d:1d48:f11e:d455]:63517
t=2026-06-20T12:41:42+0100 lvl=info msg="join connections" obj=join id=2b521c49089d l=[::1]:3001 r=[2a01:e0a:2df:12f0:1d2d:1d48:f11e:d455]:63517
t=2026-06-20T12:41:42+0100 lvl=info msg="join connections" obj=join id=96a6212da455 l=[::1]:3001 r=[2a01:e0a:2df:12f0:1d2d:1d48:f11e:d455]:63517
t=2026-06-20T12:41:42+0100 lvl=info msg="join connections" obj=join id=e62b807dd5b9 l=[::1]:3001 r=[2a01:e0a:2df:12f0:1d2d:1d48:f11e:d455]:63517
t=2026-06-20T12:41:42+0100 lvl=info msg="join connections" obj=join id=99c5bdc93d03 l=[::1]:3001 r=[2a01:e0a:2df:12f0:1d2d:1d48:f11e:d455]:63517
t=2026-06-20T12:41:42+0100 lvl=info msg="join connections" obj=join id=0c46a2ca99d8 l=[::1]:3001 r=[2a01:e0a:2df:12f0:1d2d:1d48:f11e:d455]:63517
t=2026-06-20T12:41:42+0100 lvl=info msg="join connections" obj=join id=68a04637daec l=[::1]:3001 r=[2a01:e0a:2df:12f0:1d2d:1d48:f11e:d455]:63517
t=2026-06-20T12:41:42+0100 lvl=info msg="join connections" obj=join id=ec77b398459f l=[::1]:3001 r=[2a01:e0a:2df:12f0:1d2d:1d48:f11e:d455]:63517
t=2026-06-20T12:41:42+0100 lvl=info msg="join connections" obj=join id=82f5483135c8 l=[::1]:3001 r=[2a01:e0a:2df:12f0:1d2d:1d48:f11e:d455]:63517
t=2026-06-20T12:41:42+0100 lvl=info msg="join connections" obj=join id=87176b7646bb l=[::1]:3001 r=[2a01:e0a:2df:12f0:1d2d:1d48:f11e:d455]:63517
t=2026-06-20T12:42:02+0100 lvl=info msg="join connections" obj=join id=d78d619e3ba9 l=[::1]:3001 r=[2a01:e0a:2df:12f0:1d2d:1d48:f11e:d455]:63517
t=2026-06-20T12:42:03+0100 lvl=info msg="join connections" obj=join id=de5eb7a32060 l=[::1]:3001 r=[2a01:e0a:2df:12f0:1d2d:1d48:f11e:d455]:63517
t=2026-06-20T12:42:03+0100 lvl=info msg="join connections" obj=join id=1193dd1d4424 l=[::1]:3001 r=[2a01:e0a:2df:12f0:1d2d:1d48:f11e:d455]:63517
t=2026-06-20T12:42:03+0100 lvl=info msg="join connections" obj=join id=75efde3f145e l=[::1]:3001 r=[2a01:e0a:2df:12f0:1d2d:1d48:f11e:d455]:63517
t=2026-06-20T12:42:03+0100 lvl=info msg="join connections" obj=join id=626d14cf4aa9 l=[::1]:3001 r=[2a01:e0a:2df:12f0:1d2d:1d48:f11e:d455]:63517
t=2026-06-20T12:42:03+0100 lvl=info msg="join connections" obj=join id=899a2baf5281 l=[::1]:3001 r=[2a01:e0a:2df:12f0:1d2d:1d48:f11e:d455]:63517
t=2026-06-20T12:42:03+0100 lvl=info msg="join connections" obj=join id=a0fcac8ed0ce l=[::1]:3001 r=[2a01:e0a:2df:12f0:1d2d:1d48:f11e:d455]:63517
t=2026-06-20T12:42:03+0100 lvl=info msg="join connections" obj=join id=e0f3267f4bf3 l=[::1]:3001 r=[2a01:e0a:2df:12f0:1d2d:1d48:f11e:d455]:63517
t=2026-06-20T12:42:03+0100 lvl=info msg="join connections" obj=join id=3626a4bd1ee2 l=[::1]:3001 r=[2a01:e0a:2df:12f0:1d2d:1d48:f11e:d455]:63517
t=2026-06-20T12:42:03+0100 lvl=info msg="join connections" obj=join id=3c1871b9be1e l=[::1]:3001 r=[2a01:e0a:2df:12f0:1d2d:1d48:f11e:d455]:63517
t=2026-06-20T12:42:20+0100 lvl=info msg="join connections" obj=join id=13d69400138e l=[::1]:3001 r=[2a01:e0a:2df:12f0:1d2d:1d48:f11e:d455]:63517
t=2026-06-20T12:42:20+0100 lvl=info msg="join connections" obj=join id=4f6b6b88907f l=[::1]:3001 r=[2a01:e0a:2df:12f0:1d2d:1d48:f11e:d455]:63517
t=2026-06-20T12:42:20+0100 lvl=info msg="join connections" obj=join id=b18c0b9148f0 l=[::1]:3001 r=[2a01:e0a:2df:12f0:1d2d:1d48:f11e:d455]:63517
t=2026-06-20T12:42:20+0100 lvl=info msg="join connections" obj=join id=26d476fa00e3 l=[::1]:3001 r=[2a01:e0a:2df:12f0:1d2d:1d48:f11e:d455]:63517
t=2026-06-20T12:42:20+0100 lvl=info msg="join connections" obj=join id=e02d7005f742 l=[::1]:3001 r=[2a01:e0a:2df:12f0:1d2d:1d48:f11e:d455]:63517
t=2026-06-20T12:42:20+0100 lvl=info msg="join connections" obj=join id=fb313b494e6c l=[::1]:3001 r=[2a01:e0a:2df:12f0:1d2d:1d48:f11e:d455]:63517
t=2026-06-20T12:42:20+0100 lvl=info msg="join connections" obj=join id=6d8c9968ea5e l=[::1]:3001 r=[2a01:e0a:2df:12f0:1d2d:1d48:f11e:d455]:63517
t=2026-06-20T12:42:20+0100 lvl=info msg="join connections" obj=join id=029bec82c1cb l=[::1]:3001 r=[2a01:e0a:2df:12f0:1d2d:1d48:f11e:d455]:63517
t=2026-06-20T12:42:20+0100 lvl=info msg="join connections" obj=join id=4a83fb07e27d l=[::1]:3001 r=[2a01:e0a:2df:12f0:1d2d:1d48:f11e:d455]:63517
t=2026-06-20T12:42:20+0100 lvl=info msg="join connections" obj=join id=5ddc1777c554 l=[::1]:3001 r=[2a01:e0a:2df:12f0:1d2d:1d48:f11e:d455]:63517
t=2026-06-20T12:42:20+0100 lvl=info msg="join connections" obj=join id=3b3a405f4483 l=[::1]:3001 r=[2a01:e0a:2df:12f0:1d2d:1d48:f11e:d455]:63517
t=2026-06-20T12:42:20+0100 lvl=info msg="join connections" obj=join id=7a0723ea7a29 l=[::1]:3001 r=[2a01:e0a:2df:12f0:1d2d:1d48:f11e:d455]:63517
t=2026-06-20T12:42:20+0100 lvl=info msg="join connections" obj=join id=84549ab3e2ea l=[::1]:3001 r=[2a01:e0a:2df:12f0:1d2d:1d48:f11e:d455]:63517
t=2026-06-20T12:42:20+0100 lvl=info msg="join connections" obj=join id=b732e40a2391 l=[::1]:3001 r=[2a01:e0a:2df:12f0:1d2d:1d48:f11e:d455]:63517
t=2026-06-20T12:42:20+0100 lvl=info msg="join connections" obj=join id=124f2a4e4ad3 l=[::1]:3001 r=[2a01:e0a:2df:12f0:1d2d:1d48:f11e:d455]:63517
t=2026-06-20T12:42:20+0100 lvl=info msg="join connections" obj=join id=b537b351bcd4 l=[::1]:3001 r=[2a01:e0a:2df:12f0:1d2d:1d48:f11e:d455]:63517
t=2026-06-20T12:42:20+0100 lvl=info msg="join connections" obj=join id=accb2e5a94ee l=[::1]:3001 r=[2a01:e0a:2df:12f0:1d2d:1d48:f11e:d455]:63517
t=2026-06-20T12:42:20+0100 lvl=info msg="join connections" obj=join id=fc9aa81598b5 l=[::1]:3001 r=[2a01:e0a:2df:12f0:1d2d:1d48:f11e:d455]:63517
t=2026-06-20T12:42:20+0100 lvl=info msg="join connections" obj=join id=30ba5d6613bb l=[::1]:3001 r=[2a01:e0a:2df:12f0:1d2d:1d48:f11e:d455]:63517
t=2026-06-20T12:42:20+0100 lvl=info msg="join connections" obj=join id=161154bc0829 l=[::1]:3001 r=[2a01:e0a:2df:12f0:1d2d:1d48:f11e:d455]:63517
t=2026-06-20T12:42:20+0100 lvl=info msg="join connections" obj=join id=58a75d0c5684 l=[::1]:3001 r=[2a01:e0a:2df:12f0:1d2d:1d48:f11e:d455]:63517
t=2026-06-20T12:42:20+0100 lvl=info msg="join connections" obj=join id=178ca50f55c1 l=[::1]:3001 r=[2a01:e0a:2df:12f0:1d2d:1d48:f11e:d455]:63517
t=2026-06-20T12:42:20+0100 lvl=info msg="join connections" obj=join id=2833c84bf25a l=[::1]:3001 r=[2a01:e0a:2df:12f0:1d2d:1d48:f11e:d455]:63517
t=2026-06-20T12:42:20+0100 lvl=info msg="join connections" obj=join id=924ef1c1089d l=[::1]:3001 r=[2a01:e0a:2df:12f0:1d2d:1d48:f11e:d455]:63517
t=2026-06-20T12:42:20+0100 lvl=info msg="join connections" obj=join id=5d36e4642274 l=[::1]:3001 r=[2a01:e0a:2df:12f0:1d2d:1d48:f11e:d455]:63517
t=2026-06-20T12:42:20+0100 lvl=info msg="join connections" obj=join id=881923462e03 l=[::1]:3001 r=[2a01:e0a:2df:12f0:1d2d:1d48:f11e:d455]:63517
t=2026-06-20T12:42:20+0100 lvl=info msg="join connections" obj=join id=2b7ccc01477b l=[::1]:3001 r=[2a01:e0a:2df:12f0:1d2d:1d48:f11e:d455]:63517
t=2026-06-20T12:42:20+0100 lvl=info msg="join connections" obj=join id=47c70c4f0d02 l=[::1]:3001 r=[2a01:e0a:2df:12f0:1d2d:1d48:f11e:d455]:63517
t=2026-06-20T12:42:20+0100 lvl=info msg="join connections" obj=join id=3a38d914f646 l=[::1]:3001 r=[2a01:e0a:2df:12f0:1d2d:1d48:f11e:d455]:63517
t=2026-06-20T12:43:28+0100 lvl=info msg="join connections" obj=join id=fec372af7ffe l=[::1]:3001 r=[2a01:e0a:2df:12f0:1d2d:1d48:f11e:d455]:63517
t=2026-06-20T12:48:24+0100 lvl=info msg="join connections" obj=join id=e716f7622250 l=[::1]:3001 r=[2a01:e0a:2df:12f0:1d2d:1d48:f11e:d455]:63578
t=2026-06-20T12:48:24+0100 lvl=info msg="join connections" obj=join id=557561bbe5d2 l=[::1]:3001 r=[2a01:e0a:2df:12f0:1d2d:1d48:f11e:d455]:63578
t=2026-06-20T12:48:24+0100 lvl=info msg="join connections" obj=join id=b226453f38ed l=[::1]:3001 r=[2a01:e0a:2df:12f0:1d2d:1d48:f11e:d455]:63578
t=2026-06-20T12:48:24+0100 lvl=info msg="join connections" obj=join id=1251f3e05a72 l=[::1]:3001 r=[2a01:e0a:2df:12f0:1d2d:1d48:f11e:d455]:63578
t=2026-06-20T12:48:24+0100 lvl=info msg="join connections" obj=join id=76f746c0ad0c l=[::1]:3001 r=[2a01:e0a:2df:12f0:1d2d:1d48:f11e:d455]:63578
t=2026-06-20T12:48:24+0100 lvl=info msg="join connections" obj=join id=a4489191b4c6 l=[::1]:3001 r=[2a01:e0a:2df:12f0:1d2d:1d48:f11e:d455]:63578
t=2026-06-20T12:48:24+0100 lvl=info msg="join connections" obj=join id=2751870eacb8 l=[::1]:3001 r=[2a01:e0a:2df:12f0:1d2d:1d48:f11e:d455]:63578
t=2026-06-20T12:48:24+0100 lvl=info msg="join connections" obj=join id=71b900e43982 l=[::1]:3001 r=[2a01:e0a:2df:12f0:1d2d:1d48:f11e:d455]:63578
t=2026-06-20T12:48:24+0100 lvl=info msg="join connections" obj=join id=b114dc18ee4b l=[::1]:3001 r=[2a01:e0a:2df:12f0:1d2d:1d48:f11e:d455]:63578
t=2026-06-20T12:48:24+0100 lvl=info msg="join connections" obj=join id=5c3df9033acc l=[::1]:3001 r=[2a01:e0a:2df:12f0:1d2d:1d48:f11e:d455]:63578
t=2026-06-20T12:48:32+0100 lvl=info msg="join connections" obj=join id=894dbc5bf95b l=[::1]:3001 r=[2a01:e0a:2df:12f0:1d2d:1d48:f11e:d455]:63578
t=2026-06-20T12:48:32+0100 lvl=info msg="join connections" obj=join id=0ed1c5ebbc6b l=[::1]:3001 r=[2a01:e0a:2df:12f0:1d2d:1d48:f11e:d455]:63578
t=2026-06-20T12:48:32+0100 lvl=info msg="join connections" obj=join id=dbe8a7d34c1d l=[::1]:3001 r=[2a01:e0a:2df:12f0:1d2d:1d48:f11e:d455]:63578
t=2026-06-20T12:48:32+0100 lvl=info msg="join connections" obj=join id=1d98fc66f6e9 l=[::1]:3001 r=[2a01:e0a:2df:12f0:1d2d:1d48:f11e:d455]:63578
t=2026-06-20T12:48:32+0100 lvl=info msg="join connections" obj=join id=0a7e86c4fbdc l=[::1]:3001 r=[2a01:e0a:2df:12f0:1d2d:1d48:f11e:d455]:63578
t=2026-06-20T12:48:32+0100 lvl=info msg="join connections" obj=join id=06c44565fc68 l=[::1]:3001 r=[2a01:e0a:2df:12f0:1d2d:1d48:f11e:d455]:63578
t=2026-06-20T12:48:32+0100 lvl=info msg="join connections" obj=join id=5a72a3e9e566 l=[::1]:3001 r=[2a01:e0a:2df:12f0:1d2d:1d48:f11e:d455]:63578
t=2026-06-20T12:48:32+0100 lvl=info msg="join connections" obj=join id=29f6203fb902 l=[::1]:3001 r=[2a01:e0a:2df:12f0:1d2d:1d48:f11e:d455]:63578
t=2026-06-20T12:51:05+0100 lvl=info msg="join connections" obj=join id=aa16d20a4e3e l=[::1]:3001 r=[2a01:e0a:2df:12f0:1d2d:1d48:f11e:d455]:63578
t=2026-06-20T13:02:55+0100 lvl=info msg="join connections" obj=join id=018da0762443 l=[::1]:3001 r=[2a01:e0a:2df:12f0:1d2d:1d48:f11e:d455]:63642
t=2026-06-20T13:02:56+0100 lvl=info msg="join connections" obj=join id=1c907a05344d l=[::1]:3001 r=[2a01:e0a:2df:12f0:1d2d:1d48:f11e:d455]:63642
t=2026-06-20T13:02:56+0100 lvl=info msg="join connections" obj=join id=857542732188 l=[::1]:3001 r=[2a01:e0a:2df:12f0:1d2d:1d48:f11e:d455]:63642
t=2026-06-20T13:02:56+0100 lvl=info msg="join connections" obj=join id=cde2bf2ec2a8 l=[::1]:3001 r=[2a01:e0a:2df:12f0:1d2d:1d48:f11e:d455]:63642
t=2026-06-20T13:02:56+0100 lvl=info msg="join connections" obj=join id=5d9618c67b68 l=[::1]:3001 r=[2a01:e0a:2df:12f0:1d2d:1d48:f11e:d455]:63642
t=2026-06-20T13:02:56+0100 lvl=info msg="join connections" obj=join id=950e5c0b2d78 l=[::1]:3001 r=[2a01:e0a:2df:12f0:1d2d:1d48:f11e:d455]:63642
t=2026-06-20T13:02:56+0100 lvl=info msg="join connections" obj=join id=7d8adbb7a43e l=[::1]:3001 r=[2a01:e0a:2df:12f0:1d2d:1d48:f11e:d455]:63642
t=2026-06-20T13:02:57+0100 lvl=info msg="join connections" obj=join id=9d0eafbb67ee l=[::1]:3001 r=[2a01:e0a:2df:12f0:1d2d:1d48:f11e:d455]:63642
t=2026-06-20T13:02:57+0100 lvl=info msg="join connections" obj=join id=e56fd99f65be l=[::1]:3001 r=[2a01:e0a:2df:12f0:1d2d:1d48:f11e:d455]:63642
t=2026-06-20T13:02:57+0100 lvl=info msg="join connections" obj=join id=1a13165e3da1 l=[::1]:3001 r=[2a01:e0a:2df:12f0:1d2d:1d48:f11e:d455]:63642
t=2026-06-20T13:03:08+0100 lvl=info msg="join connections" obj=join id=e3cfc6a908fc l=[::1]:3001 r=[2a01:e0a:2df:12f0:1d2d:1d48:f11e:d455]:63642
t=2026-06-20T13:03:08+0100 lvl=info msg="join connections" obj=join id=239d9c66cd86 l=[::1]:3001 r=[2a01:e0a:2df:12f0:1d2d:1d48:f11e:d455]:63642
t=2026-06-20T13:03:08+0100 lvl=info msg="join connections" obj=join id=c0575b1ade94 l=[::1]:3001 r=[2a01:e0a:2df:12f0:1d2d:1d48:f11e:d455]:63642
t=2026-06-20T13:03:08+0100 lvl=info msg="join connections" obj=join id=88f22040cb81 l=[::1]:3001 r=[2a01:e0a:2df:12f0:1d2d:1d48:f11e:d455]:63642
t=2026-06-20T13:03:09+0100 lvl=info msg="join connections" obj=join id=736256064826 l=[::1]:3001 r=[2a01:e0a:2df:12f0:1d2d:1d48:f11e:d455]:63642
t=2026-06-20T13:03:09+0100 lvl=info msg="join connections" obj=join id=3867a7998a13 l=[::1]:3001 r=[2a01:e0a:2df:12f0:1d2d:1d48:f11e:d455]:63642
t=2026-06-20T13:03:09+0100 lvl=info msg="join connections" obj=join id=a419ef75ca99 l=[::1]:3001 r=[2a01:e0a:2df:12f0:1d2d:1d48:f11e:d455]:63642
t=2026-06-20T13:03:09+0100 lvl=info msg="join connections" obj=join id=2f427d48fd86 l=[::1]:3001 r=[2a01:e0a:2df:12f0:1d2d:1d48:f11e:d455]:63642
t=2026-06-20T13:03:09+0100 lvl=info msg="join connections" obj=join id=c6f91abc2132 l=[::1]:3001 r=[2a01:e0a:2df:12f0:1d2d:1d48:f11e:d455]:63642
t=2026-06-20T13:03:09+0100 lvl=info msg="join connections" obj=join id=8ef796240f18 l=[::1]:3001 r=[2a01:e0a:2df:12f0:1d2d:1d48:f11e:d455]:63642
t=2026-06-20T13:03:09+0100 lvl=info msg="join connections" obj=join id=47a50bbf1fbb l=[::1]:3001 r=[2a01:e0a:2df:12f0:1d2d:1d48:f11e:d455]:63642
t=2026-06-20T13:03:09+0100 lvl=info msg="join connections" obj=join id=cd901cdc2a14 l=[::1]:3001 r=[2a01:e0a:2df:12f0:1d2d:1d48:f11e:d455]:63642
t=2026-06-20T13:03:09+0100 lvl=info msg="join connections" obj=join id=121525d67315 l=[::1]:3001 r=[2a01:e0a:2df:12f0:1d2d:1d48:f11e:d455]:63642
t=2026-06-20T13:03:09+0100 lvl=info msg="join connections" obj=join id=b9ab9c3fc2f7 l=[::1]:3001 r=[2a01:e0a:2df:12f0:1d2d:1d48:f11e:d455]:63642
t=2026-06-20T13:03:09+0100 lvl=info msg="join connections" obj=join id=93f7e3bc9c23 l=[::1]:3001 r=[2a01:e0a:2df:12f0:1d2d:1d48:f11e:d455]:63642
t=2026-06-20T13:03:09+0100 lvl=info msg="join connections" obj=join id=118d7b9bd4a6 l=[::1]:3001 r=[2a01:e0a:2df:12f0:1d2d:1d48:f11e:d455]:63642
t=2026-06-20T13:03:09+0100 lvl=info msg="join connections" obj=join id=0cea75fec460 l=[::1]:3001 r=[2a01:e0a:2df:12f0:1d2d:1d48:f11e:d455]:63642
t=2026-06-20T13:03:09+0100 lvl=info msg="join connections" obj=join id=81643c52288b l=[::1]:3001 r=[2a01:e0a:2df:12f0:1d2d:1d48:f11e:d455]:63642
t=2026-06-20T13:03:09+0100 lvl=info msg="join connections" obj=join id=b1475d24c5ab l=[::1]:3001 r=[2a01:e0a:2df:12f0:1d2d:1d48:f11e:d455]:63642
t=2026-06-20T13:04:59+0100 lvl=info msg="join connections" obj=join id=bf55808cca50 l=[::1]:3001 r=[2a01:e0a:2df:12f0:1d2d:1d48:f11e:d455]:63642
t=2026-06-20T13:04:59+0100 lvl=info msg="join connections" obj=join id=e61a8f5dfd68 l=[::1]:3001 r=[2a01:e0a:2df:12f0:1d2d:1d48:f11e:d455]:63642
t=2026-06-20T13:04:59+0100 lvl=info msg="join connections" obj=join id=5e745d8aab64 l=[::1]:3001 r=[2a01:e0a:2df:12f0:1d2d:1d48:f11e:d455]:63642
t=2026-06-20T13:04:59+0100 lvl=info msg="join connections" obj=join id=359457610390 l=[::1]:3001 r=[2a01:e0a:2df:12f0:1d2d:1d48:f11e:d455]:63642
t=2026-06-20T13:04:59+0100 lvl=info msg="join connections" obj=join id=06e4defdfad3 l=[::1]:3001 r=[2a01:e0a:2df:12f0:1d2d:1d48:f11e:d455]:63642
t=2026-06-20T13:04:59+0100 lvl=info msg="join connections" obj=join id=f4f657613f42 l=[::1]:3001 r=[2a01:e0a:2df:12f0:1d2d:1d48:f11e:d455]:63642
t=2026-06-20T13:04:59+0100 lvl=info msg="join connections" obj=join id=1776dd95c892 l=[::1]:3001 r=[2a01:e0a:2df:12f0:1d2d:1d48:f11e:d455]:63642
t=2026-06-20T13:04:59+0100 lvl=info msg="join connections" obj=join id=d9894d8cfbcf l=[::1]:3001 r=[2a01:e0a:2df:12f0:1d2d:1d48:f11e:d455]:63642
t=2026-06-20T13:05:00+0100 lvl=info msg="join connections" obj=join id=5469074ee2f9 l=[::1]:3001 r=[2a01:e0a:2df:12f0:1d2d:1d48:f11e:d455]:63642
t=2026-06-20T13:05:00+0100 lvl=info msg="join connections" obj=join id=6471139a1611 l=[::1]:3001 r=[2a01:e0a:2df:12f0:1d2d:1d48:f11e:d455]:63642
t=2026-06-20T13:05:09+0100 lvl=info msg="join connections" obj=join id=3640716f1f42 l=[::1]:3001 r=[2a01:e0a:2df:12f0:1d2d:1d48:f11e:d455]:63642
t=2026-06-20T13:05:10+0100 lvl=info msg="join connections" obj=join id=2479e9a60153 l=[::1]:3001 r=[2a01:e0a:2df:12f0:1d2d:1d48:f11e:d455]:63642
t=2026-06-20T13:05:10+0100 lvl=info msg="join connections" obj=join id=586d547410c0 l=[::1]:3001 r=[2a01:e0a:2df:12f0:1d2d:1d48:f11e:d455]:63642
t=2026-06-20T13:05:10+0100 lvl=info msg="join connections" obj=join id=48a8d81f76a1 l=[::1]:3001 r=[2a01:e0a:2df:12f0:1d2d:1d48:f11e:d455]:63642
t=2026-06-20T13:05:10+0100 lvl=info msg="join connections" obj=join id=07edbacf8a8d l=[::1]:3001 r=[2a01:e0a:2df:12f0:1d2d:1d48:f11e:d455]:63642
t=2026-06-20T13:05:10+0100 lvl=info msg="join connections" obj=join id=22c91d082e34 l=[::1]:3001 r=[2a01:e0a:2df:12f0:1d2d:1d48:f11e:d455]:63642
t=2026-06-20T13:05:10+0100 lvl=info msg="join connections" obj=join id=e9a51538d5e6 l=[::1]:3001 r=[2a01:e0a:2df:12f0:1d2d:1d48:f11e:d455]:63642
t=2026-06-20T13:05:10+0100 lvl=info msg="join connections" obj=join id=1d4bd9d06792 l=[::1]:3001 r=[2a01:e0a:2df:12f0:1d2d:1d48:f11e:d455]:63642
t=2026-06-20T13:05:10+0100 lvl=info msg="join connections" obj=join id=5d0b03c0f167 l=[::1]:3001 r=[2a01:e0a:2df:12f0:1d2d:1d48:f11e:d455]:63642
t=2026-06-20T13:05:10+0100 lvl=info msg="join connections" obj=join id=dc12278f5851 l=[::1]:3001 r=[2a01:e0a:2df:12f0:1d2d:1d48:f11e:d455]:63642
t=2026-06-20T13:05:19+0100 lvl=info msg="join connections" obj=join id=dd224c3131ad l=[::1]:3001 r=[2a01:e0a:2df:12f0:1d2d:1d48:f11e:d455]:63642
t=2026-06-20T13:05:24+0100 lvl=info msg="join connections" obj=join id=14f94d578fa2 l=[::1]:3001 r=[2a01:e0a:2df:12f0:1d2d:1d48:f11e:d455]:63642
t=2026-06-20T13:05:24+0100 lvl=info msg="join connections" obj=join id=b4c497a439d6 l=[::1]:3001 r=[2a01:e0a:2df:12f0:1d2d:1d48:f11e:d455]:63642
t=2026-06-20T13:05:24+0100 lvl=info msg="join connections" obj=join id=771feaff18b9 l=[::1]:3001 r=[2a01:e0a:2df:12f0:1d2d:1d48:f11e:d455]:63642
t=2026-06-20T13:05:24+0100 lvl=info msg="join connections" obj=join id=ce0a2298732b l=[::1]:3001 r=[2a01:e0a:2df:12f0:1d2d:1d48:f11e:d455]:63642
t=2026-06-20T13:05:24+0100 lvl=info msg="join connections" obj=join id=0a2b12304886 l=[::1]:3001 r=[2a01:e0a:2df:12f0:1d2d:1d48:f11e:d455]:63642
t=2026-06-20T13:05:24+0100 lvl=info msg="join connections" obj=join id=d48395a0434c l=[::1]:3001 r=[2a01:e0a:2df:12f0:1d2d:1d48:f11e:d455]:63642
t=2026-06-20T13:05:24+0100 lvl=info msg="join connections" obj=join id=3631b54fca83 l=[::1]:3001 r=[2a01:e0a:2df:12f0:1d2d:1d48:f11e:d455]:63642
t=2026-06-20T13:05:24+0100 lvl=info msg="join connections" obj=join id=f1862ffc49fe l=[::1]:3001 r=[2a01:e0a:2df:12f0:1d2d:1d48:f11e:d455]:63642
t=2026-06-20T13:05:24+0100 lvl=info msg="join connections" obj=join id=f9b34e215bb1 l=[::1]:3001 r=[2a01:e0a:2df:12f0:1d2d:1d48:f11e:d455]:63642
t=2026-06-20T13:05:32+0100 lvl=info msg="join connections" obj=join id=e0d68c6f9d4f l=[::1]:3001 r=[2a01:e0a:2df:12f0:1d2d:1d48:f11e:d455]:63642
t=2026-06-20T13:05:33+0100 lvl=info msg="join connections" obj=join id=a6dfad180e21 l=[::1]:3001 r=[2a01:e0a:2df:12f0:1d2d:1d48:f11e:d455]:63642
t=2026-06-20T13:08:47+0100 lvl=info msg="join connections" obj=join id=4a30fca5602e l=[::1]:3001 r=[2a01:e0a:2df:12f0:1d2d:1d48:f11e:d455]:63642
t=2026-06-20T13:08:53+0100 lvl=info msg="join connections" obj=join id=d5a01b73ae23 l=[::1]:3001 r=[2a01:e0a:2df:12f0:1d2d:1d48:f11e:d455]:63642
t=2026-06-20T13:21:36+0100 lvl=eror msg="heartbeat timeout, terminating session" obj=tunnels.session obj=csess id=fa929eeeae02 clientid=f7fbaa4785bf30af9af54496a18fd84a
t=2026-06-20T13:21:36+0100 lvl=eror msg="session closed, starting reconnect loop" obj=tunnels.session obj=csess id=e956ee608946 err="session closed"
t=2026-06-20T13:21:46+0100 lvl=eror msg="failed to reconnect session" obj=tunnels.session err="failed to dial ngrok server with address \"connect.ngrok-agent.com:443\": dial tcp: lookup connect.ngrok-agent.com: i/o timeout"
t=2026-06-20T13:22:06+0100 lvl=eror msg="failed to reconnect session" obj=tunnels.session err="failed to send authentication request: failed to fetch CRL. errors encountered: timed out fetching CRL"
t=2026-06-20T13:22:21+0100 lvl=info msg="client session established" obj=tunnels.session
t=2026-06-20T13:22:21+0100 lvl=info msg="tunnel session started" obj=tunnels.session
t=2026-06-20T13:40:20+0100 lvl=info msg="join connections" obj=join id=1071f56b9040 l=[::1]:3001 r=105.106.20.57:62517
t=2026-06-20T13:40:21+0100 lvl=info msg="join connections" obj=join id=2f3556216501 l=[::1]:3001 r=105.106.20.57:62517
t=2026-06-20T13:40:21+0100 lvl=info msg="join connections" obj=join id=f233f76ecd1e l=[::1]:3001 r=105.106.20.57:62517
t=2026-06-20T13:40:21+0100 lvl=info msg="join connections" obj=join id=c9f310925c90 l=[::1]:3001 r=105.106.20.57:62517
t=2026-06-20T13:40:21+0100 lvl=info msg="join connections" obj=join id=97263f27f3aa l=[::1]:3001 r=105.106.20.57:62517
t=2026-06-20T13:40:21+0100 lvl=info msg="join connections" obj=join id=fa7a384deef0 l=[::1]:3001 r=105.106.20.57:62517
t=2026-06-20T13:40:21+0100 lvl=info msg="join connections" obj=join id=f2bdb2fda751 l=[::1]:3001 r=105.106.20.57:62517
t=2026-06-20T13:40:21+0100 lvl=info msg="join connections" obj=join id=54d9880d05a6 l=[::1]:3001 r=105.106.20.57:62517
t=2026-06-20T13:40:21+0100 lvl=info msg="join connections" obj=join id=5679f5cd5ee7 l=[::1]:3001 r=105.106.20.57:62517
t=2026-06-20T13:40:21+0100 lvl=info msg="join connections" obj=join id=3a1385a95f78 l=[::1]:3001 r=105.106.20.57:62517
t=2026-06-20T13:40:21+0100 lvl=info msg="join connections" obj=join id=8b77096f5ebf l=[::1]:3001 r=105.106.20.57:62517
t=2026-06-20T13:40:21+0100 lvl=info msg="join connections" obj=join id=fc4797206aee l=[::1]:3001 r=105.106.20.57:62517
t=2026-06-20T13:40:21+0100 lvl=info msg="join connections" obj=join id=699f92e4af18 l=[::1]:3001 r=105.106.20.57:62517
t=2026-06-20T13:40:22+0100 lvl=info msg="join connections" obj=join id=91ab31ab8077 l=[::1]:3001 r=105.106.20.57:62517
t=2026-06-20T13:40:22+0100 lvl=info msg="join connections" obj=join id=bb367f51fb3f l=[::1]:3001 r=105.106.20.57:62517
t=2026-06-20T13:40:22+0100 lvl=info msg="join connections" obj=join id=eff1aadb6fa2 l=[::1]:3001 r=105.106.20.57:62517
t=2026-06-20T13:40:34+0100 lvl=info msg="join connections" obj=join id=51a125e8d42b l=[::1]:3001 r=105.106.20.57:62517
t=2026-06-20T13:40:34+0100 lvl=info msg="join connections" obj=join id=a1388fce59fb l=[::1]:3001 r=105.106.20.57:62517
t=2026-06-20T13:40:35+0100 lvl=info msg="join connections" obj=join id=4bc3087b8bce l=[::1]:3001 r=105.106.20.57:62517
t=2026-06-20T13:40:35+0100 lvl=info msg="join connections" obj=join id=b58a915ecb96 l=[::1]:3001 r=105.106.20.57:62517
t=2026-06-20T13:41:15+0100 lvl=info msg="join connections" obj=join id=78b49f95b758 l=[::1]:3001 r=105.106.20.57:62517
t=2026-06-20T13:41:33+0100 lvl=info msg="join connections" obj=join id=40dde0db4f32 l=[::1]:3001 r=105.106.20.57:62517
t=2026-06-20T13:41:38+0100 lvl=info msg="join connections" obj=join id=fe3967e9c719 l=[::1]:3001 r=105.106.20.57:62517
t=2026-06-20T13:41:38+0100 lvl=info msg="join connections" obj=join id=bd915b190523 l=[::1]:3001 r=105.106.20.57:62517
t=2026-06-20T13:41:39+0100 lvl=info msg="join connections" obj=join id=fa2c7ef8a471 l=[::1]:3001 r=105.106.20.57:62517
t=2026-06-20T13:41:39+0100 lvl=info msg="join connections" obj=join id=a2dfec7ce71f l=[::1]:3001 r=105.106.20.57:62517
t=2026-06-20T13:41:39+0100 lvl=info msg="join connections" obj=join id=42aa60cdad8f l=[::1]:3001 r=105.106.20.57:62517
t=2026-06-20T13:41:39+0100 lvl=info msg="join connections" obj=join id=61aecbce2db9 l=[::1]:3001 r=105.106.20.57:62517
t=2026-06-20T14:04:13+0100 lvl=info msg="received stop request" obj=app stopReq="{err:<nil> restart:false}"
t=2026-06-20T14:04:13+0100 lvl=info msg="session closing" obj=tunnels.session err=nil
